Student_ID,Name,Age,Gender,City,Course,Study_Hours,Attendance,Assignments_Completed,Midterm_Score,Final_Score,Projects,Internship,Backlogs,Placement
1001,Aditya,20,Male,Chandigarh,B.Tech,7.7,88,11,72,72,4,Yes,0,Yes
1002,Isha,22,Female,Delhi,M.Tech,8.8,92,18,81,81,4,Yes,0,Yes
1003,Ananya,19,Female,Solan,B.Sc,8.2,88,14,74,80,4,Yes,0,Yes
1004,Diya,22,Female,Mumbai,BCA,6.3,78,13,68,64,2,No,1,No
1005,Dhruv,23,Male,Noida,MCA,4.1,73,6,54,44,1,No,2,No
1006,Krishna,19,Male,Chennai,B.Sc,7.0,83,14,67,68,4,Yes,0,No
1007,Krishna,18,Male,Noida,B.Tech,7.5,88,13,70,71,4,No,0,Yes
1008,Meera,22,Female,Gurugram,MCA,5.3,79,8,56,56,2,No,2,No
1009,Anika,20,Female,Bangalore,B.Sc,6.5,86,13,65,56,3,No,0,Yes
1010,Riya,21,Female,Shimla,B.Sc,6.4,83,13,67,60,3,Yes,0,No
1011,Vansh,25,Male,Kolkata,MCA,8.6,89,16,79,75,4,No,0,Yes
1012,Priya,22,Female,Pune,BCA,9.3,90,17,86,89,4,Yes,0,Yes
1013,Meera,20,Female,Mumbai,B.Sc,8.3,87,12,82,81,3,Yes,0,Yes
1014,Ishaan,19,Male,Pune,B.Sc,6.4,83,10,66,65,2,Yes,0,Yes
1015,Kabir,18,Male,Hyderabad,BCA,8.2,88,14,79,73,3,No,0,Yes
1016,Reyansh,19,Male,Gurugram,B.Tech,7.5,83,13,81,75,3,Yes,0,Yes
1017,Krishna,19,Male,Jaipur,B.Sc,6.4,85,13,68,58,3,No,0,No
1018,Neha,18,Female,Chandigarh,B.Tech,9.6,94,17,84,81,4,Yes,0,Yes
1019,Kabir,22,Male,Chandigarh,B.Sc,5.4,80,7,59,55,2,No,1,No
1020,Aarav,22,Male,Chennai,MCA,7.4,83,9,64,65,2,No,0,No
1021,Sanya,21,Female,Mumbai,B.Tech,7.8,84,13,75,73,3,No,0,Yes
1022,Dhruv,21,Male,Ahmedabad,B.Tech,6.1,81,10,61,56,2,No,2,No
1023,Krishna,20,Male,Delhi,B.Tech,7.3,79,14,65,66,3,Yes,0,Yes
1024,Arjun,20,Male,Chandigarh,BCA,7.9,90,12,72,71,4,Yes,0,Yes
1025,Krishna,21,Male,Hyderabad,M.Tech,6.9,82,10,72,72,4,No,0,Yes
1026,Anushka,18,Female,Ahmedabad,BCA,7.2,84,14,69,65,3,No,1,No
1027,Vivaan,20,Male,Chennai,B.Tech,6.7,85,14,71,61,4,No,0,No
1028,Vansh,19,Male,Pune,B.Sc,7.7,86,11,74,73,3,No,0,No
1029,Sanya,22,Female,Chennai,B.Sc,6.2,78,10,63,61,3,No,0,Yes
1030,Vansh,21,Male,Kolkata,BCA,6.0,86,12,63,56,2,No,0,No
1031,Diya,18,Female,Gurugram,B.Sc,6.5,78,13,66,61,3,No,0,No
1032,Rahul,20,Male,Kolkata,B.Tech,8.3,82,14,73,73,3,Yes,0,Yes
1033,Dhruv,21,Male,Noida,B.Sc,3.9,76,9,51,43,1,No,2,No
1034,Anika,18,Female,Bangalore,B.Tech,5.1,73,9,59,50,2,No,2,No
1035,Kavya,18,Female,Gurugram,B.Tech,9.9,98,19,94,90,5,Yes,0,Yes
1036,Kavya,22,Female,Bangalore,MCA,6.9,85,11,67,67,4,Yes,0,Yes
1037,Krishna,18,Male,Chennai,BCA,5.9,81,11,63,57,2,No,2,No
1038,Vivaan,22,Male,Solan,B.Tech,7.7,85,12,75,73,3,Yes,0,Yes
1039,Simran,21,Female,Mumbai,M.Tech,5.3,76,9,58,53,2,Yes,1,No
1040,Vivaan,22,Male,Pune,B.Sc,3.3,70,5,48,40,2,No,2,No
1041,Ishaan,19,Male,Delhi,B.Tech,7.0,82,13,71,67,3,No,1,No
1042,Vivaan,22,Male,Bangalore,B.Sc,5.4,83,13,68,58,3,No,0,No
1043,Aditya,24,Male,Gurugram,MCA,6.7,81,16,75,71,3,Yes,0,Yes
1044,Ananya,18,Female,Shimla,B.Sc,7.0,86,12,69,70,3,Yes,0,Yes
1045,Krishna,20,Male,Chandigarh,B.Tech,6.7,86,14,75,71,3,No,0,Yes
1046,Riya,20,Female,Chennai,B.Sc,3.9,71,5,50,41,3,No,3,No
1047,Shaurya,22,Male,Noida,B.Sc,6.5,84,12,65,58,4,No,1,No
1048,Simran,22,Female,Delhi,MCA,7.2,83,12,72,64,4,Yes,0,No
1049,Tara,22,Female,Gurugram,B.Tech,4.4,75,7,51,47,3,No,4,No
1050,Krishna,22,Male,Bangalore,B.Sc,4.2,73,12,50,43,2,No,2,No
1051,Neha,22,Female,Noida,B.Tech,4.9,75,8,50,44,2,No,3,No
1052,Riya,21,Female,Pune,B.Sc,7.6,87,13,73,76,3,Yes,0,Yes
1053,Aadhya,24,Female,Chennai,M.Tech,3.5,69,5,49,43,1,No,2,No
1054,Priya,22,Female,Delhi,B.Tech,7.7,90,13,77,74,3,Yes,0,Yes
1055,Anushka,19,Female,Chennai,B.Tech,7.1,82,11,70,68,3,Yes,1,No
1056,Ananya,18,Female,Delhi,BCA,6.1,78,11,69,68,3,No,0,No
1057,Shaurya,20,Male,Pune,B.Sc,4.3,74,8,60,51,2,No,2,No
1058,Aarav,21,Male,Chennai,B.Tech,5.3,77,10,59,56,2,No,1,No
1059,Ayaan,18,Male,Ahmedabad,B.Sc,7.7,88,14,80,78,4,No,0,Yes
1060,Ishaan,24,Male,Bangalore,MCA,8.4,90,14,79,82,3,No,0,Yes
1061,Rohan,21,Male,Pune,B.Sc,5.0,73,8,55,50,3,No,2,No
1062,Krishna,21,Male,Noida,B.Sc,8.2,92,15,82,82,5,No,0,Yes
1063,Diya,22,Female,Jaipur,BCA,7.5,85,13,71,63,3,No,0,Yes
1064,Aarav,25,Male,Jaipur,MCA,6.5,83,11,56,63,1,Yes,1,No
1065,Kabir,21,Male,Kolkata,B.Tech,5.4,86,9,60,56,1,Yes,0,Yes
1066,Anika,21,Female,Noida,B.Tech,5.6,83,12,55,55,3,No,0,No
1067,Shaurya,20,Male,Kolkata,BCA,9.2,93,20,82,78,5,Yes,0,Yes
1068,Sanya,18,Female,Pune,B.Sc,6.8,80,12,64,58,4,No,0,No
1069,Vansh,21,Male,Kolkata,MCA,8.5,86,14,75,73,4,Yes,0,Yes
1070,Aadhya,19,Female,Bangalore,B.Tech,6.9,88,12,65,63,3,No,1,No
1071,Priya,22,Female,Kolkata,MCA,5.8,79,12,56,53,2,No,2,No
1072,Ishaan,22,Male,Chennai,MCA,7.4,85,13,68,65,4,No,0,No
1073,Aarav,22,Male,Mumbai,BCA,9.7,91,18,83,83,4,Yes,0,Yes
1074,Meera,22,Female,Chennai,B.Sc,5.5,81,9,59,48,2,No,2,No
1075,Anika,20,Female,Mumbai,B.Tech,7.9,91,12,77,75,4,Yes,0,Yes
1076,Kavya,22,Female,Gurugram,B.Tech,6.8,88,13,72,66,3,No,1,No
1077,Sanya,22,Female,Bangalore,MCA,4.3,74,8,47,46,3,No,2,No
1078,Krishna,21,Male,Chandigarh,BCA,4.3,77,9,49,43,2,No,2,No
1079,Krishna,19,Male,Mumbai,B.Tech,5.8,80,8,68,60,3,No,1,No
1080,Dhruv,20,Male,Jaipur,B.Sc,7.0,87,15,73,69,4,No,0,Yes
1081,Sanya,24,Female,Pune,MCA,7.8,87,14,71,72,3,No,0,Yes
1082,Aadhya,22,Female,Jaipur,B.Sc,4.1,72,5,44,44,1,No,3,No
1083,Rohan,21,Male,Bangalore,B.Tech,7.5,90,15,72,69,2,No,1,No
1084,Aditya,20,Male,Kolkata,BCA,6.3,82,11,63,61,2,No,0,Yes
1085,Ishaan,22,Male,Kolkata,B.Sc,6.5,82,12,68,64,2,Yes,1,No
1086,Rohan,18,Male,Mumbai,B.Tech,7.4,86,13,62,62,4,No,0,No
1087,Isha,19,Female,Hyderabad,B.Tech,9.1,90,16,78,73,4,No,0,Yes
1088,Riya,19,Female,Solan,BCA,7.0,86,13,77,71,3,Yes,0,Yes
1089,Aadhya,20,Female,Kolkata,B.Sc,4.5,75,6,53,45,1,No,2,No
1090,Kabir,20,Male,Chandigarh,B.Tech,6.2,79,12,63,62,3,No,0,Yes
1091,Rohan,19,Male,Solan,B.Tech,7.8,94,14,74,69,4,No,0,Yes
1092,Diya,21,Female,Jaipur,B.Tech,7.8,84,15,76,71,4,No,0,Yes
1093,Simran,18,Female,Mumbai,B.Tech,7.5,87,15,65,63,5,No,0,Yes
1094,Diya,18,Female,Bangalore,B.Tech,5.7,80,10,59,57,3,No,1,No
1095,Isha,20,Female,Chennai,BCA,4.4,72,8,42,40,2,No,2,No
1096,Vivaan,20,Male,Shimla,BCA,7.4,85,11,71,70,3,No,0,Yes
1097,Isha,21,Female,Ahmedabad,BCA,4.7,72,7,51,40,4,No,2,No
1098,Arjun,20,Male,Gurugram,BCA,7.5,92,14,68,73,4,Yes,0,Yes
1099,Ayaan,18,Male,Ahmedabad,B.Tech,7.5,85,14,76,69,4,Yes,0,Yes
1100,Shaurya,19,Male,Bangalore,BCA,5.8,80,11,64,61,3,No,0,Yes
1101,Dhruv,18,Male,Chandigarh,B.Tech,6.3,88,13,71,66,3,No,1,No
1102,Neha,21,Female,Bangalore,B.Tech,6.8,81,12,60,62,4,Yes,1,No
1103,Arjun,19,Male,Pune,B.Tech,5.6,83,11,57,51,2,No,2,No
1104,Rohan,22,Male,Hyderabad,M.Tech,4.4,77,8,58,49,4,No,1,No
1105,Priya,18,Female,Chandigarh,B.Tech,6.4,76,11,66,63,2,Yes,1,No
1106,Rahul,22,Male,Solan,M.Tech,6.6,82,12,71,66,3,Yes,0,Yes
1107,Reyansh,19,Male,Noida,BCA,8.5,91,14,78,74,5,Yes,1,Yes
1108,Ananya,20,Female,Ahmedabad,BCA,5.3,79,9,58,55,2,Yes,1,No
1109,Ishaan,19,Male,Jaipur,B.Sc,8.1,88,14,78,82,4,Yes,0,Yes
1110,Aditya,21,Male,Mumbai,B.Tech,4.8,75,8,49,45,2,No,4,No
1111,Rahul,19,Male,Pune,B.Tech,4.5,74,5,53,49,2,No,4,No
1112,Arjun,23,Male,Noida,M.Tech,6.0,80,11,72,65,2,No,0,Yes
1113,Sanya,22,Female,Delhi,BCA,5.1,84,8,58,52,3,No,2,Yes
1114,Anushka,22,Female,Pune,B.Tech,4.5,73,8,45,45,2,No,2,No
1115,Aadhya,21,Female,Delhi,B.Tech,9.4,91,15,85,86,3,No,0,Yes
1116,Aadhya,24,Female,Shimla,MCA,5.8,80,11,57,53,2,No,3,No
1117,Neha,22,Female,Shimla,MCA,10.0,91,18,86,91,4,No,0,Yes
1118,Kabir,19,Male,Ahmedabad,BCA,5.0,79,8,61,54,3,No,4,No
1119,Aadhya,22,Female,Solan,B.Tech,3.9,70,7,50,47,1,No,1,No
1120,Isha,25,Female,Mumbai,MCA,8.4,86,16,74,75,4,No,0,No
1121,Ananya,18,Female,Gurugram,B.Tech,5.4,75,10,60,55,4,No,1,No
1122,Meera,22,Female,Gurugram,BCA,6.7,79,13,58,58,4,No,0,No
1123,Aditya,22,Male,Ahmedabad,B.Sc,4.5,80,7,55,51,1,No,1,No
1124,Rohan,21,Male,Chennai,BCA,6.4,84,12,64,58,2,No,0,Yes
1125,Shaurya,18,Male,Ahmedabad,B.Sc,4.4,78,8,44,43,1,No,2,No
1126,Rahul,21,Male,Bangalore,MCA,6.4,85,10,61,63,3,Yes,0,Yes
1127,Kavya,19,Female,Bangalore,B.Sc,5.8,80,9,61,58,2,Yes,0,No
1128,Neha,19,Female,Gurugram,BCA,6.8,84,14,71,61,3,No,1,No
1129,Vansh,18,Male,Jaipur,B.Tech,7.4,89,16,73,66,4,Yes,0,No
1130,Dhruv,18,Male,Noida,B.Tech,6.9,89,13,69,66,3,No,0,Yes
1131,Kabir,19,Male,Hyderabad,B.Tech,7.2,81,12,72,66,3,No,0,No
1132,Vansh,21,Male,Ahmedabad,BCA,6.3,90,13,69,66,3,No,0,No
1133,Rohan,21,Male,Delhi,BCA,5.8,76,11,63,57,2,No,0,No
1134,Aditya,21,Male,Shimla,B.Tech,7.2,84,13,72,70,2,No,1,No
1135,Simran,21,Female,Ahmedabad,B.Tech,6.3,82,14,61,64,3,No,0,No
1136,Kabir,19,Male,Mumbai,B.Tech,6.4,83,10,68,63,2,No,1,No
1137,Arjun,20,Male,Chennai,BCA,7.1,91,14,76,67,4,No,0,No
1138,Anushka,22,Female,Jaipur,BCA,5.0,81,8,63,56,1,No,1,No
1139,Aditya,22,Male,Ahmedabad,BCA,8.6,91,15,77,77,4,Yes,0,Yes
1140,Meera,22,Female,Shimla,B.Sc,6.1,84,15,63,60,3,No,0,No
1141,Priya,22,Female,Gurugram,B.Sc,6.7,84,13,71,70,4,No,1,Yes
1142,Arjun,19,Male,Jaipur,BCA,6.4,80,14,67,59,3,No,1,No
1143,Ayaan,20,Male,Noida,B.Tech,7.5,88,14,71,72,4,No,0,Yes
1144,Reyansh,19,Male,Mumbai,BCA,7.0,85,13,66,62,4,Yes,0,Yes
1145,Ishaan,20,Male,Noida,BCA,6.4,80,11,62,64,3,No,1,No
1146,Vivaan,19,Male,Gurugram,B.Tech,8.7,94,17,81,73,4,No,0,Yes
1147,Anika,21,Female,Shimla,M.Tech,3.0,70,5,40,41,3,No,2,No
1148,Vansh,20,Male,Ahmedabad,BCA,8.4,86,15,78,75,3,No,0,No
1149,Dhruv,22,Male,Kolkata,B.Sc,7.9,85,14,67,64,5,Yes,1,No
1150,Vansh,20,Male,Solan,BCA,3.7,75,7,45,43,2,No,4,No
1151,Anika,21,Female,Bangalore,B.Tech,7.9,91,14,77,75,4,No,0,Yes
1152,Aarav,20,Male,Hyderabad,B.Tech,8.1,90,15,73,74,4,Yes,0,Yes
1153,Arjun,21,Male,Ahmedabad,B.Sc,7.3,87,13,70,70,4,Yes,0,Yes
1154,Kabir,21,Male,Kolkata,B.Tech,4.2,72,5,49,44,1,No,1,No
1155,Meera,18,Female,Kolkata,B.Tech,7.5,87,14,81,74,3,Yes,0,Yes
1156,Dhruv,23,Male,Pune,M.Tech,8.0,87,14,70,67,3,No,0,No
1157,Priya,18,Female,Chennai,BCA,5.6,79,5,61,56,4,No,0,Yes
1158,Sanya,22,Female,Mumbai,B.Tech,7.2,85,11,66,63,3,Yes,2,No
1159,Aditya,20,Male,Pune,B.Tech,6.0,79,10,57,55,4,No,1,No
1160,Isha,19,Female,Kolkata,BCA,7.8,90,16,71,70,3,No,1,Yes
1161,Ishaan,19,Male,Mumbai,B.Tech,6.0,78,12,61,63,2,Yes,0,No
1162,Tara,19,Female,Pune,B.Tech,5.6,76,9,64,56,2,Yes,1,No
1163,Riya,21,Female,Ahmedabad,BCA,6.4,80,11,69,63,2,No,1,No
1164,Anushka,19,Female,Pune,B.Tech,4.5,78,10,52,46,3,No,1,No
1165,Dhruv,22,Male,Chandigarh,B.Sc,6.3,83,10,64,56,2,No,0,Yes
1166,Isha,20,Female,Bangalore,B.Sc,7.0,79,11,69,75,3,No,0,Yes
1167,Aarav,20,Male,Jaipur,B.Tech,7.8,89,15,75,69,5,No,0,Yes
1168,Ayaan,21,Male,Hyderabad,B.Tech,6.9,84,14,66,65,5,No,0,Yes
1169,Aarav,21,Male,Jaipur,BCA,4.4,74,7,54,53,2,No,2,No
1170,Priya,21,Female,Gurugram,BCA,8.5,89,16,85,77,4,No,0,No
1171,Priya,22,Female,Chandigarh,B.Tech,8.7,86,16,82,82,3,Yes,0,Yes
1172,Kabir,20,Male,Bangalore,B.Tech,6.7,84,11,73,63,3,No,1,No
1173,Aarav,21,Male,Mumbai,M.Tech,5.4,75,11,56,50,4,No,1,No
1174,Arjun,21,Male,Gurugram,B.Tech,5.7,79,9,56,55,3,No,0,No
1175,Isha,22,Female,Mumbai,M.Tech,6.2,81,12,55,54,4,Yes,3,No
1176,Aditya,18,Male,Noida,B.Tech,6.9,86,13,61,65,4,No,0,No
1177,Ananya,18,Female,Jaipur,B.Tech,6.0,81,11,62,59,4,No,1,No
1178,Vivaan,21,Male,Chennai,BCA,5.2,80,9,60,56,4,No,0,Yes
1179,Aadhya,19,Female,Hyderabad,B.Tech,8.0,84,13,77,72,3,No,0,No
1180,Aditya,21,Male,Solan,B.Tech,6.9,84,12,69,62,4,No,1,No
1181,Reyansh,21,Male,Solan,B.Tech,4.9,79,8,53,45,2,No,2,No
1182,Dhruv,22,Male,Chennai,M.Tech,6.9,88,13,72,65,1,No,0,No
1183,Neha,18,Female,Shimla,BCA,6.7,80,10,61,58,3,No,1,No
1184,Isha,18,Female,Chennai,BCA,5.4,76,9,53,54,3,Yes,3,No
1185,Vansh,19,Male,Hyderabad,B.Sc,8.3,91,16,80,78,4,Yes,0,Yes
1186,Isha,18,Female,Shimla,B.Sc,6.7,88,11,64,58,3,No,2,No
1187,Simran,22,Female,Jaipur,B.Sc,6.2,83,12,61,57,3,No,0,Yes
1188,Riya,21,Female,Chandigarh,B.Tech,6.4,79,13,60,58,3,Yes,1,No
1189,Meera,22,Female,Chennai,B.Tech,7.2,82,11,69,75,5,No,0,Yes
1190,Rohan,22,Male,Chandigarh,B.Tech,6.4,83,10,68,63,3,No,0,No
1191,Arjun,22,Male,Jaipur,B.Tech,6.4,83,10,68,65,3,No,0,No
1192,Priya,20,Female,Chandigarh,B.Tech,8.1,88,15,73,69,3,No,0,No
1193,Anika,20,Female,Ahmedabad,B.Tech,4.4,72,8,50,48,1,No,3,No
1194,Priya,25,Female,Mumbai,M.Tech,4.6,79,6,58,55,1,Yes,1,No
1195,Shaurya,24,Male,Noida,M.Tech,7.7,86,13,71,69,3,Yes,0,Yes
1196,Rohan,22,Male,Chennai,B.Tech,10.0,97,18,85,88,5,No,0,Yes
1197,Anika,22,Female,Noida,B.Tech,7.8,82,14,69,70,4,No,0,Yes
1198,Simran,20,Female,Noida,B.Tech,9.3,96,19,82,82,4,Yes,0,Yes
1199,Anushka,22,Female,Solan,B.Tech,5.8,78,9,60,60,1,Yes,0,Yes
1200,Riya,21,Female,Chennai,B.Tech,5.5,83,10,61,53,2,No,3,No
1201,Anika,24,Female,Chandigarh,M.Tech,7.2,87,11,70,65,4,No,0,No
1202,Arjun,22,Male,Bangalore,B.Tech,7.9,83,14,69,69,3,No,0,Yes
1203,Aditya,21,Male,Chennai,B.Tech,4.5,76,8,49,44,2,No,4,No
1204,Priya,22,Female,Pune,B.Tech,6.2,87,12,68,54,2,Yes,3,No
1205,Ananya,23,Female,Chandigarh,M.Tech,6.5,81,11,66,60,3,No,0,Yes
1206,Vansh,25,Male,Kolkata,MCA,5.5,84,11,59,48,3,No,1,No
1207,Krishna,18,Male,Hyderabad,B.Sc,5.7,81,9,61,56,2,No,0,No
1208,Diya,20,Female,Delhi,BCA,7.8,91,13,80,77,4,Yes,0,Yes
1209,Vivaan,21,Male,Gurugram,B.Tech,7.2,86,13,70,67,4,No,0,Yes
1210,Ishaan,21,Male,Pune,B.Tech,7.7,87,17,73,71,5,No,0,Yes
1211,Anushka,20,Female,Shimla,BCA,7.0,90,10,77,70,2,Yes,0,Yes
1212,Ananya,18,Female,Pune,B.Sc,5.2,80,8,62,56,3,No,2,No
1213,Priya,20,Female,Kolkata,B.Tech,7.1,84,13,67,74,2,Yes,0,Yes
1214,Aditya,19,Male,Kolkata,B.Tech,5.1,79,11,61,53,3,No,2,No
1215,Neha,18,Female,Delhi,BCA,6.0,79,11,61,58,3,No,0,No
1216,Vivaan,20,Male,Hyderabad,B.Tech,4.9,77,8,51,45,1,No,4,No
1217,Krishna,19,Male,Noida,BCA,5.6,83,11,66,53,3,No,3,No
1218,Aadhya,22,Female,Ahmedabad,BCA,6.6,83,13,63,62,3,Yes,0,No
1219,Anika,18,Female,Shimla,B.Tech,5.8,78,9,58,58,2,Yes,0,Yes
1220,Sanya,22,Female,Pune,BCA,5.2,75,11,54,58,2,No,0,Yes
1221,Ananya,22,Female,Hyderabad,MCA,8.2,89,15,85,79,5,No,0,No
1222,Anika,21,Female,Bangalore,B.Tech,6.3,80,9,60,57,3,No,0,No
1223,Vivaan,21,Male,Kolkata,B.Tech,5.7,76,10,56,56,2,No,2,No
1224,Vansh,21,Male,Noida,B.Tech,4.9,74,8,53,54,2,No,3,No
1225,Reyansh,22,Male,Pune,B.Sc,3.7,76,9,51,40,1,No,2,No
1226,Ishaan,21,Male,Chandigarh,MCA,6.2,81,9,63,61,2,Yes,0,Yes
1227,Simran,22,Female,Pune,BCA,4.4,76,7,50,51,3,No,1,No
1228,Arjun,22,Male,Hyderabad,B.Tech,7.6,84,14,74,70,4,Yes,0,Yes
1229,Sanya,24,Female,Gurugram,M.Tech,6.5,81,15,70,61,3,No,1,No
1230,Riya,22,Female,Solan,B.Sc,8.8,89,19,73,77,4,Yes,0,Yes
1231,Simran,19,Female,Gurugram,BCA,6.8,83,12,64,58,4,No,0,No
1232,Kabir,20,Male,Mumbai,B.Tech,5.4,74,10,59,58,3,No,0,Yes
1233,Riya,20,Female,Hyderabad,B.Tech,3.7,76,8,44,45,1,No,2,No
1234,Kabir,20,Male,Chandigarh,B.Sc,7.7,87,12,73,69,3,No,0,No
1235,Ishaan,21,Male,Bangalore,BCA,4.6,77,8,59,56,2,No,1,No
1236,Isha,21,Female,Noida,BCA,5.9,83,13,65,62,2,No,1,No
1237,Reyansh,20,Male,Bangalore,B.Tech,9.0,94,16,85,87,5,No,0,Yes
1238,Dhruv,18,Male,Pune,BCA,7.4,84,16,74,68,2,Yes,0,Yes
1239,Sanya,23,Female,Bangalore,MCA,7.1,87,12,72,70,3,No,0,Yes
1240,Kabir,25,Male,Kolkata,M.Tech,7.9,89,14,74,73,2,No,0,Yes
1241,Anika,20,Female,Gurugram,B.Tech,7.9,89,14,79,73,4,No,1,Yes
1242,Sanya,20,Female,Solan,B.Sc,8.9,94,14,80,78,4,Yes,0,Yes
1243,Sanya,18,Female,Solan,BCA,5.6,82,12,60,57,4,No,0,No
1244,Aditya,24,Male,Jaipur,MCA,5.9,83,10,56,51,2,No,1,No
1245,Ayaan,21,Male,Jaipur,B.Sc,5.1,82,10,56,48,2,No,2,No
1246,Aadhya,25,Female,Delhi,M.Tech,6.5,83,11,66,59,2,No,0,No
1247,Vansh,23,Male,Chandigarh,M.Tech,6.3,82,14,64,58,3,Yes,0,Yes
1248,Sanya,19,Female,Noida,B.Tech,3.9,76,9,54,47,1,No,2,No
1249,Simran,22,Female,Bangalore,B.Sc,5.5,79,10,57,52,3,No,1,No
1250,Diya,21,Female,Bangalore,BCA,8.7,92,14,79,82,4,Yes,0,Yes
1251,Ishaan,18,Male,Delhi,B.Tech,6.9,82,14,65,59,4,No,0,No
1252,Shaurya,21,Male,Mumbai,B.Tech,7.6,80,15,71,71,4,Yes,0,Yes
1253,Aadhya,21,Female,Hyderabad,B.Tech,6.3,84,10,71,64,3,Yes,0,Yes
1254,Kabir,18,Male,Pune,B.Sc,3.7,68,6,40,40,3,No,4,No
1255,Dhruv,20,Male,Delhi,B.Tech,6.3,80,11,62,61,3,Yes,0,Yes
1256,Tara,23,Female,Hyderabad,MCA,8.1,91,16,75,65,4,Yes,0,Yes
1257,Ananya,21,Female,Solan,B.Sc,4.7,79,8,47,40,1,No,2,No
1258,Anushka,22,Female,Delhi,B.Sc,7.6,90,15,74,71,4,No,0,Yes
1259,Sanya,19,Female,Bangalore,B.Tech,3.9,68,6,45,40,2,No,1,No
1260,Reyansh,22,Male,Pune,BCA,6.5,84,10,64,57,4,No,1,No
1261,Isha,22,Female,Jaipur,BCA,7.3,85,16,66,71,4,No,0,Yes
1262,Isha,21,Female,Noida,B.Tech,6.0,84,9,63,55,2,No,1,No
1263,Rahul,24,Male,Ahmedabad,MCA,10.0,99,17,85,84,4,No,0,No
1264,Arjun,19,Male,Chandigarh,B.Sc,5.8,76,12,56,57,2,Yes,0,No
1265,Simran,19,Female,Gurugram,B.Tech,5.6,80,9,59,53,3,No,2,No
1266,Diya,22,Female,Gurugram,MCA,6.8,86,11,72,64,4,Yes,2,No
1267,Neha,21,Female,Chandigarh,B.Tech,5.4,78,9,60,56,3,No,0,No
1268,Isha,21,Female,Chennai,BCA,4.3,80,5,56,46,4,No,2,No
1269,Vivaan,22,Male,Delhi,BCA,4.9,76,11,63,56,3,No,0,No
1270,Vivaan,21,Male,Ahmedabad,B.Tech,7.6,86,14,74,73,3,No,0,Yes
1271,Tara,20,Female,Chandigarh,B.Sc,6.0,78,10,57,56,2,No,0,No
1272,Diya,20,Female,Solan,B.Sc,9.1,92,14,80,83,3,No,0,No
1273,Tara,19,Female,Bangalore,B.Sc,5.8,71,8,54,52,2,No,3,No
1274,Neha,21,Female,Chandigarh,B.Tech,7.6,86,11,72,68,3,No,0,No
1275,Rohan,20,Male,Shimla,B.Tech,7.3,89,13,70,67,3,No,1,No
1276,Aarav,22,Male,Solan,B.Tech,5.8,76,11,56,45,2,No,3,No
1277,Riya,21,Female,Solan,M.Tech,5.2,73,10,59,54,2,No,1,No
1278,Riya,22,Female,Kolkata,B.Tech,3.9,77,8,54,45,4,Yes,3,Yes
1279,Meera,18,Female,Jaipur,BCA,7.3,89,14,73,70,4,Yes,0,Yes
1280,Isha,25,Female,Delhi,MCA,8.3,85,17,71,69,4,No,0,Yes
1281,Aadhya,20,Female,Mumbai,B.Sc,4.1,80,9,53,50,3,No,1,No
1282,Aditya,24,Male,Ahmedabad,MCA,5.9,82,12,60,56,2,No,0,Yes
1283,Arjun,21,Male,Solan,M.Tech,5.5,82,10,65,61,2,Yes,0,Yes
1284,Ishaan,21,Male,Ahmedabad,BCA,7.3,83,14,65,63,4,No,1,No
1285,Meera,21,Female,Chandigarh,B.Tech,6.0,85,10,67,63,3,Yes,0,Yes
1286,Vansh,20,Male,Pune,B.Tech,8.5,89,15,81,74,4,Yes,0,Yes
1287,Krishna,19,Male,Gurugram,B.Tech,5.9,80,13,65,53,2,No,4,No
1288,Sanya,19,Female,Chennai,BCA,4.6,78,7,55,48,2,No,1,No
1289,Aarav,18,Male,Bangalore,B.Tech,5.8,79,9,59,56,2,No,0,No
1290,Isha,20,Female,Mumbai,B.Sc,6.0,76,10,70,63,2,No,0,No
1291,Aarav,21,Male,Jaipur,B.Tech,7.3,86,12,67,65,5,No,0,No
1292,Arjun,22,Male,Solan,B.Tech,5.9,80,10,64,58,4,Yes,2,No
1293,Sanya,22,Female,Bangalore,B.Sc,7.2,83,13,69,69,4,No,0,No
1294,Vansh,18,Male,Jaipur,B.Tech,5.3,82,10,61,61,2,Yes,0,Yes
1295,Reyansh,18,Male,Noida,B.Sc,6.1,89,12,67,69,2,No,0,No
1296,Ananya,21,Female,Bangalore,M.Tech,5.3,76,13,53,54,2,Yes,3,Yes
1297,Meera,20,Female,Hyderabad,B.Sc,5.2,79,9,52,43,3,No,1,No
1298,Reyansh,22,Male,Chandigarh,B.Tech,8.4,88,15,72,76,5,Yes,0,Yes
1299,Riya,23,Female,Noida,MCA,5.4,86,7,60,58,3,Yes,2,No
1300,Shaurya,20,Male,Pune,B.Tech,6.0,82,9,64,59,3,No,0,No
1301,Vansh,21,Male,Gurugram,B.Sc,8.1,91,14,74,76,4,Yes,0,Yes
1302,Anika,20,Female,Shimla,B.Tech,7.6,90,14,68,68,3,No,1,No
1303,Meera,20,Female,Noida,B.Tech,9.0,92,17,85,82,4,No,0,Yes
1304,Diya,24,Female,Bangalore,M.Tech,7.2,85,14,64,64,2,Yes,1,Yes
1305,Ananya,19,Female,Bangalore,BCA,5.6,84,12,64,56,2,Yes,2,No
1306,Simran,24,Female,Chennai,MCA,9.6,96,20,83,78,5,Yes,0,Yes
1307,Ayaan,18,Male,Solan,BCA,7.4,83,13,75,65,3,Yes,0,Yes
1308,Krishna,22,Male,Noida,MCA,6.3,80,10,61,61,2,No,1,Yes
1309,Sanya,25,Female,Delhi,M.Tech,6.6,82,13,59,55,3,No,0,Yes
1310,Vansh,20,Male,Gurugram,BCA,6.8,87,14,69,61,3,No,0,No
1311,Vivaan,19,Male,Jaipur,BCA,6.1,86,11,62,54,2,No,1,No
1312,Arjun,22,Male,Noida,B.Sc,4.4,82,8,58,49,2,No,2,No
1313,Rohan,24,Male,Gurugram,M.Tech,8.9,89,15,81,84,2,No,0,Yes
1314,Simran,21,Female,Hyderabad,B.Tech,6.5,83,12,63,60,4,No,0,Yes
1315,Kavya,18,Female,Mumbai,B.Sc,6.8,83,13,63,57,3,No,0,No
1316,Tara,18,Female,Shimla,B.Tech,9.6,93,16,81,87,5,No,0,Yes
1317,Aarav,19,Male,Noida,B.Tech,5.5,82,9,58,55,2,No,2,No
1318,Aditya,20,Male,Ahmedabad,B.Tech,7.5,86,14,77,71,4,Yes,0,Yes
1319,Vansh,21,Male,Chandigarh,B.Sc,5.3,82,8,59,55,3,No,0,No
1320,Vivaan,22,Male,Bangalore,MCA,7.0,83,13,72,68,3,Yes,0,No
1321,Simran,19,Female,Chennai,BCA,6.8,86,12,62,59,3,Yes,1,No
1322,Isha,19,Female,Delhi,BCA,7.7,86,14,65,64,4,No,1,No
1323,Meera,18,Female,Kolkata,B.Sc,8.3,84,14,71,68,2,No,0,No
1324,Rohan,21,Male,Solan,BCA,5.6,77,13,61,55,3,Yes,0,Yes
1325,Isha,21,Female,Solan,MCA,8.6,90,16,78,80,3,No,0,Yes
1326,Riya,18,Female,Shimla,BCA,8.7,96,15,85,84,3,No,0,Yes
1327,Riya,19,Female,Shimla,B.Tech,6.1,80,11,68,62,3,Yes,0,Yes
1328,Aadhya,22,Female,Noida,B.Tech,6.5,82,14,61,59,4,No,0,Yes
1329,Arjun,25,Male,Noida,MCA,5.8,82,11,65,56,3,Yes,1,No
1330,Rahul,25,Male,Delhi,M.Tech,6.0,79,13,67,62,3,No,2,No
1331,Aarav,19,Male,Kolkata,B.Tech,4.7,75,7,58,47,2,No,4,No
1332,Isha,20,Female,Kolkata,B.Tech,7.7,87,13,67,70,4,Yes,0,Yes
1333,Arjun,21,Male,Noida,BCA,3.4,71,5,40,40,3,No,3,No
1334,Vivaan,19,Male,Shimla,B.Sc,5.5,74,13,55,51,2,No,3,No
1335,Kabir,19,Male,Hyderabad,B.Sc,6.4,80,9,62,61,2,No,0,Yes
1336,Rahul,21,Male,Hyderabad,M.Tech,8.4,91,15,82,78,4,Yes,0,Yes
1337,Anushka,25,Female,Shimla,MCA,5.7,82,13,57,55,1,Yes,2,No
1338,Isha,22,Female,Ahmedabad,MCA,7.1,89,14,73,69,3,No,0,Yes
1339,Rahul,20,Male,Pune,BCA,6.4,86,12,62,63,3,Yes,0,Yes
1340,Rahul,21,Male,Shimla,B.Tech,7.9,85,16,75,74,3,Yes,0,Yes
1341,Rahul,20,Male,Delhi,B.Sc,7.1,83,12,67,68,2,Yes,0,Yes
1342,Krishna,19,Male,Chennai,BCA,7.7,85,15,74,73,5,Yes,0,Yes
1343,Rohan,19,Male,Noida,B.Tech,5.7,79,10,59,55,2,No,0,No
1344,Aditya,18,Male,Kolkata,B.Tech,5.0,76,9,47,47,2,No,2,No
1345,Rohan,20,Male,Mumbai,BCA,7.1,84,13,71,68,4,No,0,Yes
1346,Ananya,18,Female,Solan,BCA,5.8,78,12,65,58,1,No,0,No
1347,Meera,20,Female,Shimla,BCA,6.5,85,14,63,56,4,Yes,2,Yes
1348,Krishna,22,Male,Jaipur,B.Tech,7.0,82,12,71,66,5,No,0,No
1349,Rohan,22,Male,Bangalore,BCA,8.4,86,13,74,72,3,Yes,0,Yes
1350,Sanya,20,Female,Pune,B.Tech,7.7,89,13,69,70,3,No,0,Yes
1351,Kabir,18,Male,Mumbai,B.Sc,5.5,81,13,57,53,3,No,2,No
1352,Meera,22,Female,Shimla,BCA,4.8,76,11,54,47,2,No,3,No
1353,Kavya,22,Female,Gurugram,MCA,9.1,94,15,78,78,5,Yes,0,Yes
1354,Rahul,21,Male,Shimla,B.Sc,4.1,77,10,57,48,2,No,2,No
1355,Kabir,18,Male,Ahmedabad,B.Sc,5.8,86,9,57,52,3,No,3,No
1356,Riya,20,Female,Noida,B.Sc,7.5,88,14,71,73,5,Yes,0,Yes
1357,Vivaan,21,Male,Mumbai,BCA,9.0,97,15,80,79,3,Yes,0,Yes
1358,Anushka,21,Female,Hyderabad,B.Tech,6.2,82,14,69,61,4,No,0,Yes
1359,Simran,19,Female,Shimla,B.Sc,6.5,87,11,61,54,4,No,1,No
1360,Sanya,18,Female,Kolkata,BCA,5.2,82,8,62,56,1,Yes,1,No
1361,Shaurya,21,Male,Jaipur,BCA,6.7,83,11,67,65,2,No,0,No
1362,Diya,18,Female,Chennai,BCA,4.8,75,13,49,44,3,No,2,Yes
1363,Kabir,22,Male,Gurugram,M.Tech,5.4,77,10,56,53,1,Yes,3,Yes
1364,Simran,20,Female,Delhi,B.Tech,7.6,88,12,72,67,3,No,0,No
1365,Priya,21,Female,Noida,B.Tech,5.8,77,9,62,57,3,No,0,No
1366,Vansh,24,Male,Jaipur,M.Tech,7.9,86,12,71,74,3,Yes,1,No
1367,Sanya,24,Female,Gurugram,MCA,6.3,86,12,68,62,3,No,0,No
1368,Simran,18,Female,Chennai,B.Tech,4.4,77,6,53,45,1,No,2,No
1369,Arjun,24,Male,Kolkata,MCA,8.3,82,17,76,79,3,No,0,Yes
1370,Dhruv,18,Male,Jaipur,B.Tech,4.5,72,9,48,45,2,No,1,No
1371,Shaurya,22,Male,Gurugram,B.Sc,5.6,86,10,61,55,2,No,0,Yes
1372,Dhruv,22,Male,Hyderabad,BCA,6.2,85,13,65,58,3,No,1,No
1373,Aditya,18,Male,Delhi,BCA,8.0,86,16,75,70,4,Yes,0,Yes
1374,Aadhya,22,Female,Jaipur,B.Sc,5.7,75,10,58,56,3,Yes,0,Yes
1375,Vansh,19,Male,Ahmedabad,B.Tech,5.1,74,8,63,58,2,No,1,No
1376,Shaurya,19,Male,Solan,B.Tech,6.7,85,13,70,65,2,No,0,No
1377,Diya,22,Female,Kolkata,B.Sc,6.2,88,12,69,63,3,No,0,Yes
1378,Kabir,20,Male,Gurugram,B.Tech,5.8,86,11,64,60,4,No,1,No
1379,Priya,21,Female,Kolkata,M.Tech,6.8,79,12,68,60,4,Yes,0,Yes
1380,Shaurya,22,Male,Bangalore,BCA,4.7,76,9,55,50,1,No,2,No
1381,Arjun,18,Male,Chandigarh,B.Tech,3.9,71,7,55,47,1,No,3,No
1382,Simran,22,Female,Ahmedabad,B.Sc,9.7,94,20,86,87,4,No,0,Yes
1383,Kavya,19,Female,Pune,B.Tech,6.7,79,10,68,66,2,Yes,0,Yes
1384,Meera,20,Female,Chandigarh,B.Tech,6.8,82,11,75,68,2,No,0,No
1385,Diya,18,Female,Pune,BCA,5.3,76,10,60,60,1,No,2,No
1386,Sanya,23,Female,Jaipur,M.Tech,7.8,89,13,73,68,4,Yes,0,No
1387,Shaurya,19,Male,Solan,BCA,5.7,78,11,57,53,2,Yes,3,No
1388,Shaurya,21,Male,Solan,B.Tech,3.0,69,5,41,40,1,No,3,No
1389,Sanya,21,Female,Gurugram,BCA,5.6,81,9,62,55,2,No,1,No
1390,Neha,18,Female,Shimla,B.Tech,6.1,86,14,72,65,2,No,1,No
1391,Diya,19,Female,Chandigarh,B.Tech,6.2,88,11,69,62,3,No,0,No
1392,Shaurya,21,Male,Ahmedabad,MCA,6.2,83,9,63,58,2,No,0,Yes
1393,Arjun,21,Male,Jaipur,M.Tech,5.5,79,10,58,50,3,No,1,No
1394,Riya,18,Female,Chennai,B.Tech,5.4,83,11,60,57,3,Yes,0,No
1395,Aarav,20,Male,Bangalore,BCA,6.1,85,13,59,59,3,No,1,No
1396,Anushka,25,Female,Gurugram,M.Tech,4.0,77,5,49,46,1,No,2,No
1397,Ananya,19,Female,Bangalore,B.Tech,3.6,68,5,43,40,2,No,4,No
1398,Shaurya,20,Male,Mumbai,B.Tech,6.6,87,12,79,71,3,Yes,1,Yes
1399,Priya,25,Female,Shimla,M.Tech,6.7,85,12,71,72,3,Yes,0,Yes
1400,Tara,18,Female,Solan,B.Sc,7.8,85,12,69,70,4,No,0,Yes
1401,Kabir,21,Male,Chennai,B.Tech,6.1,79,9,56,51,1,No,4,No
1402,Isha,20,Female,Hyderabad,BCA,4.7,78,7,49,43,2,No,2,No
1403,Rahul,19,Male,Solan,B.Tech,3.6,65,5,50,40,1,No,4,No
1404,Diya,19,Female,Chandigarh,BCA,5.2,78,9,52,53,2,Yes,1,No
1405,Vivaan,22,Male,Hyderabad,B.Sc,7.1,83,15,75,71,4,No,1,No
1406,Anushka,20,Female,Solan,BCA,8.7,88,15,80,74,5,No,0,Yes
1407,Krishna,18,Male,Solan,B.Sc,6.6,82,14,65,66,4,No,0,No
1408,Rohan,22,Male,Mumbai,B.Tech,4.7,72,9,48,47,2,No,4,No
1409,Neha,19,Female,Solan,B.Tech,5.2,81,9,63,57,2,Yes,1,No
1410,Ishaan,20,Male,Chandigarh,B.Tech,5.2,72,7,57,57,3,Yes,1,No
1411,Shaurya,24,Male,Chandigarh,MCA,5.9,81,12,66,60,2,No,0,No
1412,Tara,18,Female,Solan,B.Sc,8.2,86,15,74,77,5,No,0,Yes
1413,Meera,19,Female,Kolkata,B.Tech,8.3,95,13,82,72,3,No,0,Yes
1414,Aadhya,20,Female,Gurugram,BCA,6.2,82,12,70,62,3,No,0,No
1415,Ananya,24,Female,Mumbai,MCA,6.8,77,11,67,66,3,Yes,0,Yes
1416,Vivaan,19,Male,Kolkata,BCA,5.3,80,10,54,56,2,No,0,No
1417,Aarav,21,Male,Chandigarh,B.Tech,3.9,70,7,50,40,1,No,3,No
1418,Reyansh,19,Male,Noida,B.Tech,9.2,95,18,87,83,4,Yes,0,Yes
1419,Anushka,22,Female,Ahmedabad,B.Tech,3.0,72,5,51,42,1,No,4,No
1420,Simran,25,Female,Pune,MCA,3.7,77,8,52,41,2,No,2,No
1421,Tara,22,Female,Ahmedabad,BCA,9.2,93,19,88,84,2,Yes,0,Yes
1422,Kavya,20,Female,Gurugram,B.Sc,6.5,85,15,69,69,5,No,0,No
1423,Shaurya,25,Male,Delhi,MCA,4.8,77,10,49,43,3,No,2,No
1424,Ishaan,23,Male,Delhi,M.Tech,7.5,84,14,74,70,2,Yes,1,Yes
1425,Krishna,18,Male,Jaipur,B.Tech,7.7,90,14,75,73,3,No,0,Yes
1426,Isha,22,Female,Kolkata,B.Tech,4.5,72,10,59,53,2,No,2,No
1427,Rohan,20,Male,Chandigarh,BCA,5.7,80,10,55,50,3,No,4,No
1428,Neha,19,Female,Bangalore,B.Tech,7.8,86,15,69,68,4,No,1,Yes
1429,Reyansh,20,Male,Gurugram,B.Sc,5.3,81,13,62,55,2,Yes,1,No
1430,Reyansh,23,Male,Chandigarh,MCA,6.9,81,12,73,69,5,No,1,No
1431,Kabir,19,Male,Bangalore,B.Sc,8.6,89,12,78,73,4,Yes,0,Yes
1432,Kavya,20,Female,Pune,B.Tech,3.0,71,5,43,40,3,No,4,No
1433,Diya,19,Female,Solan,B.Tech,6.0,85,11,65,61,2,Yes,1,No
1434,Krishna,21,Male,Chandigarh,BCA,6.9,83,11,66,67,4,No,0,Yes
1435,Shaurya,25,Male,Jaipur,MCA,3.8,72,6,52,43,2,No,1,No
1436,Riya,18,Female,Noida,B.Tech,5.7,76,10,57,50,2,No,1,No
1437,Arjun,20,Male,Solan,B.Tech,8.1,85,15,77,72,4,No,0,No
1438,Ananya,19,Female,Delhi,B.Tech,5.4,80,8,54,53,3,No,2,No
1439,Diya,25,Female,Ahmedabad,M.Tech,4.3,75,7,58,49,3,No,2,No
1440,Aarav,20,Male,Kolkata,B.Sc,8.2,89,17,68,65,3,No,0,Yes
1441,Vivaan,25,Male,Chandigarh,MCA,7.2,90,12,68,67,3,No,0,No
1442,Diya,21,Female,Mumbai,B.Sc,6.4,77,13,72,65,4,Yes,0,Yes
1443,Ishaan,20,Male,Chandigarh,BCA,6.4,89,12,68,62,1,No,0,No
1444,Ayaan,19,Male,Pune,B.Tech,8.0,92,14,74,67,3,Yes,0,Yes
1445,Ananya,21,Female,Ahmedabad,B.Tech,6.9,83,14,63,57,3,No,0,No
1446,Tara,20,Female,Chennai,BCA,7.5,87,11,71,67,4,No,1,No
1447,Riya,25,Female,Ahmedabad,MCA,5.5,77,11,59,52,2,Yes,1,No
1448,Ananya,21,Female,Hyderabad,B.Tech,3.6,74,7,50,41,2,No,1,No
1449,Aditya,19,Male,Jaipur,B.Tech,7.4,92,15,75,73,3,No,0,Yes
1450,Vivaan,20,Male,Mumbai,BCA,8.2,87,14,69,67,5,Yes,0,No
1451,Anika,22,Female,Gurugram,B.Tech,6.2,81,11,64,57,3,No,2,No
1452,Neha,22,Female,Noida,B.Sc,7.8,85,10,74,70,3,Yes,0,Yes
1453,Dhruv,21,Male,Pune,B.Tech,6.0,79,10,63,56,3,Yes,0,No
1454,Anushka,20,Female,Chennai,B.Tech,6.4,81,12,65,61,3,No,0,No
1455,Aditya,22,Male,Solan,BCA,9.1,89,19,76,81,4,Yes,0,Yes
1456,Krishna,21,Male,Kolkata,BCA,6.1,81,14,59,56,2,Yes,0,No
1457,Aarav,18,Male,Pune,BCA,6.0,81,10,67,62,2,No,0,Yes
1458,Kabir,22,Male,Delhi,B.Tech,3.7,72,8,44,40,1,No,3,No
1459,Shaurya,24,Male,Delhi,MCA,7.5,79,13,66,66,4,No,0,Yes
1460,Aditya,18,Male,Bangalore,B.Tech,5.4,78,7,57,58,2,No,1,No
1461,Aarav,21,Male,Kolkata,B.Tech,6.7,83,13,62,61,4,No,0,No
1462,Aadhya,22,Female,Delhi,B.Sc,6.0,87,14,67,62,2,No,2,No
1463,Priya,18,Female,Chandigarh,B.Tech,5.8,80,10,56,55,2,Yes,0,Yes
1464,Anushka,21,Female,Noida,BCA,6.3,85,10,70,69,2,No,0,No
1465,Neha,23,Female,Solan,M.Tech,6.4,81,12,59,62,3,No,1,No
1466,Kabir,18,Male,Shimla,B.Sc,8.3,93,15,78,73,4,Yes,0,Yes
1467,Rohan,21,Male,Delhi,B.Sc,8.8,88,20,81,83,4,Yes,0,Yes
1468,Tara,20,Female,Hyderabad,BCA,7.5,88,15,76,76,4,No,0,Yes
1469,Rahul,18,Male,Shimla,B.Tech,8.4,92,15,78,71,2,Yes,0,Yes
1470,Riya,21,Female,Shimla,BCA,7.8,89,10,72,71,5,Yes,0,Yes
1471,Ayaan,22,Male,Chennai,B.Tech,7.2,92,13,78,74,2,No,0,Yes
1472,Kavya,21,Female,Ahmedabad,M.Tech,8.7,89,18,80,70,4,No,1,Yes
1473,Ishaan,18,Male,Hyderabad,B.Tech,4.5,80,8,54,46,3,No,4,No
1474,Anika,20,Female,Noida,BCA,5.5,83,11,53,49,3,No,3,No
1475,Anika,24,Female,Shimla,M.Tech,5.3,79,10,59,52,3,No,1,No
1476,Tara,22,Female,Chandigarh,B.Sc,6.0,87,10,65,63,4,No,1,No
1477,Krishna,23,Male,Pune,M.Tech,7.5,86,16,66,66,4,No,0,No
1478,Kavya,18,Female,Delhi,B.Sc,4.8,77,9,52,49,3,No,2,No
1479,Meera,20,Female,Mumbai,B.Tech,7.3,86,12,71,68,2,No,0,No
1480,Diya,23,Female,Delhi,MCA,5.6,76,10,60,63,2,Yes,1,No
1481,Kavya,20,Female,Gurugram,B.Tech,6.0,83,13,59,59,2,No,0,No
1482,Diya,18,Female,Shimla,B.Tech,6.8,86,10,64,62,1,Yes,1,No
1483,Reyansh,19,Male,Solan,B.Sc,9.0,91,17,82,80,3,Yes,0,Yes
1484,Anushka,20,Female,Chennai,B.Sc,5.4,84,10,57,51,2,No,2,No
1485,Tara,22,Female,Hyderabad,MCA,6.4,81,9,64,58,2,Yes,1,No
1486,Kavya,25,Female,Solan,M.Tech,4.9,72,10,60,50,3,No,2,No
1487,Krishna,25,Male,Mumbai,MCA,5.4,85,10,61,58,2,No,0,No
1488,Kabir,22,Male,Chennai,B.Tech,4.9,80,10,61,51,3,No,2,No
1489,Priya,21,Female,Chandigarh,B.Sc,6.9,86,14,64,64,2,Yes,2,No
1490,Kavya,18,Female,Shimla,B.Sc,7.1,84,13,66,63,3,Yes,1,No
1491,Rahul,22,Male,Hyderabad,M.Tech,7.5,87,13,69,65,3,Yes,0,Yes
1492,Priya,21,Female,Bangalore,BCA,5.4,75,8,53,50,3,No,2,No
1493,Vansh,19,Male,Bangalore,B.Tech,7.3,85,12,63,69,3,No,0,No
1494,Ishaan,21,Male,Ahmedabad,MCA,6.7,81,12,67,73,3,Yes,0,Yes
1495,Ayaan,20,Male,Mumbai,B.Tech,6.4,83,10,67,62,2,Yes,0,No
1496,Ayaan,21,Male,Mumbai,BCA,4.6,79,9,51,45,3,No,2,No
1497,Simran,18,Female,Kolkata,BCA,6.7,80,11,63,64,3,Yes,1,No
1498,Aarav,21,Male,Ahmedabad,BCA,6.8,86,10,69,66,2,Yes,0,No
1499,Kavya,22,Female,Mumbai,B.Sc,6.7,84,11,67,62,4,Yes,0,Yes
1500,Isha,21,Female,Mumbai,BCA,7.1,87,13,74,71,3,No,0,Yes
1501,Riya,20,Female,Chandigarh,B.Sc,7.5,86,12,76,74,3,Yes,0,Yes
1502,Aadhya,20,Female,Kolkata,B.Tech,4.9,79,7,53,48,2,No,2,No
1503,Aarav,19,Male,Gurugram,B.Tech,6.2,80,10,63,59,2,Yes,0,Yes
1504,Riya,21,Female,Bangalore,B.Tech,7.3,81,12,65,70,4,No,0,Yes
1505,Sanya,22,Female,Chennai,B.Sc,6.1,77,11,67,59,3,Yes,2,No
1506,Rahul,20,Male,Ahmedabad,B.Tech,7.9,86,15,75,71,3,No,0,Yes
1507,Neha,19,Female,Bangalore,B.Sc,6.6,78,11,68,63,3,No,1,No
1508,Simran,22,Female,Ahmedabad,B.Sc,3.6,77,5,47,46,1,No,2,No
1509,Isha,22,Female,Hyderabad,B.Sc,7.8,87,14,78,68,2,No,0,Yes
1510,Anika,22,Female,Solan,B.Sc,6.3,85,12,68,65,4,No,0,Yes
1511,Anika,18,Female,Pune,BCA,3.8,76,9,55,46,1,Yes,4,No
1512,Vansh,20,Male,Chennai,BCA,6.1,81,13,58,62,2,Yes,1,Yes
1513,Simran,18,Female,Shimla,BCA,4.6,87,6,58,52,1,No,1,No
1514,Anushka,18,Female,Hyderabad,B.Tech,7.6,95,13,80,68,3,No,0,Yes
1515,Vansh,23,Male,Hyderabad,MCA,6.4,87,12,63,65,1,No,0,No
1516,Krishna,24,Male,Chandigarh,MCA,5.1,75,8,58,52,2,No,2,No
1517,Shaurya,19,Male,Pune,B.Tech,7.7,91,13,77,67,4,No,0,No
1518,Tara,20,Female,Gurugram,BCA,7.2,80,14,71,67,4,No,0,No
1519,Neha,22,Female,Hyderabad,M.Tech,6.1,86,11,66,61,3,Yes,0,No
1520,Arjun,21,Male,Delhi,B.Tech,4.6,68,8,53,45,4,No,2,No
1521,Diya,20,Female,Bangalore,B.Sc,5.2,77,8,59,49,3,No,2,No
1522,Rohan,22,Male,Noida,B.Tech,5.2,82,7,64,57,2,No,1,No
1523,Simran,20,Female,Chennai,BCA,7.6,88,13,70,65,4,Yes,1,No
1524,Isha,24,Female,Chennai,MCA,4.0,70,7,49,40,2,No,3,No
1525,Priya,18,Female,Chennai,BCA,6.4,83,9,70,68,3,No,0,Yes
1526,Ishaan,20,Male,Mumbai,B.Sc,6.1,83,11,61,57,3,No,2,No
1527,Ishaan,25,Male,Mumbai,MCA,8.1,89,15,73,68,3,Yes,0,Yes
1528,Vansh,20,Male,Chennai,B.Sc,6.8,83,11,69,63,5,Yes,1,No
1529,Vansh,18,Male,Jaipur,B.Sc,7.3,88,14,77,73,2,Yes,0,Yes
1530,Simran,20,Female,Chandigarh,BCA,5.7,83,11,61,58,3,No,1,No
1531,Anushka,22,Female,Kolkata,B.Sc,4.7,76,8,54,51,2,No,2,No
1532,Sanya,24,Female,Shimla,MCA,6.0,86,10,66,63,3,No,0,No
1533,Meera,25,Female,Gurugram,M.Tech,7.7,86,13,71,71,3,No,0,Yes
1534,Anika,21,Female,Bangalore,B.Sc,7.7,85,13,81,77,5,Yes,0,Yes
1535,Neha,22,Female,Delhi,B.Sc,5.9,85,11,60,55,3,No,0,No
1536,Kavya,19,Female,Chennai,B.Tech,5.2,82,8,59,50,2,No,2,No
1537,Ananya,23,Female,Hyderabad,MCA,4.9,75,8,55,54,3,No,3,No
1538,Shaurya,20,Male,Hyderabad,B.Sc,6.3,80,12,55,58,3,No,1,No
1539,Dhruv,18,Male,Chandigarh,B.Sc,6.7,89,12,66,62,3,No,0,Yes
1540,Reyansh,19,Male,Shimla,B.Tech,8.7,90,16,74,73,3,No,0,Yes
1541,Ananya,21,Female,Solan,MCA,6.7,83,9,70,72,4,No,0,No
1542,Meera,20,Female,Noida,B.Tech,7.4,85,13,64,62,3,No,2,No
1543,Ishaan,18,Male,Delhi,B.Tech,5.3,83,12,63,57,3,Yes,0,Yes
1544,Aadhya,21,Female,Gurugram,B.Sc,6.6,90,9,64,59,4,No,1,No
1545,Kavya,19,Female,Shimla,B.Sc,6.7,84,15,71,65,2,Yes,0,Yes
1546,Ishaan,22,Male,Solan,B.Tech,6.3,89,12,62,57,4,Yes,0,Yes
1547,Ishaan,21,Male,Shimla,B.Sc,6.5,81,11,67,56,2,No,1,Yes
1548,Ananya,22,Female,Hyderabad,BCA,6.7,83,12,70,67,4,No,0,Yes
1549,Riya,18,Female,Hyderabad,B.Tech,7.2,87,15,73,71,5,No,0,Yes
1550,Priya,20,Female,Pune,B.Tech,8.3,87,12,71,70,4,No,0,No
1551,Diya,24,Female,Jaipur,MCA,3.1,73,8,49,48,2,No,2,No
1552,Priya,19,Female,Ahmedabad,B.Tech,8.2,87,15,78,76,4,No,0,No
1553,Diya,22,Female,Jaipur,B.Tech,3.9,69,9,40,40,1,No,1,No
1554,Sanya,21,Female,Chandigarh,B.Sc,7.0,79,10,67,66,2,No,0,No
1555,Sanya,20,Female,Noida,BCA,10.0,94,18,99,93,4,Yes,0,Yes
1556,Krishna,19,Male,Solan,B.Sc,6.4,84,8,70,61,5,No,1,No
1557,Vivaan,22,Male,Hyderabad,MCA,6.8,80,14,64,60,2,Yes,2,No
1558,Arjun,25,Male,Jaipur,MCA,6.0,82,9,65,58,3,No,1,No
1559,Sanya,21,Female,Pune,B.Tech,7.5,87,12,71,71,3,Yes,0,Yes
1560,Tara,21,Female,Gurugram,BCA,7.0,84,10,73,67,3,No,0,Yes
1561,Diya,19,Female,Kolkata,B.Sc,5.5,76,11,55,54,4,No,2,No
1562,Aarav,18,Male,Noida,B.Tech,6.3,83,11,70,60,3,No,0,Yes
1563,Aditya,19,Male,Hyderabad,B.Tech,4.8,76,8,58,50,3,No,3,No
1564,Shaurya,20,Male,Pune,BCA,6.3,85,12,68,61,5,No,1,No
1565,Vansh,21,Male,Mumbai,B.Tech,5.9,77,9,69,51,2,No,2,No
1566,Diya,25,Female,Shimla,M.Tech,6.7,84,9,71,65,3,No,0,No
1567,Aarav,21,Male,Ahmedabad,B.Sc,5.4,75,9,61,52,3,No,3,No
1568,Dhruv,19,Male,Gurugram,B.Tech,6.2,81,14,68,64,3,No,0,Yes
1569,Anika,20,Female,Ahmedabad,B.Tech,6.5,79,13,67,65,3,No,0,Yes
1570,Aarav,21,Male,Jaipur,M.Tech,6.6,80,13,67,59,4,No,0,No
1571,Vansh,21,Male,Kolkata,BCA,6.9,84,13,65,62,4,No,2,Yes
1572,Kavya,19,Female,Pune,B.Sc,6.2,80,11,60,54,3,Yes,1,Yes
1573,Ishaan,19,Male,Solan,BCA,5.3,83,11,61,56,1,No,2,No
1574,Simran,22,Female,Delhi,MCA,6.6,87,13,70,63,2,Yes,0,No
1575,Kavya,20,Female,Kolkata,B.Sc,6.2,84,11,65,59,4,No,1,No
1576,Kavya,19,Female,Ahmedabad,B.Tech,8.0,90,15,74,72,3,Yes,0,Yes
1577,Aarav,19,Male,Bangalore,B.Tech,8.2,89,12,76,75,5,Yes,0,Yes
1578,Riya,19,Female,Mumbai,BCA,4.4,79,7,53,47,1,No,2,No
1579,Kabir,24,Male,Chennai,M.Tech,7.4,85,12,72,70,3,No,0,Yes
1580,Rahul,19,Male,Hyderabad,B.Tech,7.7,93,12,75,74,4,Yes,0,Yes
1581,Arjun,20,Male,Hyderabad,B.Sc,4.5,73,9,56,49,3,Yes,1,No
1582,Anika,21,Female,Mumbai,B.Tech,7.4,83,11,70,65,4,No,0,No
1583,Ishaan,22,Male,Hyderabad,MCA,7.8,83,15,70,64,4,No,0,No
1584,Ayaan,18,Male,Delhi,B.Sc,5.1,74,11,55,49,1,No,2,No
1585,Aadhya,20,Female,Ahmedabad,BCA,6.1,76,11,56,56,1,No,1,No
1586,Vivaan,18,Male,Shimla,B.Tech,6.8,84,11,76,65,3,Yes,0,Yes
1587,Dhruv,20,Male,Hyderabad,B.Tech,7.4,88,15,75,74,3,No,0,Yes
1588,Arjun,18,Male,Chennai,B.Sc,5.0,78,10,56,48,2,Yes,2,Yes
1589,Rohan,19,Male,Noida,BCA,8.2,85,17,81,77,5,Yes,0,Yes
1590,Ishaan,18,Male,Mumbai,B.Tech,3.5,71,5,45,44,1,Yes,2,Yes
1591,Reyansh,21,Male,Hyderabad,M.Tech,8.5,92,15,79,77,4,Yes,0,Yes
1592,Ananya,20,Female,Chennai,BCA,7.3,85,13,68,63,5,Yes,0,Yes
1593,Dhruv,19,Male,Kolkata,B.Sc,5.6,77,10,55,45,3,No,4,No
1594,Vansh,20,Male,Mumbai,B.Tech,7.8,83,15,73,72,3,No,0,Yes
1595,Tara,19,Female,Chennai,B.Tech,4.9,76,9,59,53,1,No,3,No
1596,Kabir,22,Male,Kolkata,BCA,6.7,81,14,62,62,3,No,0,No
1597,Simran,21,Female,Delhi,B.Sc,6.9,84,12,67,65,2,No,0,No
1598,Dhruv,21,Male,Gurugram,BCA,6.9,86,11,68,63,3,Yes,1,No
1599,Dhruv,23,Male,Pune,MCA,5.2,77,8,60,52,4,No,3,No
1600,Vansh,19,Male,Bangalore,BCA,5.8,81,9,60,56,2,Yes,0,Yes
1601,Ayaan,18,Male,Bangalore,B.Tech,6.7,85,11,71,69,2,No,0,No
1602,Dhruv,24,Male,Mumbai,MCA,5.4,75,9,60,46,3,Yes,2,No
1603,Reyansh,20,Male,Delhi,BCA,6.9,90,12,68,68,3,No,0,Yes
1604,Dhruv,20,Male,Hyderabad,B.Tech,5.6,77,10,58,54,4,No,3,No
1605,Reyansh,20,Male,Jaipur,B.Tech,8.0,90,14,76,73,4,Yes,0,Yes
1606,Ayaan,19,Male,Jaipur,B.Sc,8.8,87,17,77,79,3,Yes,0,Yes
1607,Kabir,23,Male,Mumbai,MCA,6.1,82,8,60,57,3,No,0,Yes
1608,Aarav,22,Male,Shimla,B.Tech,7.9,88,11,81,77,4,Yes,0,Yes
1609,Arjun,18,Male,Noida,BCA,6.2,87,13,59,52,1,Yes,2,Yes
1610,Sanya,20,Female,Noida,B.Sc,5.1,77,11,57,51,4,No,3,No
1611,Dhruv,22,Male,Shimla,M.Tech,5.9,85,12,69,64,2,No,0,Yes
1612,Kavya,18,Female,Mumbai,BCA,6.6,84,13,63,60,3,No,1,No
1613,Sanya,21,Female,Chennai,MCA,3.8,79,7,51,43,1,No,4,No
1614,Dhruv,21,Male,Kolkata,BCA,7.4,81,13,73,70,3,Yes,0,Yes
1615,Ananya,20,Female,Ahmedabad,B.Tech,6.6,85,9,55,57,3,No,1,No
1616,Isha,20,Female,Gurugram,B.Tech,8.0,80,15,72,76,4,No,0,Yes
1617,Aarav,19,Male,Shimla,B.Tech,7.4,86,11,65,66,3,Yes,0,No
1618,Aditya,22,Male,Shimla,BCA,6.7,87,16,72,71,4,No,0,Yes
1619,Isha,25,Female,Shimla,M.Tech,6.0,85,9,61,57,2,No,0,Yes
1620,Anushka,21,Female,Solan,B.Tech,8.8,93,16,88,76,4,Yes,0,Yes
1621,Dhruv,22,Male,Hyderabad,BCA,9.8,93,20,82,82,3,Yes,0,Yes
1622,Vivaan,19,Male,Ahmedabad,B.Tech,6.0,83,10,65,58,3,No,1,No
1623,Reyansh,21,Male,Ahmedabad,B.Sc,8.1,96,14,75,73,5,No,0,Yes
1624,Ishaan,23,Male,Jaipur,MCA,5.4,79,6,58,53,2,No,1,No
1625,Riya,22,Female,Shimla,B.Tech,5.6,82,8,61,57,4,No,0,No
1626,Rohan,19,Male,Chandigarh,BCA,5.9,79,11,61,55,2,No,0,No
1627,Rahul,19,Male,Chennai,B.Tech,7.5,89,16,80,75,2,Yes,0,Yes
1628,Neha,20,Female,Delhi,BCA,4.9,80,7,62,55,3,No,1,No
1629,Vansh,19,Male,Mumbai,B.Tech,8.8,89,16,77,77,4,No,0,Yes
1630,Ayaan,21,Male,Shimla,BCA,7.9,90,18,76,69,3,No,0,No
1631,Sanya,21,Female,Kolkata,B.Sc,7.5,89,14,68,70,4,No,0,Yes
1632,Neha,18,Female,Gurugram,BCA,6.1,84,12,59,59,3,No,0,Yes
1633,Vansh,20,Male,Delhi,B.Tech,7.7,87,13,71,69,4,No,0,Yes
1634,Isha,19,Female,Bangalore,BCA,3.0,74,8,51,40,1,No,2,No
1635,Aditya,22,Male,Bangalore,B.Sc,7.2,82,12,62,63,2,No,1,No
1636,Dhruv,21,Male,Hyderabad,BCA,6.7,83,11,69,63,3,No,0,Yes
1637,Anika,20,Female,Chandigarh,B.Tech,3.7,73,9,50,41,2,No,1,No
1638,Vivaan,23,Male,Hyderabad,MCA,7.1,88,12,68,65,4,No,0,No
1639,Rohan,21,Male,Kolkata,BCA,7.4,83,13,73,74,2,No,0,No
1640,Aditya,18,Male,Gurugram,B.Tech,3.7,74,9,51,44,1,No,1,No
1641,Rohan,20,Male,Hyderabad,B.Tech,4.7,75,7,53,48,2,No,4,No
1642,Vivaan,22,Male,Chandigarh,M.Tech,9.6,94,17,85,83,5,No,0,No
1643,Aarav,22,Male,Delhi,B.Tech,6.2,83,10,63,60,2,No,1,Yes
1644,Aarav,25,Male,Mumbai,MCA,8.0,84,14,70,70,3,No,0,No
1645,Dhruv,21,Male,Shimla,BCA,8.2,92,15,78,77,4,No,0,Yes
1646,Neha,20,Female,Shimla,BCA,7.1,86,15,68,64,1,Yes,0,Yes
1647,Kavya,22,Female,Mumbai,B.Sc,8.0,85,17,75,71,3,No,0,Yes
1648,Riya,20,Female,Hyderabad,B.Tech,3.3,71,6,42,40,2,No,2,No
1649,Tara,21,Female,Bangalore,B.Tech,6.2,86,10,63,59,3,Yes,1,Yes
1650,Dhruv,18,Male,Bangalore,B.Tech,3.0,72,6,42,40,2,No,3,No
1651,Kabir,25,Male,Chandigarh,MCA,3.9,71,7,53,45,1,No,1,No
1652,Neha,19,Female,Delhi,BCA,5.7,78,10,54,49,2,No,2,Yes
1653,Tara,21,Female,Hyderabad,BCA,5.5,81,8,67,59,4,No,0,No
1654,Diya,18,Female,Kolkata,B.Tech,6.6,85,9,70,67,3,Yes,0,No
1655,Ishaan,19,Male,Shimla,BCA,6.5,84,12,60,63,3,No,0,No
1656,Aarav,19,Male,Kolkata,B.Tech,6.7,83,10,64,65,2,Yes,0,No
1657,Vansh,22,Male,Solan,B.Tech,6.8,86,11,62,61,3,No,2,No
1658,Reyansh,20,Male,Pune,B.Tech,7.0,84,15,71,67,3,Yes,0,Yes
1659,Tara,21,Female,Chandigarh,B.Sc,5.1,75,9,61,58,3,No,1,No
1660,Meera,19,Female,Chandigarh,BCA,5.4,84,11,62,56,2,No,0,No
1661,Krishna,22,Male,Jaipur,BCA,6.4,84,12,70,67,4,Yes,0,Yes
1662,Meera,18,Female,Delhi,B.Sc,6.5,80,13,65,62,4,No,1,No
1663,Anika,22,Female,Jaipur,M.Tech,4.9,78,8,60,46,3,No,4,No
1664,Arjun,18,Male,Jaipur,B.Sc,8.1,88,16,77,77,3,Yes,0,Yes
1665,Shaurya,21,Male,Chandigarh,BCA,7.6,86,14,72,73,4,Yes,0,Yes
1666,Kabir,22,Male,Delhi,B.Sc,5.2,79,9,61,54,2,Yes,3,Yes
1667,Ayaan,21,Male,Kolkata,M.Tech,6.2,79,12,62,55,2,No,1,No
1668,Rohan,20,Male,Shimla,BCA,9.5,96,16,92,93,4,No,0,Yes
1669,Ishaan,18,Male,Pune,BCA,6.7,83,12,65,62,3,No,1,No
1670,Arjun,18,Male,Kolkata,B.Tech,7.1,80,13,70,66,3,No,0,Yes
1671,Aarav,25,Male,Chandigarh,MCA,5.6,79,9,57,55,3,No,2,No
1672,Meera,22,Female,Solan,B.Tech,6.0,79,13,55,62,3,Yes,0,No
1673,Ayaan,19,Male,Hyderabad,B.Tech,8.8,82,15,78,79,2,No,0,Yes
1674,Neha,18,Female,Chennai,BCA,6.7,83,15,59,59,4,Yes,1,No
1675,Reyansh,21,Male,Noida,MCA,6.4,86,12,75,68,4,No,0,No
1676,Anushka,22,Female,Chandigarh,BCA,6.5,82,11,64,66,3,No,0,No
1677,Rahul,20,Male,Solan,B.Sc,10.0,97,17,88,89,5,Yes,0,Yes
1678,Rohan,25,Male,Chennai,MCA,6.6,83,13,65,65,3,No,0,No
1679,Anika,20,Female,Mumbai,BCA,5.3,77,11,58,54,1,No,1,No
1680,Diya,22,Female,Shimla,BCA,5.5,77,6,60,57,3,No,1,No
1681,Diya,21,Female,Ahmedabad,BCA,7.7,83,14,68,67,5,No,1,Yes
1682,Rahul,21,Male,Mumbai,M.Tech,4.4,78,5,43,42,2,No,2,No
1683,Ishaan,20,Male,Chandigarh,B.Sc,7.2,87,14,66,63,5,No,1,No
1684,Tara,24,Female,Solan,M.Tech,5.4,78,11,56,51,4,No,1,No
1685,Simran,20,Female,Kolkata,B.Tech,3.7,67,7,46,42,2,No,1,No
1686,Diya,19,Female,Chandigarh,B.Tech,5.0,79,9,57,50,2,No,2,No
1687,Simran,19,Female,Hyderabad,B.Tech,6.5,80,10,68,64,3,Yes,0,Yes
1688,Reyansh,18,Male,Bangalore,BCA,8.6,91,15,73,73,4,Yes,0,Yes
1689,Diya,24,Female,Shimla,MCA,7.9,83,13,69,66,3,No,0,No
1690,Arjun,21,Male,Shimla,B.Tech,6.1,82,10,62,59,3,No,2,No
1691,Rahul,19,Male,Chennai,B.Tech,8.0,88,16,81,79,4,Yes,0,Yes
1692,Vivaan,18,Male,Noida,B.Tech,6.0,74,13,70,59,1,No,0,No
1693,Ishaan,19,Male,Hyderabad,BCA,4.3,80,9,48,46,3,No,1,No
1694,Kabir,21,Male,Hyderabad,B.Tech,6.5,82,11,70,61,3,No,0,No
1695,Arjun,20,Male,Noida,B.Tech,4.2,74,6,51,49,2,No,3,No
1696,Kavya,24,Female,Solan,MCA,7.7,89,14,76,74,4,Yes,0,Yes
1697,Rohan,18,Male,Chennai,BCA,7.7,87,14,68,64,3,Yes,0,Yes
1698,Riya,21,Female,Pune,B.Sc,5.2,79,9,63,59,2,Yes,0,No
1699,Reyansh,22,Male,Chennai,BCA,6.7,80,11,57,56,2,Yes,1,No
1700,Vivaan,21,Male,Gurugram,B.Sc,6.7,83,13,61,57,3,No,0,Yes
1701,Sanya,22,Female,Shimla,B.Tech,7.8,82,15,71,72,3,No,0,No
1702,Vivaan,22,Male,Jaipur,M.Tech,4.6,75,6,51,50,2,No,1,No
1703,Vivaan,22,Male,Ahmedabad,B.Sc,7.4,90,13,73,71,2,No,0,No
1704,Vivaan,21,Male,Noida,B.Tech,4.5,71,9,48,43,2,No,1,No
1705,Aarav,21,Male,Kolkata,B.Tech,7.7,86,15,71,70,3,No,0,Yes
1706,Neha,21,Female,Kolkata,B.Tech,8.1,82,15,73,70,4,No,0,Yes
1707,Ishaan,18,Male,Kolkata,B.Sc,5.5,79,10,58,54,3,No,1,No
1708,Riya,19,Female,Mumbai,BCA,8.3,90,15,78,77,2,No,0,No
1709,Vivaan,22,Male,Chandigarh,BCA,4.1,76,9,54,42,3,No,1,No
1710,Meera,20,Female,Solan,B.Tech,8.1,87,13,72,73,2,No,0,No
1711,Anushka,25,Female,Ahmedabad,MCA,8.7,84,16,82,75,3,No,0,Yes
1712,Priya,24,Female,Delhi,MCA,7.0,81,11,68,61,4,No,1,No
1713,Arjun,20,Male,Shimla,BCA,6.2,85,13,70,66,2,Yes,0,Yes
1714,Krishna,20,Male,Chennai,BCA,7.0,87,11,68,63,4,No,0,No
1715,Arjun,25,Male,Gurugram,MCA,5.6,79,11,56,50,3,No,2,No
1716,Simran,22,Female,Gurugram,B.Sc,10.0,95,17,88,87,4,Yes,0,No
1717,Tara,22,Female,Solan,BCA,5.6,77,11,69,59,2,Yes,0,Yes
1718,Neha,22,Female,Kolkata,B.Tech,8.5,94,16,75,75,5,No,0,No
1719,Krishna,19,Male,Jaipur,B.Sc,5.4,77,10,61,56,2,No,0,Yes
1720,Ananya,18,Female,Delhi,B.Tech,8.9,92,19,82,77,3,Yes,0,Yes
1721,Sanya,18,Female,Gurugram,B.Tech,9.5,89,16,85,79,4,Yes,0,Yes
1722,Reyansh,25,Male,Noida,MCA,7.1,84,14,64,63,3,No,2,No
1723,Aditya,18,Male,Ahmedabad,BCA,6.9,88,14,72,71,2,No,0,No
1724,Isha,25,Female,Chandigarh,MCA,5.1,75,11,57,52,4,No,2,No
1725,Aadhya,22,Female,Gurugram,BCA,4.9,79,8,50,46,2,No,3,No
1726,Aadhya,25,Female,Gurugram,M.Tech,6.9,81,12,67,70,3,No,0,Yes
1727,Aarav,19,Male,Chandigarh,BCA,8.7,88,15,78,80,3,Yes,0,Yes
1728,Isha,21,Female,Chennai,B.Sc,5.7,80,10,59,50,3,No,3,No
1729,Kabir,18,Male,Bangalore,B.Tech,9.8,97,16,88,86,4,Yes,0,Yes
1730,Vivaan,18,Male,Shimla,B.Tech,5.6,79,10,64,59,3,Yes,1,No
1731,Kabir,19,Male,Shimla,BCA,6.8,86,14,70,63,4,No,2,No
1732,Isha,19,Female,Delhi,B.Sc,6.8,87,12,65,62,3,Yes,0,No
1733,Aadhya,22,Female,Ahmedabad,B.Tech,6.3,80,11,65,61,3,No,2,No
1734,Ananya,22,Female,Hyderabad,BCA,3.4,67,5,44,40,1,No,2,No
1735,Ishaan,21,Male,Noida,B.Tech,5.6,79,10,57,50,1,No,1,No
1736,Kavya,18,Female,Ahmedabad,B.Tech,6.8,88,13,64,67,2,No,0,No
1737,Aditya,19,Male,Chennai,B.Sc,6.4,80,12,67,63,3,No,0,Yes
1738,Isha,24,Female,Shimla,M.Tech,7.5,89,16,71,66,5,No,1,No
1739,Krishna,18,Male,Delhi,B.Tech,7.6,86,12,76,75,3,Yes,0,Yes
1740,Vansh,21,Male,Solan,BCA,6.1,87,10,61,58,4,No,0,Yes
1741,Rohan,24,Male,Noida,M.Tech,5.1,85,9,67,61,3,Yes,1,No
1742,Aditya,22,Male,Chandigarh,B.Sc,8.8,94,18,92,86,4,Yes,0,Yes
1743,Neha,21,Female,Noida,B.Sc,4.5,71,9,53,43,2,No,1,No
1744,Rohan,22,Male,Hyderabad,B.Tech,5.6,72,8,62,54,2,Yes,2,Yes
1745,Kabir,18,Male,Solan,BCA,5.2,78,11,55,55,2,Yes,0,No
1746,Kavya,18,Female,Gurugram,BCA,7.6,89,14,71,72,4,No,0,Yes
1747,Dhruv,22,Male,Chandigarh,BCA,8.5,91,17,84,76,5,Yes,0,Yes
1748,Diya,23,Female,Solan,MCA,6.2,80,14,64,64,2,No,1,No
1749,Riya,21,Female,Shimla,BCA,6.8,79,11,60,63,3,No,0,Yes
1750,Anika,18,Female,Kolkata,B.Tech,7.1,88,15,71,66,3,No,0,No
1751,Vansh,24,Male,Gurugram,MCA,9.2,98,16,80,80,5,Yes,0,Yes
1752,Aadhya,20,Female,Bangalore,BCA,3.8,71,6,47,40,2,No,3,No
1753,Isha,24,Female,Ahmedabad,M.Tech,7.6,89,14,78,71,5,No,0,Yes
1754,Krishna,20,Male,Gurugram,BCA,7.1,93,11,79,72,3,Yes,0,Yes
1755,Krishna,19,Male,Hyderabad,B.Tech,5.9,80,11,63,59,2,No,0,No
1756,Simran,20,Female,Mumbai,BCA,7.0,84,12,74,69,4,Yes,0,Yes
1757,Ananya,18,Female,Delhi,BCA,7.6,88,12,71,70,4,No,0,Yes
1758,Isha,22,Female,Delhi,B.Tech,7.4,85,12,78,70,3,Yes,0,Yes
1759,Diya,22,Female,Delhi,BCA,9.7,98,19,85,86,4,Yes,0,Yes
1760,Isha,21,Female,Kolkata,BCA,6.7,82,12,63,66,3,No,1,No
1761,Kabir,19,Male,Solan,B.Sc,6.5,83,10,64,62,4,No,0,No
1762,Krishna,21,Male,Gurugram,B.Tech,6.2,77,12,59,57,2,Yes,1,Yes
1763,Shaurya,20,Male,Shimla,BCA,7.3,85,14,73,67,3,No,1,No
1764,Riya,22,Female,Hyderabad,B.Tech,6.5,80,12,70,64,4,Yes,2,No
1765,Dhruv,20,Male,Solan,BCA,6.5,84,10,66,58,3,No,2,No
1766,Anushka,22,Female,Kolkata,B.Tech,6.5,78,8,65,57,3,Yes,1,No
1767,Aadhya,22,Female,Chandigarh,B.Tech,6.3,85,10,60,58,4,Yes,0,No
1768,Ananya,22,Female,Chandigarh,B.Tech,5.6,77,12,59,57,2,No,2,No
1769,Vansh,18,Male,Ahmedabad,B.Tech,7.1,90,14,79,70,4,Yes,1,Yes
1770,Anika,20,Female,Mumbai,BCA,6.1,85,10,70,67,3,No,0,No
1771,Vivaan,24,Male,Jaipur,M.Tech,7.4,88,13,68,65,2,Yes,1,No
1772,Sanya,19,Female,Pune,BCA,6.7,79,13,63,61,3,No,2,No
1773,Krishna,21,Male,Mumbai,BCA,5.9,79,10,75,68,2,No,0,No
1774,Aditya,23,Male,Shimla,M.Tech,8.8,88,17,81,78,3,No,0,Yes
1775,Kavya,22,Female,Pune,M.Tech,6.3,80,11,70,66,4,No,0,No
1776,Krishna,24,Male,Delhi,MCA,7.4,91,14,80,76,4,Yes,0,Yes
1777,Kabir,19,Male,Delhi,B.Tech,5.5,79,9,55,50,2,Yes,4,Yes
1778,Simran,20,Female,Jaipur,B.Sc,3.5,70,5,48,40,1,No,2,No
1779,Aadhya,25,Female,Bangalore,MCA,5.6,77,12,60,59,4,No,0,Yes
1780,Kavya,23,Female,Mumbai,MCA,3.3,70,5,51,46,3,No,1,No
1781,Neha,18,Female,Hyderabad,BCA,6.1,83,10,72,66,2,No,0,Yes
1782,Anushka,19,Female,Hyderabad,B.Tech,8.7,86,16,75,73,4,No,1,Yes
1783,Vansh,23,Male,Delhi,M.Tech,5.1,78,10,70,62,2,No,0,No
1784,Arjun,22,Male,Chandigarh,BCA,3.3,73,5,46,40,2,No,4,No
1785,Vivaan,22,Male,Ahmedabad,BCA,8.8,86,16,81,76,4,No,0,No
1786,Sanya,20,Female,Shimla,BCA,5.8,76,8,49,48,1,Yes,2,No
1787,Anika,21,Female,Noida,BCA,6.5,83,12,70,64,2,Yes,1,No
1788,Krishna,20,Male,Solan,B.Tech,7.7,91,17,66,70,4,No,0,Yes
1789,Aditya,22,Male,Chennai,B.Tech,7.3,89,10,72,66,3,Yes,0,No
1790,Anushka,23,Female,Hyderabad,M.Tech,7.6,85,13,70,66,4,Yes,0,No
1791,Reyansh,18,Male,Chandigarh,BCA,7.9,92,15,78,73,4,Yes,0,Yes
1792,Sanya,21,Female,Noida,BCA,3.9,73,11,49,43,1,No,2,No
1793,Dhruv,23,Male,Gurugram,MCA,4.4,74,9,54,50,2,No,1,No
1794,Riya,22,Female,Solan,BCA,8.3,89,14,82,80,3,No,0,Yes
1795,Reyansh,20,Male,Ahmedabad,B.Tech,5.3,81,9,55,45,2,No,4,No
1796,Neha,20,Female,Pune,BCA,5.5,77,8,57,52,1,No,1,No
1797,Ananya,19,Female,Chennai,B.Tech,4.6,75,9,50,46,2,No,2,No
1798,Tara,20,Female,Kolkata,B.Tech,5.9,77,12,57,52,2,No,2,No
1799,Simran,18,Female,Solan,B.Sc,6.0,82,13,71,61,3,No,0,Yes
1800,Meera,25,Female,Shimla,MCA,5.1,81,9,53,52,3,No,4,No
1801,Aadhya,19,Female,Hyderabad,B.Sc,4.9,80,8,53,51,3,No,2,No
1802,Aditya,20,Male,Chennai,B.Tech,7.0,80,15,76,70,3,Yes,0,Yes
1803,Riya,21,Female,Noida,BCA,5.3,77,12,57,54,2,Yes,1,No
1804,Kavya,18,Female,Kolkata,B.Tech,5.6,83,9,61,58,2,Yes,0,No
1805,Dhruv,18,Male,Jaipur,BCA,3.2,72,5,46,40,2,No,1,No
1806,Kavya,18,Female,Solan,B.Tech,9.4,93,18,79,77,4,Yes,0,Yes
1807,Ananya,22,Female,Kolkata,MCA,7.9,88,14,71,69,3,Yes,0,No
1808,Anika,20,Female,Chennai,B.Tech,5.8,82,10,59,54,2,Yes,3,Yes
1809,Shaurya,18,Male,Gurugram,B.Tech,5.2,79,7,62,54,3,No,1,No
1810,Vansh,20,Male,Kolkata,BCA,6.5,81,10,68,63,3,No,0,Yes
1811,Aadhya,21,Female,Delhi,B.Tech,6.5,85,12,64,61,2,No,0,No
1812,Neha,20,Female,Ahmedabad,B.Sc,4.6,72,7,51,40,1,No,1,No
1813,Reyansh,23,Male,Bangalore,MCA,3.0,74,5,48,40,2,No,1,No
1814,Aadhya,20,Female,Chennai,B.Tech,5.7,77,10,50,49,3,No,2,No
1815,Riya,22,Female,Solan,BCA,4.2,76,6,53,47,1,No,1,No
1816,Shaurya,22,Male,Bangalore,M.Tech,6.8,83,12,70,64,4,No,0,No
1817,Diya,20,Female,Hyderabad,B.Sc,6.8,82,14,63,60,4,Yes,0,Yes
1818,Dhruv,21,Male,Chandigarh,M.Tech,5.0,82,9,60,52,3,Yes,1,No
1819,Rahul,22,Male,Gurugram,B.Tech,5.7,82,10,61,60,3,No,0,No
1820,Reyansh,20,Male,Chandigarh,B.Tech,9.1,92,18,90,85,5,Yes,0,Yes
1821,Sanya,22,Female,Hyderabad,B.Tech,7.7,92,15,73,74,5,Yes,0,Yes
1822,Aditya,19,Male,Solan,B.Tech,5.8,83,12,65,62,3,Yes,1,No
1823,Vivaan,22,Male,Pune,B.Sc,9.9,92,14,80,82,5,Yes,0,Yes
1824,Vansh,18,Male,Shimla,B.Tech,4.7,70,8,52,46,3,No,1,No
1825,Meera,20,Female,Bangalore,BCA,5.3,79,9,61,54,2,Yes,2,No
1826,Simran,18,Female,Solan,B.Tech,6.3,86,10,64,60,4,No,0,No
1827,Vivaan,24,Male,Mumbai,MCA,4.2,77,9,56,47,3,No,1,No
1828,Vivaan,22,Male,Noida,B.Tech,9.2,97,16,88,87,5,No,0,Yes
1829,Priya,22,Female,Chennai,B.Tech,6.8,82,10,67,62,4,No,0,Yes
1830,Aditya,22,Male,Ahmedabad,B.Sc,5.3,78,10,57,55,3,No,1,No
1831,Rohan,19,Male,Delhi,B.Tech,7.2,85,13,58,57,3,Yes,0,No
1832,Arjun,18,Male,Bangalore,BCA,6.7,84,11,65,57,4,No,1,No
1833,Dhruv,21,Male,Solan,BCA,6.0,83,12,68,56,2,No,1,No
1834,Arjun,22,Male,Kolkata,MCA,4.7,81,9,55,48,2,Yes,3,Yes
1835,Dhruv,19,Male,Ahmedabad,B.Sc,4.3,81,9,56,46,1,No,3,No
1836,Dhruv,20,Male,Pune,B.Sc,9.8,99,18,87,84,5,Yes,0,Yes
1837,Sanya,24,Female,Delhi,M.Tech,4.5,78,10,48,47,3,No,1,No
1838,Reyansh,25,Male,Noida,M.Tech,9.0,90,16,84,80,5,Yes,0,Yes
1839,Meera,22,Female,Hyderabad,B.Sc,5.2,79,7,53,44,2,No,1,No
1840,Anika,20,Female,Bangalore,BCA,7.7,89,14,73,72,4,Yes,0,Yes
1841,Rohan,22,Male,Chennai,B.Sc,7.2,86,10,72,72,3,No,0,Yes
1842,Neha,18,Female,Pune,BCA,7.5,84,12,68,68,5,No,0,No
1843,Krishna,25,Male,Chandigarh,M.Tech,7.6,85,16,78,71,4,No,0,Yes
1844,Kavya,18,Female,Gurugram,B.Sc,4.1,77,6,59,50,3,No,2,No
1845,Aarav,20,Male,Kolkata,B.Tech,5.5,79,8,56,50,3,No,3,No
1846,Vansh,20,Male,Chennai,B.Tech,4.4,75,9,49,42,3,No,1,No
1847,Ishaan,18,Male,Gurugram,B.Tech,6.8,84,14,66,63,3,Yes,1,Yes
1848,Meera,22,Female,Gurugram,B.Tech,4.5,73,6,56,49,1,No,3,No
1849,Krishna,20,Male,Chennai,B.Tech,3.5,72,7,48,40,2,No,3,No
1850,Isha,20,Female,Mumbai,BCA,6.1,80,10,66,66,3,Yes,0,No
1851,Reyansh,18,Male,Delhi,B.Tech,3.2,69,6,49,41,1,No,2,No
1852,Meera,20,Female,Hyderabad,B.Sc,6.9,81,12,63,65,4,No,0,Yes
1853,Aarav,22,Male,Hyderabad,B.Tech,4.6,76,6,55,56,2,No,0,Yes
1854,Meera,20,Female,Ahmedabad,B.Tech,5.2,80,9,58,52,3,No,2,No
1855,Aditya,18,Male,Kolkata,BCA,3.1,74,7,47,40,3,No,1,No
1856,Shaurya,25,Male,Pune,MCA,9.0,87,19,84,84,3,Yes,0,Yes
1857,Aditya,21,Male,Hyderabad,BCA,4.3,80,8,53,47,1,No,2,No
1858,Krishna,18,Male,Noida,BCA,6.0,82,10,60,56,2,No,0,No
1859,Diya,21,Female,Chennai,BCA,3.8,70,5,43,46,3,No,2,No
1860,Dhruv,20,Male,Delhi,B.Tech,5.2,77,9,64,60,2,No,0,No
1861,Priya,22,Female,Shimla,BCA,9.1,86,16,80,74,4,Yes,0,Yes
1862,Krishna,20,Male,Hyderabad,B.Tech,6.9,79,13,61,65,3,No,0,No
1863,Sanya,22,Female,Noida,BCA,5.4,84,10,66,63,2,No,1,No
1864,Ayaan,19,Male,Chandigarh,B.Sc,6.4,80,12,57,60,2,No,0,No
1865,Vivaan,20,Male,Chennai,B.Sc,5.7,82,10,55,55,2,Yes,0,No
1866,Kavya,20,Female,Pune,B.Tech,6.4,82,14,64,65,4,No,0,No
1867,Ishaan,20,Male,Solan,B.Sc,7.6,87,15,71,72,5,No,0,Yes
1868,Ayaan,18,Male,Kolkata,B.Tech,6.0,82,10,64,61,2,No,2,No
1869,Aadhya,22,Female,Chennai,B.Tech,6.8,78,14,57,58,3,No,1,No
1870,Kavya,22,Female,Chandigarh,B.Tech,6.9,88,11,71,64,3,Yes,1,Yes
1871,Arjun,22,Male,Chennai,BCA,6.0,81,10,68,58,4,No,2,Yes
1872,Ayaan,18,Male,Bangalore,B.Tech,5.4,77,9,54,54,3,No,1,No
1873,Meera,22,Female,Hyderabad,B.Sc,5.7,81,12,59,58,2,Yes,1,Yes
1874,Kabir,23,Male,Mumbai,MCA,7.5,84,13,68,67,3,No,1,No
1875,Aarav,21,Male,Chandigarh,B.Tech,7.7,88,13,75,69,5,Yes,0,Yes
1876,Kabir,19,Male,Shimla,BCA,4.8,76,9,50,43,2,No,3,No
1877,Diya,22,Female,Bangalore,B.Tech,6.1,83,12,59,56,3,No,2,No
1878,Meera,18,Female,Chennai,BCA,5.4,78,12,58,56,1,No,0,No
1879,Dhruv,18,Male,Delhi,B.Tech,7.7,84,12,73,77,4,Yes,0,Yes
1880,Krishna,25,Male,Bangalore,M.Tech,5.8,81,12,62,57,3,Yes,2,No
1881,Ayaan,21,Male,Shimla,BCA,9.8,93,15,84,86,4,Yes,0,Yes
1882,Ananya,22,Female,Jaipur,B.Sc,6.8,78,14,68,68,3,No,0,Yes
1883,Shaurya,18,Male,Kolkata,B.Tech,8.3,90,17,78,76,4,No,0,Yes
1884,Vansh,22,Male,Jaipur,MCA,5.0,76,11,51,49,1,Yes,2,No
1885,Sanya,24,Female,Jaipur,MCA,6.5,84,13,55,58,2,No,1,No
1886,Aditya,22,Male,Noida,B.Sc,7.4,83,12,72,72,5,No,0,Yes
1887,Anushka,22,Female,Noida,MCA,5.0,74,10,54,50,1,No,2,No
1888,Dhruv,22,Male,Mumbai,B.Tech,6.5,86,10,62,59,2,No,0,No
1889,Aarav,21,Male,Gurugram,BCA,8.1,91,13,83,79,5,Yes,0,Yes
1890,Kabir,18,Male,Hyderabad,B.Sc,6.0,81,10,69,57,3,Yes,1,Yes
1891,Meera,21,Female,Mumbai,BCA,5.2,80,9,63,57,2,No,2,No
1892,Neha,23,Female,Bangalore,MCA,9.2,95,17,85,86,5,Yes,0,Yes
1893,Riya,22,Female,Solan,B.Tech,4.7,76,7,41,46,2,No,3,No
1894,Reyansh,19,Male,Bangalore,B.Tech,6.7,80,13,70,68,3,No,0,No
1895,Simran,19,Female,Kolkata,B.Tech,5.4,80,8,55,44,3,No,3,No
1896,Ishaan,24,Male,Ahmedabad,MCA,5.1,81,9,56,56,2,No,2,No
1897,Reyansh,24,Male,Hyderabad,M.Tech,7.6,88,13,77,77,4,Yes,0,Yes
1898,Sanya,21,Female,Pune,BCA,6.2,82,13,72,62,2,No,0,No
1899,Rahul,19,Male,Solan,BCA,7.1,87,14,76,69,3,No,1,No
1900,Reyansh,18,Male,Hyderabad,B.Sc,3.1,70,5,44,42,1,No,3,No
1901,Dhruv,19,Male,Pune,B.Sc,7.3,89,10,75,71,3,Yes,0,Yes
1902,Aditya,18,Male,Jaipur,B.Tech,5.4,83,8,56,51,1,No,3,No
1903,Rahul,21,Male,Chennai,B.Sc,3.7,69,8,40,40,1,No,1,No
1904,Sanya,20,Female,Ahmedabad,BCA,9.3,96,17,89,94,4,Yes,0,Yes
1905,Aditya,19,Male,Delhi,BCA,7.4,93,16,75,73,4,No,0,Yes
1906,Riya,21,Female,Hyderabad,B.Tech,6.8,85,14,62,60,4,No,1,Yes
1907,Kavya,19,Female,Chennai,B.Sc,8.4,92,16,79,81,4,No,0,Yes
1908,Aarav,24,Male,Chennai,MCA,6.9,82,13,70,66,3,No,0,Yes
1909,Shaurya,19,Male,Pune,B.Sc,5.3,77,8,61,59,2,Yes,2,No
1910,Reyansh,22,Male,Shimla,B.Sc,6.2,81,10,66,63,3,No,1,No
1911,Simran,19,Female,Solan,BCA,5.5,78,11,57,52,4,Yes,2,No
1912,Aarav,22,Male,Noida,B.Sc,5.7,76,10,56,55,2,Yes,1,No
1913,Priya,18,Female,Mumbai,BCA,4.6,76,9,54,50,2,No,3,No
1914,Rahul,19,Male,Hyderabad,B.Sc,5.0,80,11,60,56,2,Yes,0,No
1915,Sanya,18,Female,Solan,BCA,7.8,83,14,76,78,4,Yes,0,Yes
1916,Reyansh,20,Male,Kolkata,B.Sc,7.0,85,12,75,76,3,Yes,0,Yes
1917,Ishaan,22,Male,Delhi,B.Sc,5.7,80,9,61,58,3,No,0,No
1918,Neha,19,Female,Chandigarh,B.Sc,5.0,77,10,51,42,2,No,2,No
1919,Tara,18,Female,Shimla,B.Sc,5.9,82,12,67,63,2,No,1,No
1920,Shaurya,21,Male,Kolkata,BCA,4.0,75,10,50,43,1,No,4,No
1921,Kavya,21,Female,Mumbai,MCA,6.7,82,12,61,55,3,No,0,No
1922,Ishaan,19,Male,Pune,BCA,7.9,91,14,78,77,4,No,0,Yes
1923,Sanya,23,Female,Kolkata,M.Tech,10.0,97,19,94,93,5,Yes,0,Yes
1924,Neha,22,Female,Ahmedabad,B.Sc,4.8,82,8,58,49,2,No,2,No
1925,Krishna,21,Male,Hyderabad,B.Tech,7.9,87,13,80,72,5,No,0,Yes
1926,Vansh,21,Male,Shimla,MCA,5.4,78,10,56,57,4,No,0,No
1927,Kabir,19,Male,Solan,BCA,4.8,76,9,51,49,3,No,1,No
1928,Anushka,22,Female,Ahmedabad,M.Tech,4.8,80,9,59,50,2,No,2,No
1929,Diya,22,Female,Ahmedabad,B.Sc,6.7,83,13,65,64,3,No,2,No
1930,Dhruv,21,Male,Ahmedabad,B.Tech,5.1,78,11,62,54,1,No,4,No
1931,Arjun,18,Male,Hyderabad,BCA,5.6,85,11,63,59,1,No,2,No
1932,Meera,18,Female,Shimla,BCA,5.8,76,11,64,60,4,No,0,No
1933,Meera,21,Female,Ahmedabad,MCA,5.4,80,8,62,48,3,No,1,No
1934,Anika,22,Female,Pune,B.Sc,5.3,78,10,54,51,5,No,3,No
1935,Ishaan,22,Male,Jaipur,BCA,3.0,70,5,40,40,1,No,2,No
1936,Krishna,21,Male,Jaipur,B.Sc,6.6,80,10,68,62,3,Yes,1,No
1937,Rahul,18,Male,Gurugram,BCA,6.6,81,13,68,60,4,Yes,0,Yes
1938,Anika,18,Female,Gurugram,B.Tech,5.3,77,10,53,50,2,No,1,No
1939,Rahul,21,Male,Chandigarh,B.Tech,7.0,86,13,73,67,3,No,0,Yes
1940,Neha,21,Female,Mumbai,B.Tech,8.6,93,16,86,84,4,No,0,Yes
1941,Rahul,21,Male,Bangalore,B.Tech,6.5,77,12,60,58,3,No,0,No
1942,Tara,19,Female,Ahmedabad,B.Tech,8.5,86,15,69,71,4,No,0,Yes
1943,Neha,21,Female,Delhi,B.Tech,9.9,96,20,92,91,4,Yes,0,Yes
1944,Sanya,23,Female,Ahmedabad,MCA,10.0,97,18,94,90,3,Yes,0,Yes
1945,Arjun,22,Male,Kolkata,B.Tech,4.7,72,5,49,43,2,No,3,No
1946,Kabir,21,Male,Pune,B.Tech,4.7,79,5,58,58,2,No,0,Yes
1947,Shaurya,19,Male,Jaipur,B.Tech,5.8,80,12,62,57,3,No,1,No
1948,Neha,20,Female,Pune,BCA,6.7,86,9,67,63,4,No,0,Yes
1949,Tara,19,Female,Solan,BCA,8.9,89,15,82,85,4,Yes,0,Yes
1950,Diya,19,Female,Solan,B.Tech,7.4,82,11,68,72,3,No,0,Yes
1951,Priya,19,Female,Pune,B.Sc,4.7,76,8,49,50,3,No,3,No
1952,Riya,19,Female,Pune,B.Sc,5.6,79,11,61,55,4,No,0,No
1953,Rohan,18,Male,Mumbai,BCA,6.4,81,11,65,62,3,No,1,No
1954,Ananya,22,Female,Mumbai,BCA,4.3,74,7,41,41,3,No,1,No
1955,Reyansh,18,Male,Pune,BCA,6.5,88,13,63,67,4,No,0,No
1956,Aditya,20,Male,Solan,B.Tech,4.7,71,12,49,47,2,No,1,No
1957,Rahul,18,Male,Mumbai,B.Sc,4.0,71,8,50,45,1,No,1,No
1958,Ishaan,23,Male,Delhi,MCA,5.1,77,8,50,45,3,No,1,No
1959,Vansh,21,Male,Kolkata,B.Sc,7.1,85,14,68,62,4,No,0,No
1960,Tara,20,Female,Chennai,B.Tech,7.1,87,15,78,76,3,Yes,0,Yes
1961,Krishna,21,Male,Jaipur,M.Tech,6.6,86,13,68,65,4,No,0,No
1962,Isha,18,Female,Mumbai,BCA,8.0,91,12,77,76,3,Yes,0,Yes
1963,Aarav,20,Male,Mumbai,B.Tech,7.8,89,15,74,75,3,No,0,Yes
1964,Kabir,18,Male,Chandigarh,BCA,6.8,79,12,70,68,3,No,0,No
1965,Reyansh,20,Male,Shimla,B.Sc,6.6,78,12,64,64,3,No,0,Yes
1966,Aarav,22,Male,Kolkata,MCA,6.7,87,11,67,66,2,No,0,No
1967,Kavya,22,Female,Ahmedabad,BCA,6.3,85,12,66,62,3,Yes,1,No
1968,Rohan,20,Male,Bangalore,B.Tech,3.2,73,5,51,42,1,No,3,No
1969,Diya,19,Female,Chandigarh,B.Sc,8.2,86,17,77,78,4,Yes,0,Yes
1970,Aditya,22,Male,Gurugram,M.Tech,7.1,84,13,69,63,3,No,0,No
1971,Riya,19,Female,Jaipur,B.Tech,4.7,75,8,58,48,3,No,3,No
1972,Neha,22,Female,Bangalore,MCA,8.6,87,16,76,76,4,No,0,Yes
1973,Meera,20,Female,Jaipur,BCA,5.6,80,11,47,48,1,No,2,No
1974,Shaurya,18,Male,Hyderabad,B.Sc,6.3,89,12,69,66,3,No,0,Yes
1975,Aditya,19,Male,Ahmedabad,BCA,8.0,87,14,77,74,3,No,0,Yes
1976,Dhruv,21,Male,Mumbai,BCA,6.8,88,14,67,62,4,No,0,Yes
1977,Isha,19,Female,Jaipur,B.Sc,8.5,87,17,76,77,4,Yes,0,Yes
1978,Rohan,21,Male,Chennai,MCA,6.0,76,11,65,64,4,No,0,No
1979,Dhruv,18,Male,Solan,B.Tech,9.0,94,17,84,83,3,No,0,No
1980,Simran,22,Female,Hyderabad,BCA,5.3,78,9,64,53,3,No,3,No
1981,Krishna,22,Male,Gurugram,B.Tech,8.5,94,16,81,79,4,No,0,Yes
1982,Anushka,19,Female,Gurugram,B.Tech,3.1,75,7,45,40,1,No,2,No
1983,Aditya,19,Male,Ahmedabad,B.Sc,4.8,76,9,57,51,1,No,1,No
1984,Kabir,22,Male,Shimla,B.Tech,6.9,88,11,71,61,3,No,0,No
1985,Tara,19,Female,Chandigarh,B.Sc,5.9,78,9,62,57,1,No,0,No
1986,Aditya,21,Male,Ahmedabad,BCA,6.4,80,12,63,62,2,No,1,No
1987,Anushka,23,Female,Kolkata,M.Tech,6.6,86,11,65,61,3,No,1,No
1988,Dhruv,22,Male,Hyderabad,B.Tech,4.7,72,10,50,50,3,No,1,No
1989,Arjun,22,Male,Pune,B.Tech,4.8,77,6,57,52,2,No,3,No
1990,Priya,18,Female,Pune,B.Tech,6.8,88,14,72,64,3,Yes,0,Yes
1991,Tara,22,Female,Bangalore,MCA,5.5,83,10,50,52,2,Yes,2,Yes
1992,Ananya,22,Female,Kolkata,BCA,8.5,88,14,75,77,3,No,0,Yes
1993,Kabir,22,Male,Chandigarh,B.Tech,6.2,85,10,59,61,4,No,0,No
1994,Sanya,24,Female,Gurugram,MCA,7.6,83,13,69,70,2,No,0,Yes
1995,Rohan,22,Male,Delhi,MCA,7.2,83,14,67,67,3,No,0,No
1996,Ayaan,23,Male,Pune,MCA,5.6,80,8,61,53,1,No,1,No
1997,Neha,21,Female,Kolkata,B.Tech,3.5,73,5,47,43,2,No,1,No
1998,Vansh,20,Male,Bangalore,BCA,8.3,86,14,84,79,5,No,0,Yes
1999,Aadhya,18,Female,Hyderabad,B.Sc,5.0,83,9,60,56,3,No,0,No
2000,Reyansh,22,Male,Mumbai,BCA,5.9,75,12,62,65,3,No,0,No
2001,Reyansh,21,Male,Noida,B.Tech,6.3,82,12,59,61,2,No,0,No
2002,Isha,20,Female,Jaipur,B.Tech,6.4,83,11,64,62,3,Yes,2,No
2003,Riya,22,Female,Kolkata,M.Tech,7.9,82,15,68,69,3,No,0,No
2004,Aadhya,18,Female,Hyderabad,B.Tech,6.5,87,12,70,63,2,No,1,No
2005,Neha,18,Female,Jaipur,B.Sc,6.3,80,11,64,53,3,No,3,No
2006,Ananya,22,Female,Kolkata,BCA,8.0,88,15,74,73,4,No,0,No
2007,Kavya,22,Female,Delhi,B.Sc,7.4,87,10,76,70,5,Yes,1,Yes
2008,Anika,20,Female,Chandigarh,B.Sc,5.4,75,11,56,53,3,No,1,No
2009,Krishna,20,Male,Chandigarh,BCA,4.8,74,9,59,51,2,No,2,No
2010,Vansh,18,Male,Gurugram,BCA,5.3,83,12,65,58,4,Yes,2,No
2011,Arjun,20,Male,Kolkata,B.Sc,6.4,82,10,62,63,5,No,0,No
2012,Sanya,22,Female,Chandigarh,B.Tech,4.6,68,9,55,50,2,No,1,No
2013,Isha,18,Female,Gurugram,B.Sc,6.6,82,9,66,59,3,No,0,No
2014,Rahul,18,Male,Hyderabad,B.Sc,6.3,82,9,63,57,2,Yes,0,No
2015,Sanya,19,Female,Delhi,BCA,3.0,71,5,45,40,1,No,3,No
2016,Anika,19,Female,Chandigarh,BCA,4.4,69,7,43,43,1,No,4,No
2017,Krishna,20,Male,Mumbai,B.Tech,3.0,70,7,41,40,1,No,3,No
2018,Sanya,20,Female,Kolkata,B.Sc,6.0,79,13,63,59,3,Yes,0,No
2019,Tara,22,Female,Gurugram,B.Tech,8.1,89,17,75,76,4,Yes,0,Yes
2020,Dhruv,25,Male,Delhi,M.Tech,3.7,74,8,52,49,1,No,4,No
2021,Tara,22,Female,Chennai,M.Tech,4.5,77,9,52,47,1,No,3,No
2022,Vansh,18,Male,Mumbai,B.Tech,6.3,86,9,66,61,2,No,1,No
2023,Isha,21,Female,Delhi,B.Tech,4.9,84,11,58,51,2,No,2,No
2024,Priya,21,Female,Kolkata,BCA,4.9,74,11,48,46,2,Yes,2,No
2025,Tara,23,Female,Pune,M.Tech,7.3,84,11,72,73,2,No,0,Yes
2026,Aditya,21,Male,Gurugram,BCA,5.8,83,11,63,59,3,Yes,0,Yes
2027,Sanya,21,Female,Noida,BCA,4.3,75,7,44,43,2,No,3,No
2028,Riya,19,Female,Delhi,B.Sc,3.4,64,9,40,40,1,No,2,No
2029,Arjun,18,Male,Noida,B.Tech,9.8,94,16,85,90,3,Yes,0,Yes
2030,Priya,22,Female,Noida,BCA,8.2,92,15,83,83,5,No,0,Yes
2031,Kabir,19,Male,Hyderabad,B.Tech,5.8,76,11,70,61,2,No,2,No
2032,Aadhya,22,Female,Ahmedabad,B.Sc,6.6,84,12,59,58,3,No,0,No
2033,Rahul,19,Male,Bangalore,B.Tech,5.8,75,14,66,63,3,Yes,0,Yes
2034,Ayaan,19,Male,Solan,BCA,7.3,88,16,76,80,3,Yes,0,Yes
2035,Ishaan,24,Male,Hyderabad,MCA,5.2,79,7,55,46,3,No,2,No
2036,Priya,22,Female,Gurugram,BCA,5.7,78,11,67,59,3,No,2,No
2037,Rahul,19,Male,Chennai,B.Sc,7.2,84,13,71,67,4,Yes,0,No
2038,Neha,21,Female,Solan,B.Tech,8.7,86,17,77,80,4,No,0,Yes
2039,Rohan,20,Male,Shimla,BCA,7.6,90,14,67,68,3,No,0,No
2040,Ishaan,22,Male,Chandigarh,B.Tech,8.4,87,14,77,74,4,Yes,0,Yes
2041,Simran,19,Female,Gurugram,BCA,6.0,83,9,63,55,4,No,0,No
2042,Anika,20,Female,Noida,B.Tech,5.6,77,9,68,63,3,No,1,No
2043,Vansh,21,Male,Jaipur,B.Tech,3.6,79,6,46,40,1,No,2,No
2044,Isha,19,Female,Pune,B.Tech,6.6,88,12,65,59,3,No,0,Yes
2045,Meera,21,Female,Solan,B.Tech,7.1,91,12,70,65,4,Yes,1,No
2046,Diya,21,Female,Ahmedabad,BCA,6.0,88,13,76,65,4,No,0,No
2047,Rohan,21,Male,Kolkata,BCA,5.3,77,10,53,49,3,No,4,No
2048,Ayaan,22,Male,Ahmedabad,B.Tech,8.4,87,16,82,75,4,No,0,Yes
2049,Riya,20,Female,Pune,B.Sc,7.4,92,13,68,64,2,No,0,No
2050,Reyansh,20,Male,Hyderabad,BCA,8.5,89,14,80,85,4,Yes,0,Yes
2051,Neha,18,Female,Mumbai,BCA,5.1,80,11,58,54,2,No,3,No
2052,Aadhya,22,Female,Pune,MCA,5.4,77,8,55,51,1,No,1,No
2053,Anushka,21,Female,Pune,B.Tech,8.3,87,12,79,78,5,Yes,0,Yes
2054,Neha,19,Female,Shimla,B.Tech,6.4,85,12,63,61,3,No,1,No
2055,Tara,20,Female,Ahmedabad,BCA,5.6,74,9,51,47,4,No,2,No
2056,Dhruv,23,Male,Ahmedabad,M.Tech,5.8,83,10,61,51,2,No,1,No
2057,Isha,21,Female,Jaipur,BCA,6.5,84,13,62,58,2,Yes,0,Yes
2058,Kabir,25,Male,Shimla,MCA,8.0,86,13,75,72,4,No,1,No
2059,Arjun,21,Male,Pune,B.Sc,6.3,82,9,63,60,3,No,1,No
2060,Kavya,21,Female,Shimla,BCA,7.7,87,16,80,69,4,No,0,No
2061,Isha,18,Female,Noida,B.Sc,7.2,86,13,69,74,3,Yes,0,Yes
2062,Sanya,22,Female,Jaipur,BCA,5.2,80,11,59,61,2,No,1,No
2063,Aadhya,19,Female,Gurugram,BCA,5.2,76,10,52,51,2,No,1,No
2064,Ayaan,22,Male,Gurugram,BCA,5.8,88,11,62,58,2,No,0,No
2065,Arjun,21,Male,Chandigarh,B.Sc,4.5,75,8,49,43,3,No,2,No
2066,Riya,21,Female,Mumbai,BCA,5.7,80,11,65,61,3,No,0,Yes
2067,Dhruv,21,Male,Hyderabad,B.Tech,8.8,97,18,80,78,4,No,0,Yes
2068,Aarav,21,Male,Bangalore,B.Sc,6.5,77,13,61,63,3,No,0,Yes
2069,Shaurya,21,Male,Pune,B.Sc,5.4,85,9,62,59,3,No,2,No
2070,Arjun,25,Male,Pune,M.Tech,9.4,93,18,81,79,5,No,0,Yes
2071,Arjun,21,Male,Bangalore,BCA,5.1,76,8,62,53,3,No,1,No
2072,Krishna,20,Male,Chennai,B.Tech,5.1,74,9,63,59,1,No,1,No
2073,Shaurya,20,Male,Jaipur,B.Tech,8.3,85,16,72,74,3,No,0,Yes
2074,Dhruv,18,Male,Ahmedabad,B.Sc,7.5,85,13,75,68,3,No,0,No
2075,Neha,19,Female,Bangalore,B.Tech,6.3,83,12,61,57,3,No,0,No
2076,Dhruv,23,Male,Bangalore,MCA,7.7,89,14,73,70,3,No,0,Yes
2077,Aditya,18,Male,Chandigarh,B.Tech,7.0,85,12,72,68,4,No,0,Yes
2078,Aadhya,25,Female,Ahmedabad,MCA,4.7,75,10,54,49,2,No,2,No
2079,Rohan,19,Male,Mumbai,B.Sc,3.0,75,5,46,41,2,No,1,No
2080,Anushka,24,Female,Pune,MCA,5.6,88,11,68,61,2,Yes,0,No
2081,Riya,21,Female,Bangalore,B.Tech,8.1,93,15,82,78,3,Yes,0,Yes
2082,Rahul,22,Male,Delhi,BCA,5.9,80,11,62,56,3,No,2,No
2083,Rahul,19,Male,Mumbai,B.Tech,7.2,87,12,68,67,4,Yes,0,Yes
2084,Anushka,20,Female,Mumbai,B.Tech,6.8,85,12,68,65,4,No,0,No
2085,Tara,19,Female,Delhi,B.Tech,4.0,79,7,48,41,3,No,2,No
2086,Kabir,18,Male,Chandigarh,B.Sc,5.9,80,12,65,56,3,No,0,Yes
2087,Riya,22,Female,Solan,B.Tech,7.0,82,12,67,69,3,No,1,No
2088,Vivaan,23,Male,Shimla,MCA,5.3,82,11,55,57,2,No,2,No
2089,Tara,19,Female,Ahmedabad,B.Tech,6.0,82,10,68,63,3,No,1,No
2090,Kabir,19,Male,Mumbai,BCA,7.1,82,13,68,70,4,Yes,0,Yes
2091,Isha,20,Female,Jaipur,B.Tech,6.6,85,11,64,62,4,No,0,No
2092,Ananya,18,Female,Kolkata,B.Sc,8.1,94,17,83,74,4,Yes,0,Yes
2093,Riya,18,Female,Jaipur,B.Tech,7.1,83,15,74,70,3,Yes,0,Yes
2094,Rohan,22,Male,Pune,MCA,5.1,75,10,48,46,3,No,1,No
2095,Kabir,21,Male,Hyderabad,BCA,5.8,80,10,65,61,1,No,0,No
2096,Dhruv,23,Male,Mumbai,M.Tech,6.5,85,9,67,68,4,No,0,No
2097,Aditya,18,Male,Bangalore,B.Tech,8.5,90,16,82,77,5,No,0,No
2098,Ayaan,18,Male,Chennai,BCA,5.8,84,11,62,59,2,Yes,2,No
2099,Sanya,18,Female,Shimla,B.Sc,3.9,74,8,51,47,1,No,2,No
2100,Vivaan,25,Male,Solan,MCA,7.2,88,11,70,71,5,Yes,0,Yes
2101,Kabir,21,Male,Kolkata,BCA,5.4,77,10,62,59,2,Yes,0,Yes
2102,Simran,21,Female,Noida,MCA,4.6,72,9,49,42,2,No,1,No
2103,Kavya,21,Female,Kolkata,B.Tech,6.5,82,10,69,61,4,No,0,No
2104,Priya,19,Female,Shimla,B.Sc,8.0,84,15,74,75,3,Yes,0,Yes
2105,Neha,19,Female,Jaipur,B.Tech,5.6,81,9,63,56,3,Yes,1,No
2106,Vansh,22,Male,Chennai,B.Tech,7.2,79,12,64,61,3,Yes,0,No
2107,Vansh,21,Male,Solan,BCA,7.5,85,13,73,74,5,Yes,0,Yes
2108,Tara,23,Female,Kolkata,MCA,7.7,86,13,75,71,3,No,0,Yes
2109,Ananya,25,Female,Mumbai,M.Tech,5.4,76,12,65,63,1,Yes,0,Yes
2110,Vivaan,18,Male,Shimla,BCA,4.8,76,8,57,50,2,Yes,2,No
2111,Anika,22,Female,Chandigarh,MCA,5.0,78,8,54,48,2,No,3,No
2112,Rahul,19,Male,Pune,BCA,7.7,91,15,72,70,4,No,1,No
2113,Rahul,20,Male,Gurugram,B.Sc,7.5,83,15,74,73,4,No,1,No
2114,Ananya,22,Female,Mumbai,B.Tech,5.1,79,10,55,52,1,No,2,No
2115,Isha,21,Female,Chandigarh,BCA,9.7,96,20,85,91,5,No,0,No
2116,Tara,19,Female,Kolkata,B.Tech,4.9,77,9,52,49,2,No,2,Yes
2117,Reyansh,18,Male,Jaipur,B.Tech,8.0,87,15,75,72,3,Yes,0,Yes
2118,Riya,20,Female,Mumbai,BCA,8.8,87,15,80,83,4,Yes,0,Yes
2119,Vansh,23,Male,Bangalore,MCA,6.7,89,14,68,66,4,No,1,No
2120,Krishna,20,Male,Gurugram,BCA,5.3,79,9,65,56,1,No,2,No
2121,Riya,21,Female,Chandigarh,M.Tech,5.4,78,9,60,56,2,No,0,No
2122,Isha,23,Female,Ahmedabad,MCA,6.1,88,10,73,66,4,No,0,No
2123,Anushka,21,Female,Noida,B.Tech,8.1,89,16,77,74,3,No,0,No
2124,Priya,21,Female,Bangalore,BCA,4.7,84,9,54,49,2,No,1,No
2125,Ananya,22,Female,Gurugram,B.Sc,3.7,69,7,42,40,1,No,2,No
2126,Aadhya,25,Female,Solan,M.Tech,7.0,84,12,68,64,4,No,0,No
2127,Aarav,24,Male,Hyderabad,M.Tech,7.4,82,13,73,71,2,Yes,0,Yes
2128,Vivaan,18,Male,Shimla,B.Sc,9.5,93,17,84,82,5,Yes,0,Yes
2129,Reyansh,22,Male,Ahmedabad,BCA,4.4,75,10,55,46,2,No,4,No
2130,Ayaan,20,Male,Pune,B.Sc,6.3,81,9,70,64,3,No,1,No
2131,Tara,21,Female,Chennai,B.Tech,8.2,89,15,73,71,3,No,0,Yes
2132,Vansh,19,Male,Hyderabad,B.Tech,6.7,82,14,62,57,4,No,1,No
2133,Arjun,18,Male,Pune,B.Sc,6.2,81,8,67,58,1,Yes,0,No
2134,Vansh,21,Male,Shimla,MCA,7.7,85,14,74,73,3,No,0,Yes
2135,Riya,24,Female,Chandigarh,M.Tech,5.6,84,12,63,58,4,No,1,No
2136,Ishaan,19,Male,Shimla,B.Tech,7.8,84,13,75,73,4,Yes,1,Yes
2137,Meera,18,Female,Mumbai,B.Sc,4.6,77,9,48,44,3,No,2,No
2138,Reyansh,25,Male,Shimla,MCA,4.2,71,6,51,41,2,No,1,No
2139,Arjun,19,Male,Shimla,B.Sc,6.1,79,11,63,57,4,No,0,No
2140,Anushka,20,Female,Ahmedabad,B.Tech,3.0,68,7,44,40,1,No,2,No
2141,Diya,22,Female,Solan,B.Sc,6.6,83,14,62,62,3,No,0,No
2142,Krishna,19,Male,Delhi,BCA,3.9,74,7,49,40,2,No,2,No
2143,Ananya,21,Female,Mumbai,B.Sc,6.9,81,11,65,56,4,Yes,2,No
2144,Simran,18,Female,Jaipur,B.Sc,6.8,83,12,71,71,2,Yes,0,Yes
2145,Krishna,25,Male,Jaipur,MCA,6.4,79,9,63,62,3,Yes,1,No
2146,Kavya,21,Female,Jaipur,B.Tech,7.2,82,13,66,62,3,Yes,0,Yes
2147,Riya,19,Female,Solan,BCA,6.8,87,14,65,62,3,No,1,No
2148,Simran,20,Female,Jaipur,BCA,6.1,77,9,65,59,2,No,2,No
2149,Tara,18,Female,Kolkata,B.Tech,9.2,92,16,87,85,2,Yes,0,Yes
2150,Diya,21,Female,Gurugram,M.Tech,7.1,90,12,79,71,4,No,0,Yes
2151,Isha,22,Female,Shimla,B.Tech,7.7,91,17,74,68,2,No,0,No
2152,Tara,21,Female,Shimla,BCA,8.1,90,15,72,73,4,Yes,0,Yes
2153,Isha,22,Female,Pune,MCA,7.5,86,15,71,74,3,Yes,0,Yes
2154,Kavya,19,Female,Solan,B.Tech,9.6,96,18,84,86,4,Yes,0,Yes
2155,Sanya,24,Female,Chennai,MCA,6.7,85,13,65,63,4,No,2,No
2156,Kavya,18,Female,Hyderabad,BCA,6.5,87,13,69,64,3,No,0,Yes
2157,Shaurya,21,Male,Delhi,B.Tech,5.5,79,10,63,55,2,No,0,Yes
2158,Kavya,22,Female,Jaipur,MCA,6.1,84,10,66,60,2,Yes,0,Yes
2159,Anika,21,Female,Shimla,B.Tech,5.4,78,8,59,55,2,No,1,No
2160,Ayaan,18,Male,Jaipur,BCA,7.5,92,16,78,77,4,No,0,Yes
2161,Kavya,22,Female,Mumbai,B.Tech,5.1,77,10,55,55,1,Yes,0,No
2162,Ayaan,18,Male,Ahmedabad,B.Tech,6.6,78,9,70,66,4,Yes,0,No
2163,Aarav,23,Male,Ahmedabad,MCA,7.3,86,13,83,76,3,Yes,0,No
2164,Diya,20,Female,Shimla,B.Sc,6.7,86,13,65,63,2,No,0,Yes
2165,Dhruv,21,Male,Mumbai,B.Tech,5.2,83,12,64,58,3,No,0,No
2166,Ananya,18,Female,Solan,B.Sc,7.5,83,12,76,72,3,Yes,0,Yes
2167,Aadhya,18,Female,Hyderabad,B.Sc,6.4,77,12,65,62,4,Yes,0,Yes
2168,Krishna,22,Male,Hyderabad,MCA,3.0,72,5,49,40,1,No,3,No
2169,Reyansh,22,Male,Gurugram,BCA,5.0,79,7,58,50,1,No,2,No
2170,Aditya,21,Male,Jaipur,MCA,8.6,86,17,80,76,4,No,0,No
2171,Kavya,21,Female,Chennai,BCA,8.7,89,14,79,79,5,Yes,0,Yes
2172,Sanya,19,Female,Pune,B.Sc,7.3,85,15,71,67,3,Yes,0,No
2173,Neha,22,Female,Chennai,M.Tech,7.7,89,11,77,81,4,Yes,0,Yes
2174,Reyansh,21,Male,Solan,B.Tech,5.3,77,9,59,55,2,No,1,No
2175,Neha,21,Female,Chennai,B.Tech,6.1,80,12,58,61,2,No,1,No
2176,Simran,18,Female,Pune,B.Tech,8.4,90,16,80,82,3,Yes,0,Yes
2177,Simran,18,Female,Solan,B.Tech,7.1,81,13,67,66,4,No,0,Yes
2178,Reyansh,19,Male,Pune,B.Tech,6.6,89,13,66,63,4,No,1,No
2179,Anushka,19,Female,Shimla,B.Sc,6.2,85,11,69,60,3,No,0,No
2180,Sanya,22,Female,Shimla,BCA,8.3,87,17,73,71,5,No,0,Yes
2181,Aadhya,19,Female,Hyderabad,BCA,8.2,85,15,74,76,4,No,0,Yes
2182,Aarav,21,Male,Shimla,BCA,7.5,83,15,66,67,4,No,0,No
2183,Isha,21,Female,Chennai,B.Tech,6.6,85,12,65,60,3,No,1,No
2184,Simran,22,Female,Jaipur,BCA,6.0,78,12,71,63,3,No,0,No
2185,Krishna,20,Male,Delhi,B.Sc,7.5,86,12,69,69,3,Yes,0,No
2186,Sanya,20,Female,Hyderabad,B.Tech,4.8,72,7,52,48,1,No,2,No
2187,Simran,24,Female,Solan,M.Tech,5.2,80,9,64,56,2,No,0,No
2188,Ishaan,20,Male,Ahmedabad,BCA,4.3,77,9,54,47,2,No,2,No
2189,Rohan,23,Male,Hyderabad,M.Tech,8.4,89,14,77,68,3,No,0,Yes
2190,Isha,22,Female,Mumbai,B.Tech,5.4,79,9,56,53,3,Yes,1,No
2191,Ishaan,19,Male,Hyderabad,B.Sc,7.1,87,13,73,65,3,Yes,0,Yes
2192,Simran,19,Female,Shimla,B.Sc,6.3,83,13,63,61,2,No,0,No
2193,Vivaan,23,Male,Solan,MCA,10.0,97,19,97,94,5,Yes,0,Yes
2194,Simran,18,Female,Jaipur,B.Sc,7.2,82,11,68,68,2,Yes,0,Yes
2195,Vansh,25,Male,Mumbai,M.Tech,3.7,74,7,55,48,3,No,1,No
2196,Riya,20,Female,Mumbai,B.Sc,8.3,90,14,81,83,4,Yes,0,Yes
2197,Riya,18,Female,Mumbai,B.Sc,5.9,84,10,67,55,3,No,0,Yes
2198,Anushka,21,Female,Gurugram,MCA,6.2,82,11,63,59,3,No,1,No
2199,Aadhya,22,Female,Jaipur,B.Sc,5.5,79,12,57,47,2,No,4,No
2200,Aditya,19,Male,Ahmedabad,BCA,6.8,82,11,66,65,3,Yes,0,No
2201,Sanya,21,Female,Gurugram,B.Tech,6.8,88,13,73,67,3,Yes,0,No
2202,Vansh,21,Male,Chandigarh,MCA,5.5,72,10,58,53,1,No,4,No
2203,Aarav,21,Male,Solan,BCA,5.7,81,10,53,53,3,Yes,1,No
2204,Aarav,21,Male,Mumbai,B.Sc,6.7,83,11,62,57,3,No,2,No
2205,Vansh,22,Male,Bangalore,B.Tech,3.0,70,5,42,41,3,No,3,No
2206,Ananya,19,Female,Hyderabad,BCA,4.3,74,7,53,46,2,No,1,No
2207,Anika,22,Female,Bangalore,B.Sc,9.0,91,17,80,80,4,Yes,0,Yes
2208,Vivaan,18,Male,Mumbai,BCA,7.0,86,12,67,64,2,No,0,Yes
2209,Aarav,19,Male,Shimla,BCA,5.7,78,10,56,56,2,No,1,No
2210,Aadhya,20,Female,Chennai,B.Tech,4.0,74,5,53,42,1,No,1,No
2211,Arjun,19,Male,Mumbai,B.Tech,6.4,83,11,66,64,4,No,0,Yes
2212,Vivaan,22,Male,Gurugram,B.Sc,8.0,85,15,81,75,4,Yes,0,Yes
2213,Ishaan,22,Male,Hyderabad,B.Tech,10.0,97,15,84,84,4,Yes,0,Yes
2214,Neha,21,Female,Shimla,B.Sc,9.3,94,18,87,87,5,Yes,0,Yes
2215,Tara,20,Female,Noida,BCA,5.2,76,8,59,53,2,No,3,No
2216,Ayaan,22,Male,Noida,M.Tech,5.8,77,13,63,60,2,No,0,Yes
2217,Arjun,20,Male,Chennai,B.Tech,4.3,73,8,54,49,1,No,3,No
2218,Ananya,21,Female,Pune,B.Tech,5.2,79,7,56,51,1,No,3,No
2219,Anushka,20,Female,Solan,BCA,6.2,81,12,63,60,3,No,0,No
2220,Dhruv,20,Male,Hyderabad,BCA,5.9,85,10,64,58,3,No,2,Yes
2221,Simran,19,Female,Shimla,B.Tech,9.6,92,18,81,82,3,No,0,Yes
2222,Rahul,23,Male,Hyderabad,MCA,4.5,73,11,56,51,1,No,3,No
2223,Rahul,21,Male,Hyderabad,BCA,6.4,84,13,56,53,4,No,4,No
2224,Sanya,18,Female,Chandigarh,B.Tech,3.4,69,6,40,40,1,No,4,No
2225,Ishaan,18,Male,Noida,B.Tech,7.0,82,11,61,62,4,Yes,0,No
2226,Tara,25,Female,Noida,MCA,4.5,73,9,56,45,1,No,2,No
2227,Aditya,18,Male,Noida,B.Tech,8.2,80,16,74,71,4,No,0,No
2228,Ishaan,19,Male,Bangalore,B.Tech,6.1,83,13,62,56,3,No,1,No
2229,Anika,22,Female,Mumbai,B.Tech,4.4,78,8,54,46,1,No,2,Yes
2230,Reyansh,18,Male,Shimla,B.Sc,3.3,74,6,47,40,1,No,4,No
2231,Isha,21,Female,Ahmedabad,MCA,5.0,83,9,53,52,2,No,2,No
2232,Ayaan,22,Male,Jaipur,B.Tech,6.9,89,13,71,70,3,No,0,Yes
2233,Kabir,19,Male,Mumbai,B.Tech,7.1,84,11,75,67,3,No,1,No
2234,Arjun,22,Male,Kolkata,B.Tech,5.8,84,11,69,58,2,No,1,No
2235,Meera,19,Female,Mumbai,B.Sc,7.9,87,15,78,74,4,No,0,Yes
2236,Aarav,19,Male,Jaipur,B.Tech,4.8,76,8,55,54,3,No,2,No
2237,Priya,24,Female,Jaipur,MCA,3.0,68,6,46,45,1,Yes,3,No
2238,Aditya,18,Male,Pune,B.Tech,6.9,83,14,71,65,3,No,1,No
2239,Anika,18,Female,Gurugram,B.Tech,8.4,90,17,74,67,2,No,0,No
2240,Dhruv,20,Male,Noida,B.Tech,8.4,94,14,76,71,4,No,0,Yes
2241,Diya,25,Female,Hyderabad,MCA,4.6,78,9,57,45,1,No,1,No
2242,Meera,21,Female,Bangalore,B.Sc,5.7,78,12,57,55,3,No,0,No
2243,Simran,21,Female,Delhi,M.Tech,7.6,83,13,67,67,4,No,1,No
2244,Anika,20,Female,Mumbai,B.Tech,5.6,81,12,66,60,3,Yes,1,No
2245,Ananya,21,Female,Pune,B.Tech,6.7,86,11,68,68,3,No,1,No
2246,Meera,19,Female,Noida,BCA,5.4,83,10,60,60,1,No,1,No
2247,Aarav,18,Male,Chennai,BCA,4.9,76,6,50,50,2,No,4,No
2248,Vivaan,22,Male,Shimla,BCA,5.2,80,7,56,54,2,Yes,2,No
2249,Ananya,21,Female,Kolkata,B.Tech,7.9,90,12,74,68,4,No,0,Yes
2250,Simran,20,Female,Chandigarh,B.Tech,6.5,79,14,60,57,3,No,2,No
2251,Anushka,22,Female,Shimla,B.Tech,8.4,90,14,73,77,3,Yes,0,Yes
2252,Reyansh,19,Male,Chandigarh,B.Sc,7.3,88,12,79,71,3,No,0,Yes
2253,Vansh,22,Male,Pune,BCA,8.9,93,17,87,87,4,No,0,Yes
2254,Arjun,23,Male,Mumbai,MCA,7.7,87,13,73,71,2,No,0,No
2255,Ananya,19,Female,Hyderabad,B.Tech,7.6,94,15,70,71,3,No,0,No
2256,Reyansh,23,Male,Ahmedabad,MCA,6.3,88,14,60,55,3,No,1,No
2257,Ayaan,18,Male,Ahmedabad,BCA,10.0,95,15,86,89,4,Yes,0,Yes
2258,Vivaan,20,Male,Mumbai,B.Tech,6.7,83,13,58,56,2,No,1,No
2259,Dhruv,25,Male,Mumbai,M.Tech,3.5,74,5,45,40,1,No,2,No
2260,Anika,18,Female,Gurugram,BCA,6.9,84,10,60,60,4,No,0,No
2261,Dhruv,18,Male,Ahmedabad,B.Sc,5.0,81,10,57,55,3,No,2,Yes
2262,Riya,21,Female,Shimla,B.Sc,8.0,84,13,74,75,4,Yes,0,Yes
2263,Kabir,22,Male,Jaipur,BCA,7.6,86,14,72,65,3,No,0,No
2264,Kabir,22,Male,Jaipur,B.Sc,6.2,84,11,73,63,2,Yes,2,No
2265,Arjun,22,Male,Jaipur,MCA,5.2,81,7,58,51,1,No,3,No
2266,Dhruv,20,Male,Jaipur,BCA,6.7,79,13,72,69,3,Yes,0,Yes
2267,Ayaan,20,Male,Pune,B.Sc,5.5,76,10,59,53,2,No,3,No
2268,Aarav,22,Male,Bangalore,B.Sc,7.7,82,14,79,71,4,No,0,No
2269,Kavya,20,Female,Ahmedabad,B.Tech,7.3,83,12,63,59,3,Yes,0,Yes
2270,Shaurya,22,Male,Pune,B.Tech,10.0,91,19,82,86,5,Yes,0,Yes
2271,Isha,18,Female,Noida,B.Tech,5.8,82,8,61,51,3,No,3,No
2272,Kavya,20,Female,Gurugram,B.Sc,6.0,82,9,69,66,3,Yes,0,No
2273,Kavya,23,Female,Solan,MCA,6.3,82,12,63,56,2,No,0,Yes
2274,Krishna,22,Male,Jaipur,B.Sc,6.3,82,13,62,58,3,No,0,Yes
2275,Vivaan,22,Male,Mumbai,B.Tech,8.0,92,14,79,72,4,Yes,0,Yes
2276,Arjun,19,Male,Solan,BCA,6.1,78,12,65,58,1,No,1,Yes
2277,Shaurya,23,Male,Pune,MCA,9.5,87,17,79,80,4,Yes,0,Yes
2278,Tara,21,Female,Kolkata,B.Tech,7.4,88,14,69,67,3,No,1,No
2279,Krishna,25,Male,Hyderabad,MCA,5.8,79,9,67,56,3,No,2,No
2280,Vivaan,21,Male,Delhi,B.Sc,5.4,76,9,62,55,1,No,0,No
2281,Priya,18,Female,Chennai,B.Tech,8.1,90,15,83,78,4,No,0,Yes
2282,Priya,18,Female,Kolkata,B.Tech,6.5,77,14,67,64,4,No,1,No
2283,Isha,21,Female,Chandigarh,BCA,6.5,80,10,61,53,4,No,4,No
2284,Aditya,18,Male,Delhi,B.Sc,5.6,72,8,57,52,2,No,1,No
2285,Reyansh,24,Male,Pune,MCA,6.4,83,16,61,53,4,No,1,No
2286,Rahul,19,Male,Chandigarh,B.Sc,5.5,84,10,65,57,2,No,1,No
2287,Arjun,19,Male,Jaipur,BCA,8.5,88,16,76,74,2,No,0,Yes
2288,Ishaan,18,Male,Chennai,B.Tech,7.6,84,15,65,67,4,Yes,0,Yes
2289,Aditya,21,Male,Mumbai,B.Sc,6.2,87,12,66,64,3,No,1,No
2290,Krishna,21,Male,Shimla,B.Tech,6.2,84,13,69,60,4,No,2,No
2291,Arjun,21,Male,Ahmedabad,B.Sc,6.6,90,13,63,62,2,No,1,No
2292,Reyansh,18,Male,Mumbai,B.Tech,6.5,83,13,65,64,3,No,1,No
2293,Riya,21,Female,Chennai,B.Tech,5.1,79,9,55,49,2,Yes,3,Yes
2294,Meera,22,Female,Shimla,B.Tech,3.6,77,8,53,47,2,Yes,2,No
2295,Aadhya,21,Female,Ahmedabad,B.Tech,5.3,78,12,50,49,2,Yes,3,No
2296,Vivaan,22,Male,Delhi,B.Sc,6.3,83,12,69,63,4,No,1,No
2297,Krishna,19,Male,Noida,B.Tech,5.4,72,10,53,51,2,No,2,No
2298,Kabir,25,Male,Hyderabad,M.Tech,7.7,92,13,75,67,3,Yes,0,Yes
2299,Meera,19,Female,Solan,BCA,6.2,83,11,68,63,3,No,2,No
2300,Priya,18,Female,Chandigarh,BCA,9.3,92,17,89,83,3,No,0,Yes
2301,Rahul,19,Male,Kolkata,BCA,5.7,83,10,62,57,3,No,1,No
2302,Aadhya,19,Female,Shimla,BCA,6.7,80,12,63,60,3,No,0,No
2303,Dhruv,21,Male,Bangalore,B.Tech,6.1,80,11,60,58,2,No,1,Yes
2304,Anushka,23,Female,Kolkata,M.Tech,7.2,87,15,75,74,3,No,0,No
2305,Isha,19,Female,Mumbai,BCA,8.1,88,13,72,72,4,No,0,Yes
2306,Priya,22,Female,Pune,B.Tech,7.4,87,14,73,73,4,No,1,Yes
2307,Kavya,18,Female,Chandigarh,BCA,3.5,73,5,47,40,2,No,2,No
2308,Sanya,22,Female,Delhi,BCA,7.2,87,14,74,74,4,No,1,No
2309,Vivaan,18,Male,Kolkata,B.Tech,5.0,74,10,55,47,3,No,2,No
2310,Aadhya,25,Female,Kolkata,M.Tech,6.0,85,13,62,54,2,Yes,2,No
2311,Vivaan,19,Male,Ahmedabad,B.Tech,7.5,85,13,69,67,2,No,0,Yes
2312,Meera,20,Female,Chennai,BCA,4.8,77,9,53,47,2,No,2,No
2313,Neha,22,Female,Shimla,M.Tech,8.2,87,16,70,66,4,Yes,0,Yes
2314,Tara,21,Female,Kolkata,B.Tech,6.0,80,12,64,56,3,No,0,No
2315,Ishaan,22,Male,Pune,B.Tech,9.8,95,14,88,76,2,No,0,No
2316,Simran,20,Female,Shimla,B.Tech,6.6,85,11,61,56,3,No,1,No
2317,Riya,22,Female,Ahmedabad,B.Tech,9.1,95,17,82,79,5,No,0,Yes
2318,Diya,21,Female,Mumbai,B.Tech,8.3,90,15,76,79,5,Yes,0,Yes
2319,Reyansh,24,Male,Noida,MCA,5.6,78,11,57,56,4,No,2,No
2320,Vansh,24,Male,Solan,MCA,4.5,77,10,53,49,2,No,1,No
2321,Ayaan,19,Male,Jaipur,B.Sc,6.7,84,12,67,70,3,No,1,No
2322,Ayaan,19,Male,Hyderabad,BCA,5.6,80,11,64,53,3,No,4,No
2323,Kavya,23,Female,Hyderabad,MCA,8.9,93,18,82,80,5,No,0,No
2324,Kabir,21,Male,Bangalore,BCA,6.1,78,13,64,66,4,Yes,0,No
2325,Aadhya,19,Female,Ahmedabad,B.Tech,6.0,75,10,54,52,3,No,2,No
2326,Aarav,18,Male,Gurugram,BCA,4.4,79,8,49,42,1,No,1,No
2327,Aarav,18,Male,Ahmedabad,B.Tech,7.1,84,13,64,66,2,Yes,0,No
2328,Anika,22,Female,Chennai,M.Tech,4.7,78,7,53,47,3,No,2,No
2329,Kavya,20,Female,Solan,B.Sc,7.2,83,15,69,70,3,No,0,Yes
2330,Rahul,22,Male,Shimla,B.Sc,7.4,90,12,80,76,3,No,0,Yes
2331,Aadhya,21,Female,Chennai,B.Sc,5.4,80,10,56,52,2,No,2,No
2332,Anika,19,Female,Bangalore,B.Sc,7.9,87,16,78,77,3,Yes,0,Yes
2333,Rohan,20,Male,Noida,B.Tech,6.1,82,10,60,57,4,No,0,Yes
2334,Diya,22,Female,Chennai,BCA,4.3,70,7,50,45,2,No,1,No
2335,Diya,23,Female,Chandigarh,MCA,8.8,92,16,80,81,5,Yes,0,Yes
2336,Priya,22,Female,Mumbai,B.Tech,5.1,82,9,55,50,3,No,3,No
2337,Dhruv,21,Male,Delhi,M.Tech,7.3,86,15,68,71,3,No,0,Yes
2338,Sanya,22,Female,Kolkata,BCA,7.1,85,11,76,71,2,No,0,Yes
2339,Rahul,18,Male,Delhi,B.Tech,7.1,84,9,67,66,4,No,0,No
2340,Rahul,21,Male,Chennai,BCA,7.1,88,14,75,66,3,No,0,No
2341,Reyansh,22,Male,Shimla,MCA,5.0,81,8,60,52,1,No,2,No
2342,Vivaan,18,Male,Bangalore,BCA,9.0,90,15,79,79,3,No,0,Yes
2343,Aadhya,20,Female,Kolkata,B.Sc,7.9,89,15,75,75,4,Yes,0,Yes
2344,Priya,22,Female,Shimla,BCA,7.2,86,14,71,72,4,No,0,Yes
2345,Meera,20,Female,Pune,B.Sc,4.5,77,7,55,46,1,No,4,No
2346,Ishaan,18,Male,Pune,B.Tech,5.0,75,11,53,47,2,No,3,No
2347,Aditya,20,Male,Noida,B.Tech,7.5,90,15,67,63,4,Yes,2,No
2348,Aarav,22,Male,Gurugram,B.Tech,3.5,74,9,44,40,2,No,1,No
2349,Priya,19,Female,Bangalore,B.Tech,7.0,88,12,75,74,3,No,0,Yes
2350,Rahul,20,Male,Kolkata,B.Tech,4.5,72,8,51,46,2,No,1,No
2351,Riya,21,Female,Chennai,B.Sc,5.2,75,10,54,51,3,No,3,No
2352,Neha,22,Female,Hyderabad,BCA,4.4,82,7,49,45,2,No,1,No
2353,Ayaan,22,Male,Pune,B.Tech,6.9,88,13,75,68,4,No,0,Yes
2354,Ananya,21,Female,Chandigarh,B.Tech,8.2,86,15,75,70,3,No,0,Yes
2355,Krishna,18,Male,Bangalore,B.Tech,7.0,87,13,74,72,2,No,0,Yes
2356,Riya,21,Female,Pune,BCA,7.2,84,12,72,69,3,No,0,No
2357,Neha,18,Female,Ahmedabad,B.Tech,6.8,79,12,69,64,4,Yes,0,No
2358,Rahul,19,Male,Pune,BCA,7.5,80,13,76,81,3,No,0,No
2359,Rahul,18,Male,Noida,BCA,7.2,85,12,70,67,3,Yes,0,Yes
2360,Tara,19,Female,Bangalore,BCA,3.0,75,5,44,40,1,No,2,No
2361,Meera,19,Female,Chandigarh,B.Sc,7.9,92,16,83,79,2,Yes,0,No
2362,Dhruv,21,Male,Bangalore,B.Tech,7.7,91,17,78,68,3,No,0,No
2363,Neha,19,Female,Mumbai,B.Tech,6.0,83,13,60,58,3,No,0,Yes
2364,Aadhya,18,Female,Hyderabad,B.Tech,3.5,73,6,51,44,1,No,2,No
2365,Isha,20,Female,Noida,B.Tech,6.9,88,13,76,74,4,Yes,0,Yes
2366,Shaurya,22,Male,Delhi,B.Tech,7.0,78,10,57,56,2,Yes,1,No
2367,Tara,22,Female,Jaipur,B.Sc,5.8,83,10,57,54,4,No,3,No
2368,Kavya,18,Female,Chandigarh,B.Tech,6.8,80,12,63,61,3,No,0,No
2369,Dhruv,23,Male,Gurugram,M.Tech,8.1,86,17,78,78,3,Yes,0,Yes
2370,Arjun,19,Male,Jaipur,B.Tech,10.0,97,18,92,92,5,Yes,0,Yes
2371,Aadhya,18,Female,Chandigarh,B.Sc,6.7,86,12,70,67,2,Yes,0,Yes
2372,Rohan,19,Male,Mumbai,B.Sc,7.0,83,12,72,71,5,Yes,0,Yes
2373,Riya,21,Female,Ahmedabad,B.Tech,5.3,80,9,54,50,2,No,1,No
2374,Krishna,20,Male,Jaipur,B.Tech,5.7,82,11,56,58,3,Yes,1,Yes
2375,Krishna,22,Male,Chandigarh,BCA,6.3,81,10,69,63,3,No,0,Yes
2376,Riya,21,Female,Jaipur,MCA,8.3,90,16,78,79,3,Yes,0,Yes
2377,Vansh,22,Male,Mumbai,BCA,7.7,93,16,81,74,4,Yes,0,Yes
2378,Ayaan,19,Male,Shimla,B.Tech,9.4,92,17,81,83,5,Yes,0,Yes
2379,Ayaan,19,Male,Kolkata,BCA,4.3,74,7,47,47,4,No,1,No
2380,Anika,21,Female,Delhi,B.Tech,4.5,76,8,48,41,2,No,2,No
2381,Reyansh,22,Male,Mumbai,M.Tech,8.2,88,17,79,79,3,Yes,0,Yes
2382,Kabir,19,Male,Mumbai,B.Sc,8.7,93,16,85,82,2,Yes,0,No
2383,Anushka,22,Female,Kolkata,B.Tech,6.5,87,11,69,70,2,Yes,0,Yes
2384,Rahul,22,Male,Hyderabad,B.Tech,3.0,70,7,41,40,2,No,3,No
2385,Kavya,18,Female,Solan,B.Tech,5.4,76,9,60,56,2,Yes,0,Yes
2386,Vansh,21,Male,Chennai,MCA,7.0,90,12,73,68,4,No,0,Yes
2387,Aadhya,22,Female,Noida,MCA,5.2,79,10,49,50,3,No,4,Yes
2388,Reyansh,20,Male,Shimla,B.Tech,6.8,79,11,64,56,2,No,0,Yes
2389,Aadhya,18,Female,Hyderabad,BCA,9.3,98,14,87,81,4,Yes,0,Yes
2390,Rahul,22,Male,Hyderabad,M.Tech,8.6,93,16,85,83,3,No,0,Yes
2391,Vivaan,22,Male,Shimla,B.Tech,7.7,92,11,75,72,4,No,0,Yes
2392,Krishna,21,Male,Pune,B.Tech,6.4,87,10,67,57,3,No,1,No
2393,Aarav,22,Male,Chandigarh,B.Tech,5.8,88,12,64,57,2,No,0,No
2394,Rahul,22,Male,Kolkata,B.Tech,7.6,83,14,72,69,2,Yes,0,No
2395,Ayaan,21,Male,Solan,B.Tech,6.5,80,11,59,57,5,No,1,No
2396,Priya,25,Female,Chennai,M.Tech,6.6,82,11,63,64,3,Yes,0,No
2397,Ayaan,18,Male,Kolkata,BCA,4.2,73,7,41,43,2,No,2,No
2398,Dhruv,22,Male,Delhi,B.Tech,5.4,79,11,57,46,1,No,2,No
2399,Neha,21,Female,Hyderabad,BCA,7.6,85,13,74,71,4,No,0,Yes
2400,Simran,19,Female,Ahmedabad,B.Sc,4.8,73,7,50,47,3,No,3,No
2401,Ishaan,19,Male,Gurugram,BCA,6.9,82,11,66,59,3,No,1,No
2402,Dhruv,19,Male,Jaipur,B.Tech,7.1,84,12,71,71,3,Yes,0,Yes
2403,Rahul,21,Male,Mumbai,B.Tech,7.2,89,14,82,76,3,No,0,No
2404,Priya,21,Female,Gurugram,B.Sc,7.3,84,13,70,70,3,No,0,Yes
2405,Neha,18,Female,Jaipur,B.Tech,7.4,88,11,75,70,3,No,0,No
2406,Ayaan,21,Male,Shimla,B.Tech,5.6,76,12,58,52,2,No,2,Yes
2407,Diya,19,Female,Mumbai,BCA,4.3,65,7,49,43,3,Yes,4,Yes
2408,Neha,21,Female,Noida,B.Tech,5.2,78,10,57,52,3,Yes,4,No
2409,Anushka,23,Female,Mumbai,M.Tech,7.6,85,12,70,67,3,No,0,Yes
2410,Kavya,22,Female,Noida,B.Sc,4.7,74,12,52,50,2,No,1,No
2411,Aditya,18,Male,Bangalore,B.Tech,4.9,74,11,59,61,1,Yes,2,No
2412,Aditya,19,Male,Chandigarh,B.Tech,4.9,75,8,56,52,3,No,1,No
2413,Arjun,19,Male,Chennai,BCA,3.7,70,7,42,40,1,No,2,No
2414,Ishaan,20,Male,Gurugram,BCA,4.8,74,7,52,48,2,No,2,Yes
2415,Meera,18,Female,Gurugram,B.Sc,8.0,84,14,70,66,5,Yes,0,No
2416,Tara,22,Female,Hyderabad,BCA,5.4,73,10,60,54,2,No,2,No
2417,Vansh,18,Male,Chandigarh,BCA,3.9,67,8,43,40,2,No,2,No
2418,Rohan,21,Male,Kolkata,M.Tech,5.7,87,8,67,59,2,No,1,No
2419,Arjun,19,Male,Solan,BCA,7.3,85,12,74,67,3,No,0,No
2420,Isha,21,Female,Gurugram,BCA,3.8,78,8,51,45,1,No,2,No
2421,Rahul,22,Male,Pune,B.Sc,7.9,87,16,76,67,3,Yes,0,Yes
2422,Krishna,21,Male,Ahmedabad,MCA,4.3,75,7,49,46,1,No,1,No
2423,Ayaan,20,Male,Solan,B.Sc,5.9,82,12,66,58,2,No,1,No
2424,Reyansh,19,Male,Mumbai,B.Sc,5.9,83,9,58,56,3,No,1,No
2425,Meera,21,Female,Chennai,BCA,5.7,76,10,57,50,2,No,2,No
2426,Meera,21,Female,Chennai,BCA,6.4,81,10,63,61,3,No,2,No
2427,Vansh,19,Male,Jaipur,B.Tech,7.7,88,13,78,78,3,No,0,Yes
2428,Diya,18,Female,Kolkata,B.Sc,6.4,77,14,70,63,3,No,0,No
2429,Neha,19,Female,Chennai,B.Tech,5.6,83,10,59,53,3,No,3,No
2430,Simran,21,Female,Mumbai,B.Tech,7.2,88,13,71,69,3,No,0,No
2431,Krishna,24,Male,Mumbai,M.Tech,6.8,77,11,60,60,3,No,1,No
2432,Rohan,20,Male,Shimla,B.Tech,5.5,77,9,58,50,3,No,1,No
2433,Shaurya,20,Male,Noida,B.Tech,6.6,83,11,71,69,1,No,0,No
2434,Diya,21,Female,Jaipur,B.Tech,5.4,81,10,52,53,2,No,1,No
2435,Vivaan,20,Male,Solan,B.Tech,5.2,83,9,59,57,2,Yes,1,No
2436,Kabir,20,Male,Solan,BCA,7.7,85,13,75,74,4,No,0,Yes
2437,Ayaan,20,Male,Pune,B.Tech,7.2,92,12,73,75,3,No,0,No
2438,Ananya,21,Female,Ahmedabad,B.Tech,7.7,87,14,73,65,3,No,0,No
2439,Kabir,18,Male,Shimla,B.Tech,7.5,86,12,75,76,4,No,0,No
2440,Ananya,18,Female,Ahmedabad,B.Tech,5.2,80,9,55,50,3,No,1,No
2441,Meera,22,Female,Kolkata,B.Tech,8.0,89,14,72,70,4,No,0,Yes
2442,Kabir,20,Male,Shimla,BCA,6.1,82,8,56,53,3,No,3,No
2443,Isha,18,Female,Jaipur,B.Tech,7.9,94,16,78,76,4,No,0,No
2444,Ayaan,22,Male,Chandigarh,B.Tech,6.3,83,9,66,64,3,No,2,No
2445,Riya,22,Female,Bangalore,MCA,7.0,82,10,66,63,3,Yes,0,No
2446,Ayaan,23,Male,Delhi,MCA,7.0,82,14,64,64,3,No,0,Yes
2447,Neha,18,Female,Pune,B.Tech,7.7,91,12,75,80,3,Yes,0,Yes
2448,Riya,18,Female,Chennai,B.Tech,4.0,76,5,51,43,2,No,2,No
2449,Isha,18,Female,Pune,BCA,4.1,70,9,44,40,1,No,3,No
2450,Riya,22,Female,Noida,B.Sc,7.5,81,13,62,68,2,No,0,No
2451,Krishna,22,Male,Mumbai,M.Tech,7.0,85,14,62,57,5,No,1,No
2452,Aadhya,20,Female,Solan,BCA,5.3,80,8,53,51,2,Yes,3,No
2453,Riya,18,Female,Shimla,B.Sc,7.0,82,10,63,55,3,Yes,0,Yes
2454,Neha,24,Female,Hyderabad,MCA,4.4,70,7,50,41,1,No,2,No
2455,Rahul,20,Male,Noida,BCA,10.0,92,16,87,84,5,Yes,0,Yes
2456,Meera,21,Female,Kolkata,B.Tech,8.5,95,16,80,75,5,Yes,0,Yes
2457,Anika,22,Female,Ahmedabad,BCA,7.4,87,14,73,66,4,No,0,No
2458,Diya,18,Female,Noida,B.Tech,6.6,86,13,69,65,2,Yes,0,Yes
2459,Rohan,20,Male,Mumbai,B.Tech,5.6,83,10,63,62,3,No,0,No
2460,Diya,20,Female,Chandigarh,B.Sc,4.5,74,10,52,53,2,No,2,No
2461,Rahul,18,Male,Noida,B.Tech,6.3,81,10,60,55,1,No,2,No
2462,Ananya,19,Female,Delhi,B.Tech,5.2,78,10,52,52,1,No,2,No
2463,Dhruv,25,Male,Hyderabad,MCA,5.3,80,9,56,56,1,Yes,0,No
2464,Anika,18,Female,Solan,BCA,4.4,79,11,58,51,2,No,2,No
2465,Riya,20,Female,Chandigarh,B.Tech,6.9,90,14,80,74,3,Yes,1,Yes
2466,Aditya,19,Male,Ahmedabad,B.Tech,5.9,83,11,65,61,2,No,0,No
2467,Anika,20,Female,Shimla,B.Tech,7.3,88,13,73,71,3,Yes,0,Yes
2468,Vansh,21,Male,Shimla,B.Tech,7.2,91,15,77,69,5,Yes,0,No
2469,Diya,23,Female,Bangalore,MCA,6.8,83,11,73,62,3,No,0,No
2470,Isha,22,Female,Hyderabad,B.Tech,10.0,99,15,86,86,5,Yes,0,Yes
2471,Sanya,18,Female,Pune,BCA,7.7,89,12,86,76,4,Yes,0,Yes
2472,Ananya,20,Female,Pune,B.Tech,4.6,78,8,61,52,1,No,2,No
2473,Sanya,24,Female,Gurugram,M.Tech,7.2,85,15,65,67,4,No,0,No
2474,Aarav,21,Male,Chennai,B.Sc,6.4,78,13,59,62,4,No,0,No
2475,Ayaan,21,Male,Jaipur,MCA,4.5,77,8,65,55,3,No,1,No
2476,Priya,21,Female,Chandigarh,BCA,4.4,76,9,57,46,2,No,3,No
2477,Meera,21,Female,Solan,MCA,7.2,83,12,67,64,4,No,1,No
2478,Diya,25,Female,Ahmedabad,MCA,7.5,86,17,72,67,4,No,0,No
2479,Anika,18,Female,Hyderabad,B.Sc,4.9,75,11,58,52,2,No,1,No
2480,Vansh,19,Male,Bangalore,B.Tech,8.0,85,14,78,73,4,Yes,1,Yes
2481,Isha,21,Female,Gurugram,B.Tech,6.9,83,12,73,71,5,Yes,0,Yes
2482,Aditya,21,Male,Ahmedabad,B.Tech,8.3,85,16,76,72,4,Yes,0,Yes
2483,Simran,20,Female,Bangalore,B.Tech,8.1,87,14,76,81,4,No,0,Yes
2484,Arjun,19,Male,Ahmedabad,B.Sc,6.3,84,9,64,56,2,No,0,Yes
2485,Arjun,20,Male,Jaipur,BCA,9.0,96,18,80,80,4,Yes,0,Yes
2486,Arjun,18,Male,Noida,BCA,4.8,83,10,53,44,2,No,1,No
2487,Dhruv,22,Male,Solan,B.Tech,10.0,94,19,87,90,5,No,0,Yes
2488,Ananya,21,Female,Solan,B.Tech,5.2,82,9,60,54,2,No,3,No
2489,Shaurya,22,Male,Delhi,B.Tech,6.4,83,12,59,58,4,No,1,No
2490,Reyansh,18,Male,Delhi,BCA,5.6,79,6,68,58,1,No,1,No
2491,Dhruv,18,Male,Bangalore,B.Sc,5.9,82,9,60,60,3,No,1,No
2492,Rahul,19,Male,Hyderabad,B.Tech,10.0,98,20,86,89,5,No,0,Yes
2493,Krishna,20,Male,Hyderabad,B.Sc,5.8,79,11,60,55,3,No,2,No
2494,Vivaan,21,Male,Solan,BCA,7.8,86,11,64,66,4,No,1,No
2495,Diya,24,Female,Chennai,MCA,6.1,80,10,64,57,4,No,1,No
2496,Aadhya,22,Female,Hyderabad,B.Tech,7.9,86,11,70,67,3,No,0,No
2497,Anushka,19,Female,Bangalore,BCA,5.7,84,9,54,51,1,No,1,No
2498,Rahul,18,Male,Kolkata,B.Tech,6.9,82,12,68,64,2,Yes,2,Yes
2499,Aarav,19,Male,Jaipur,B.Tech,7.4,84,16,71,69,3,No,0,Yes
2500,Neha,21,Female,Pune,BCA,5.4,80,11,67,59,3,No,1,No
2501,Kabir,20,Male,Pune,B.Sc,10.0,96,18,89,86,4,Yes,0,Yes
2502,Rohan,22,Male,Bangalore,B.Tech,7.5,85,13,72,72,5,Yes,0,Yes
2503,Vansh,18,Male,Bangalore,B.Tech,6.2,87,10,66,65,2,No,0,No
2504,Arjun,18,Male,Delhi,B.Sc,5.5,77,12,48,51,1,No,1,No
2505,Vivaan,18,Male,Ahmedabad,BCA,6.6,83,14,67,65,3,No,0,No
2506,Aarav,20,Male,Pune,BCA,4.7,71,6,52,40,2,No,1,No
2507,Tara,24,Female,Solan,MCA,9.2,91,14,82,78,4,Yes,0,Yes
2508,Riya,21,Female,Pune,BCA,7.1,81,12,65,59,3,Yes,1,No
2509,Sanya,19,Female,Bangalore,B.Sc,6.4,80,11,66,57,2,No,0,No
2510,Priya,19,Female,Jaipur,B.Sc,8.1,82,15,69,73,4,Yes,0,Yes
2511,Kavya,24,Female,Chandigarh,MCA,5.4,76,7,60,60,3,Yes,1,No
2512,Tara,18,Female,Jaipur,B.Sc,4.8,77,8,56,50,2,No,1,No
2513,Riya,20,Female,Noida,B.Tech,6.3,81,11,70,65,3,Yes,0,Yes
2514,Arjun,21,Male,Pune,B.Tech,6.7,82,11,64,61,5,No,2,No
2515,Rohan,23,Male,Delhi,M.Tech,7.3,85,14,76,75,3,No,0,Yes
2516,Arjun,22,Male,Chandigarh,B.Tech,4.3,74,11,52,47,2,No,1,No
2517,Aadhya,18,Female,Hyderabad,BCA,5.8,80,10,61,55,3,No,0,Yes
2518,Anika,25,Female,Shimla,MCA,3.0,70,7,40,40,1,No,4,No
2519,Vivaan,21,Male,Gurugram,BCA,4.7,77,8,56,50,3,No,2,No
2520,Ananya,19,Female,Kolkata,BCA,7.6,86,12,70,69,4,No,0,No
2521,Ayaan,21,Male,Ahmedabad,B.Tech,7.9,86,13,74,74,5,No,0,No
2522,Ananya,22,Female,Bangalore,BCA,4.8,79,10,59,63,2,No,0,No
2523,Aarav,20,Male,Pune,B.Tech,6.0,83,10,63,64,2,No,1,No
2524,Aditya,24,Male,Gurugram,M.Tech,6.5,83,11,67,63,3,Yes,0,Yes
2525,Ishaan,19,Male,Solan,B.Sc,8.1,92,13,83,75,4,Yes,0,Yes
2526,Arjun,22,Male,Chandigarh,B.Sc,8.8,91,17,83,74,3,Yes,0,Yes
2527,Ayaan,21,Male,Solan,BCA,6.7,83,13,64,66,3,No,0,No
2528,Rahul,22,Male,Ahmedabad,B.Tech,6.1,81,13,61,61,4,No,0,Yes
2529,Diya,22,Female,Pune,B.Tech,4.3,76,9,52,44,1,No,2,No
2530,Meera,18,Female,Kolkata,B.Tech,6.7,81,13,74,68,2,No,0,Yes
2531,Rohan,20,Male,Ahmedabad,BCA,9.6,88,18,78,81,5,No,0,No
2532,Aadhya,18,Female,Kolkata,BCA,8.4,90,15,79,79,3,No,0,Yes
2533,Tara,22,Female,Ahmedabad,BCA,6.8,86,12,74,73,3,No,1,Yes
2534,Rohan,19,Male,Jaipur,BCA,7.0,81,14,70,63,3,No,1,No
2535,Vansh,22,Male,Solan,M.Tech,5.5,82,9,60,57,1,No,0,Yes
2536,Dhruv,18,Male,Pune,B.Tech,6.0,76,13,54,54,3,No,2,Yes
2537,Kabir,19,Male,Shimla,B.Sc,6.7,82,13,72,65,3,Yes,0,Yes
2538,Aadhya,22,Female,Hyderabad,B.Tech,6.7,89,15,67,66,3,No,0,Yes
2539,Rohan,21,Male,Solan,BCA,8.0,89,13,72,71,4,No,1,No
2540,Ananya,22,Female,Ahmedabad,B.Tech,7.9,87,12,75,72,4,Yes,0,Yes
2541,Aadhya,21,Female,Shimla,BCA,7.3,86,14,77,73,3,Yes,0,Yes
2542,Rohan,19,Male,Chandigarh,B.Tech,5.0,81,9,59,52,2,No,2,No
2543,Isha,20,Female,Noida,B.Tech,5.1,74,8,54,52,2,Yes,3,Yes
2544,Vansh,23,Male,Chennai,MCA,5.2,82,7,60,53,2,No,2,No
2545,Isha,22,Female,Noida,B.Tech,6.9,83,12,68,70,3,No,0,Yes
2546,Vivaan,22,Male,Delhi,BCA,3.5,74,7,45,40,2,No,3,No
2547,Meera,19,Female,Noida,BCA,6.5,81,10,65,60,4,Yes,0,Yes
2548,Tara,20,Female,Solan,BCA,8.6,95,15,78,78,3,No,0,Yes
2549,Rohan,20,Male,Ahmedabad,B.Sc,7.5,86,14,68,70,3,No,0,Yes
2550,Meera,22,Female,Mumbai,BCA,6.0,77,12,63,54,3,Yes,1,Yes
2551,Sanya,20,Female,Bangalore,B.Tech,5.5,81,9,58,58,2,No,1,No
2552,Isha,22,Female,Solan,B.Tech,7.7,91,13,75,73,2,Yes,0,Yes
2553,Priya,18,Female,Chennai,B.Sc,7.0,88,13,67,65,3,No,0,Yes
2554,Ananya,20,Female,Mumbai,BCA,6.1,82,11,61,56,3,No,0,No
2555,Shaurya,24,Male,Jaipur,MCA,5.6,82,8,59,56,3,No,1,No
2556,Dhruv,19,Male,Solan,BCA,6.6,82,11,63,58,3,Yes,1,No
2557,Kavya,22,Female,Mumbai,B.Sc,6.0,83,10,62,52,3,No,1,No
2558,Shaurya,23,Male,Delhi,M.Tech,7.7,88,14,74,69,2,No,1,No
2559,Aadhya,20,Female,Mumbai,B.Sc,8.4,81,14,80,77,4,Yes,0,Yes
2560,Anika,22,Female,Delhi,BCA,4.4,72,7,54,50,2,No,1,No
2561,Arjun,21,Male,Hyderabad,BCA,4.7,77,8,53,48,2,No,2,No
2562,Dhruv,20,Male,Hyderabad,BCA,8.5,90,16,76,72,4,Yes,0,Yes
2563,Meera,18,Female,Chandigarh,BCA,6.7,83,12,60,57,3,No,0,No
2564,Vansh,19,Male,Gurugram,B.Tech,4.8,77,13,52,48,2,No,1,No
2565,Sanya,22,Female,Chandigarh,B.Sc,8.0,92,13,72,73,4,No,1,No
2566,Ishaan,20,Male,Ahmedabad,B.Tech,7.0,86,14,70,69,3,No,0,No
2567,Priya,19,Female,Hyderabad,B.Tech,9.8,87,18,90,84,3,Yes,0,Yes
2568,Reyansh,22,Male,Delhi,B.Sc,6.1,87,9,64,60,3,No,1,No
2569,Priya,22,Female,Pune,B.Tech,8.2,83,14,68,72,4,Yes,1,Yes
2570,Ayaan,22,Male,Hyderabad,B.Sc,4.3,78,5,52,44,2,No,4,No
2571,Ananya,24,Female,Pune,MCA,8.6,85,16,75,81,4,No,0,Yes
2572,Rohan,21,Male,Noida,M.Tech,7.9,92,14,81,75,3,No,0,No
2573,Simran,22,Female,Kolkata,B.Sc,8.9,90,15,73,78,5,No,0,Yes
2574,Riya,21,Female,Solan,BCA,8.2,90,13,73,75,4,Yes,0,Yes
2575,Rohan,22,Male,Shimla,BCA,6.4,76,13,65,59,2,No,0,No
2576,Vivaan,22,Male,Solan,BCA,4.7,79,8,49,46,2,No,2,No
2577,Reyansh,21,Male,Jaipur,B.Tech,5.6,81,10,63,61,2,No,0,No
2578,Kavya,18,Female,Jaipur,B.Tech,3.9,76,7,47,40,2,No,1,No
2579,Simran,19,Female,Ahmedabad,B.Sc,5.1,81,9,62,56,1,No,0,Yes
2580,Isha,20,Female,Shimla,B.Tech,7.1,85,12,69,62,3,No,1,No
2581,Kabir,22,Male,Ahmedabad,B.Tech,6.4,82,14,64,62,2,No,0,Yes
2582,Kabir,18,Male,Jaipur,B.Sc,6.2,79,15,65,59,4,No,0,No
2583,Neha,20,Female,Noida,B.Tech,5.3,77,12,57,54,2,No,2,No
2584,Kabir,22,Male,Shimla,B.Tech,3.8,77,7,45,40,2,No,2,No
2585,Diya,20,Female,Shimla,B.Tech,6.8,81,12,64,63,4,Yes,1,No
2586,Reyansh,21,Male,Chennai,B.Sc,7.1,79,14,61,60,4,No,2,No
2587,Tara,18,Female,Jaipur,B.Sc,5.0,75,8,52,41,2,No,2,No
2588,Aditya,18,Male,Gurugram,B.Sc,5.7,82,13,53,52,3,No,3,No
2589,Vivaan,19,Male,Mumbai,B.Tech,8.8,90,17,89,88,3,Yes,0,Yes
2590,Diya,19,Female,Shimla,B.Sc,8.2,91,14,77,72,4,Yes,0,Yes
2591,Diya,20,Female,Delhi,BCA,4.3,69,8,51,44,2,No,4,No
2592,Aadhya,21,Female,Delhi,BCA,6.4,73,12,58,61,3,No,1,No
2593,Krishna,20,Male,Chennai,BCA,8.7,91,15,82,81,3,Yes,0,Yes
2594,Aditya,22,Male,Noida,BCA,6.2,85,13,68,62,2,No,1,No
2595,Anushka,18,Female,Noida,BCA,6.1,76,13,65,61,3,No,0,No
2596,Aadhya,20,Female,Noida,B.Sc,8.1,90,14,76,72,5,Yes,0,Yes
2597,Dhruv,20,Male,Jaipur,B.Tech,8.0,92,14,81,84,3,Yes,0,Yes
2598,Ishaan,18,Male,Shimla,BCA,7.9,88,14,72,74,5,Yes,0,Yes
2599,Vivaan,18,Male,Gurugram,BCA,6.1,84,9,66,66,3,Yes,0,No
2600,Riya,19,Female,Bangalore,BCA,7.5,87,11,72,70,3,Yes,0,Yes
2601,Dhruv,19,Male,Solan,BCA,8.7,90,15,75,72,5,Yes,0,Yes
2602,Arjun,21,Male,Noida,MCA,6.4,85,10,59,59,4,No,0,No
2603,Rohan,23,Male,Hyderabad,MCA,5.9,86,13,63,62,2,Yes,0,Yes
2604,Ishaan,22,Male,Bangalore,B.Sc,8.3,87,14,75,78,4,No,0,Yes
2605,Ishaan,20,Male,Shimla,B.Sc,9.6,93,18,84,79,5,Yes,0,Yes
2606,Arjun,22,Male,Shimla,B.Tech,9.7,91,17,89,88,5,No,0,No
2607,Ayaan,18,Male,Pune,B.Sc,5.9,81,13,67,56,3,No,2,No
2608,Simran,22,Female,Delhi,BCA,6.1,81,11,66,59,3,No,1,No
2609,Ishaan,19,Male,Kolkata,B.Tech,5.0,81,7,60,55,2,Yes,1,No
2610,Ananya,18,Female,Hyderabad,B.Tech,6.7,88,13,68,68,3,No,0,No
2611,Tara,21,Female,Chandigarh,B.Tech,4.9,80,9,57,52,2,No,2,No
2612,Anika,22,Female,Shimla,B.Tech,5.7,83,12,63,54,1,No,4,No
2613,Ananya,22,Female,Kolkata,B.Tech,7.6,84,13,72,72,4,No,0,Yes
2614,Dhruv,21,Male,Solan,B.Tech,7.1,82,13,71,65,4,No,0,No
2615,Dhruv,21,Male,Ahmedabad,B.Sc,3.8,75,5,49,42,3,No,3,No
2616,Ananya,18,Female,Shimla,B.Tech,8.9,91,17,79,79,4,Yes,0,Yes
2617,Tara,20,Female,Ahmedabad,BCA,4.9,83,9,59,51,2,Yes,4,No
2618,Aadhya,24,Female,Bangalore,MCA,5.1,72,9,53,52,2,No,2,No
2619,Isha,22,Female,Delhi,B.Tech,4.6,78,8,60,54,2,No,1,No
2620,Priya,24,Female,Hyderabad,MCA,5.5,81,9,58,57,2,No,0,Yes
2621,Arjun,18,Male,Delhi,B.Sc,5.2,76,11,68,63,2,No,0,No
2622,Rohan,18,Male,Solan,B.Tech,5.2,75,8,63,56,3,Yes,0,No
2623,Simran,22,Female,Solan,B.Tech,3.0,69,7,40,40,1,No,2,No
2624,Kavya,22,Female,Chennai,B.Tech,6.7,79,10,70,62,3,Yes,0,Yes
2625,Aarav,22,Male,Kolkata,B.Tech,6.8,88,9,69,70,3,No,1,Yes
2626,Neha,20,Female,Delhi,B.Tech,9.9,100,20,92,95,3,Yes,0,Yes
2627,Rohan,22,Male,Chandigarh,B.Tech,7.2,84,11,76,75,3,No,0,Yes
2628,Meera,18,Female,Chandigarh,B.Tech,5.8,78,11,57,53,4,No,2,No
2629,Kabir,18,Male,Shimla,BCA,4.7,73,8,51,52,1,No,4,No
2630,Shaurya,21,Male,Ahmedabad,B.Tech,6.4,79,12,67,62,2,No,0,No
2631,Isha,22,Female,Noida,B.Sc,7.2,83,13,68,67,3,Yes,0,No
2632,Aditya,20,Male,Pune,B.Tech,5.7,84,12,53,54,4,No,3,No
2633,Meera,19,Female,Pune,B.Sc,6.6,93,10,74,71,4,Yes,0,Yes
2634,Sanya,21,Female,Hyderabad,B.Tech,9.3,90,18,84,85,5,Yes,0,Yes
2635,Sanya,20,Female,Solan,B.Sc,5.9,78,11,61,61,4,No,1,No
2636,Krishna,22,Male,Gurugram,B.Tech,3.7,69,5,47,41,2,No,2,No
2637,Shaurya,20,Male,Kolkata,BCA,7.8,89,13,84,77,3,Yes,0,No
2638,Aditya,19,Male,Pune,B.Tech,7.0,86,10,73,67,3,No,0,No
2639,Ananya,20,Female,Mumbai,BCA,3.9,74,5,46,40,3,No,1,No
2640,Diya,19,Female,Ahmedabad,B.Tech,7.1,84,12,70,58,3,No,1,No
2641,Neha,19,Female,Chandigarh,BCA,5.0,82,11,63,58,2,No,2,No
2642,Tara,19,Female,Chennai,B.Tech,7.2,87,13,75,69,4,No,1,No
2643,Kavya,20,Female,Pune,BCA,9.4,95,19,79,83,4,Yes,0,Yes
2644,Isha,22,Female,Solan,B.Tech,6.2,83,11,62,61,4,No,0,No
2645,Shaurya,18,Male,Pune,B.Tech,8.1,88,17,71,71,3,No,0,No
2646,Kavya,18,Female,Kolkata,BCA,4.7,74,11,56,53,3,Yes,2,No
2647,Rahul,23,Male,Kolkata,M.Tech,4.2,76,6,48,47,2,No,3,No
2648,Anika,22,Female,Chandigarh,BCA,9.5,95,17,92,86,4,Yes,0,Yes
2649,Riya,18,Female,Jaipur,B.Sc,7.0,86,12,75,74,3,No,0,Yes
2650,Anushka,19,Female,Noida,BCA,7.5,82,13,69,70,3,No,1,Yes
2651,Aditya,20,Male,Bangalore,BCA,8.2,90,17,72,69,4,Yes,0,Yes
2652,Arjun,20,Male,Noida,B.Tech,5.7,79,9,57,52,3,No,1,No
2653,Krishna,21,Male,Shimla,B.Tech,7.7,84,12,74,68,4,Yes,0,Yes
2654,Aarav,24,Male,Shimla,MCA,7.5,88,12,76,74,4,Yes,1,Yes
2655,Arjun,21,Male,Shimla,BCA,4.6,77,8,54,48,1,No,2,No
2656,Meera,22,Female,Pune,B.Sc,8.8,98,20,73,67,4,No,0,No
2657,Anushka,20,Female,Bangalore,BCA,8.5,91,18,82,77,4,Yes,0,Yes
2658,Arjun,21,Male,Mumbai,BCA,4.6,75,5,45,42,2,Yes,3,No
2659,Krishna,20,Male,Solan,BCA,6.8,83,12,59,60,4,No,0,No
2660,Rohan,19,Male,Solan,BCA,6.2,78,10,66,57,3,Yes,1,No
2661,Kavya,21,Female,Bangalore,B.Tech,8.6,94,17,76,76,4,Yes,0,Yes
2662,Krishna,20,Male,Pune,BCA,4.4,76,6,53,52,1,No,2,No
2663,Anushka,22,Female,Ahmedabad,BCA,10.0,96,16,89,89,5,Yes,0,Yes
2664,Ishaan,25,Male,Chennai,M.Tech,6.2,79,10,59,59,4,Yes,0,Yes
2665,Anika,22,Female,Jaipur,BCA,7.6,89,13,74,76,3,No,0,No
2666,Tara,21,Female,Ahmedabad,B.Sc,8.6,87,16,76,75,3,Yes,0,Yes
2667,Reyansh,22,Male,Hyderabad,B.Tech,6.2,80,11,63,59,3,Yes,1,No
2668,Isha,18,Female,Gurugram,B.Tech,6.3,82,13,63,61,2,No,2,No
2669,Ishaan,22,Male,Jaipur,MCA,5.7,78,9,58,52,3,No,4,No
2670,Riya,20,Female,Chennai,B.Sc,5.2,76,11,54,49,2,No,2,No
2671,Krishna,18,Male,Solan,B.Tech,6.9,84,11,65,57,3,No,0,No
2672,Meera,21,Female,Mumbai,BCA,6.3,85,12,69,70,3,Yes,0,Yes
2673,Tara,20,Female,Hyderabad,B.Tech,5.7,83,10,60,58,2,No,1,No
2674,Priya,20,Female,Jaipur,B.Sc,5.8,82,12,57,52,3,Yes,4,No
2675,Anushka,22,Female,Bangalore,B.Tech,7.4,87,10,70,71,4,No,0,Yes
2676,Rahul,20,Male,Chandigarh,B.Sc,5.3,77,8,55,49,2,No,2,No
2677,Ayaan,20,Male,Shimla,BCA,6.1,85,13,63,59,2,No,2,No
2678,Ayaan,19,Male,Ahmedabad,B.Tech,7.8,82,14,75,72,5,No,0,Yes
2679,Dhruv,24,Male,Delhi,MCA,6.9,85,10,66,62,3,No,2,No
2680,Ananya,21,Female,Chandigarh,M.Tech,4.9,80,8,55,48,2,No,2,No
2681,Kabir,22,Male,Shimla,B.Tech,6.5,82,12,68,67,2,Yes,0,Yes
2682,Ananya,22,Female,Mumbai,MCA,7.2,83,12,71,68,5,No,0,No
2683,Ananya,18,Female,Gurugram,B.Sc,8.0,88,16,72,76,4,No,0,Yes
2684,Aadhya,18,Female,Ahmedabad,B.Sc,5.4,77,11,62,53,1,No,3,No
2685,Rohan,22,Male,Bangalore,M.Tech,5.7,81,11,65,58,2,No,0,No
2686,Diya,22,Female,Jaipur,BCA,5.5,82,11,64,58,2,No,2,No
2687,Isha,21,Female,Ahmedabad,B.Sc,5.5,81,9,61,59,4,No,1,No
2688,Arjun,22,Male,Bangalore,MCA,7.1,86,15,69,64,5,Yes,0,Yes
2689,Anushka,19,Female,Hyderabad,BCA,7.4,88,15,68,68,4,No,0,No
2690,Anika,19,Female,Chandigarh,BCA,8.1,91,14,71,72,5,Yes,0,Yes
2691,Dhruv,22,Male,Kolkata,B.Tech,6.4,80,9,64,65,4,Yes,0,Yes
2692,Ayaan,19,Male,Gurugram,B.Sc,4.4,71,5,50,47,1,No,1,No
2693,Arjun,19,Male,Shimla,B.Sc,7.5,87,15,71,63,3,No,0,No
2694,Dhruv,20,Male,Gurugram,BCA,6.7,86,10,67,61,3,No,0,No
2695,Vansh,20,Male,Bangalore,BCA,6.6,78,10,70,62,4,No,1,No
2696,Aditya,20,Male,Shimla,B.Tech,4.6,76,9,60,51,4,No,2,No
2697,Ishaan,20,Male,Shimla,B.Tech,6.2,85,9,61,62,5,Yes,0,No
2698,Ayaan,19,Male,Chennai,BCA,4.7,76,12,55,49,3,No,2,No
2699,Neha,20,Female,Mumbai,BCA,7.2,90,13,72,69,4,No,0,No
2700,Simran,18,Female,Hyderabad,B.Sc,5.9,85,13,66,60,2,Yes,0,No
2701,Priya,21,Female,Mumbai,BCA,5.7,79,12,67,62,3,No,1,No
2702,Vansh,23,Male,Mumbai,M.Tech,4.2,74,5,59,48,3,No,2,No
2703,Krishna,22,Male,Mumbai,B.Tech,8.0,87,16,78,74,4,Yes,0,Yes
2704,Rohan,24,Male,Jaipur,M.Tech,6.1,82,11,63,59,3,Yes,0,No
2705,Aarav,18,Male,Hyderabad,B.Tech,6.6,80,12,64,61,2,No,2,No
2706,Vivaan,21,Male,Shimla,B.Sc,5.4,75,10,67,57,4,No,2,Yes
2707,Isha,21,Female,Shimla,BCA,4.0,67,9,44,40,2,No,3,No
2708,Ayaan,18,Male,Hyderabad,BCA,5.7,80,13,64,61,3,Yes,0,Yes
2709,Sanya,20,Female,Hyderabad,B.Tech,5.9,87,9,63,58,3,No,0,Yes
2710,Kavya,18,Female,Chennai,B.Tech,6.9,78,13,60,64,3,Yes,0,Yes
2711,Dhruv,22,Male,Gurugram,B.Sc,6.0,80,13,69,64,2,No,0,Yes
2712,Krishna,18,Male,Chandigarh,BCA,5.4,78,9,51,51,2,No,3,No
2713,Isha,22,Female,Solan,M.Tech,4.2,74,8,42,43,1,No,1,No
2714,Kabir,19,Male,Shimla,B.Tech,6.6,87,12,71,73,3,No,0,Yes
2715,Ishaan,24,Male,Pune,M.Tech,5.3,76,13,56,56,1,Yes,0,No
2716,Anika,20,Female,Hyderabad,B.Tech,8.5,84,16,78,79,3,No,0,No
2717,Ayaan,20,Male,Pune,B.Tech,6.7,82,15,66,64,1,Yes,1,Yes
2718,Isha,19,Female,Bangalore,B.Tech,7.3,84,16,73,73,3,No,0,Yes
2719,Neha,25,Female,Pune,MCA,6.1,75,11,59,55,3,No,0,No
2720,Dhruv,18,Male,Ahmedabad,BCA,6.8,85,13,72,69,4,No,0,No
2721,Reyansh,18,Male,Pune,B.Tech,5.2,75,12,60,58,3,Yes,1,No
2722,Rahul,18,Male,Noida,B.Tech,4.7,76,7,60,55,1,No,0,No
2723,Ishaan,22,Male,Jaipur,B.Tech,6.5,82,13,70,65,3,Yes,0,Yes
2724,Shaurya,22,Male,Chennai,BCA,7.4,83,14,70,69,4,No,0,No
2725,Kavya,18,Female,Noida,B.Tech,3.6,75,6,51,42,1,No,4,No
2726,Dhruv,18,Male,Delhi,B.Sc,5.8,79,10,62,55,4,Yes,1,Yes
2727,Vivaan,22,Male,Chandigarh,B.Sc,9.3,93,16,85,88,5,No,0,Yes
2728,Sanya,21,Female,Ahmedabad,MCA,7.2,87,14,66,63,2,Yes,1,No
2729,Isha,22,Female,Chandigarh,BCA,8.8,92,18,84,80,3,No,0,No
2730,Anushka,21,Female,Solan,B.Tech,5.5,80,11,62,55,3,No,0,No
2731,Ayaan,22,Male,Hyderabad,M.Tech,5.8,78,9,67,58,3,No,1,No
2732,Riya,19,Female,Gurugram,BCA,8.0,85,17,79,73,4,Yes,0,Yes
2733,Riya,22,Female,Noida,BCA,7.4,86,15,72,64,3,Yes,2,No
2734,Rahul,21,Male,Noida,MCA,6.4,80,11,64,56,3,No,0,No
2735,Vansh,19,Male,Pune,B.Tech,4.6,78,7,50,46,1,No,1,No
2736,Diya,20,Female,Hyderabad,BCA,8.2,88,13,83,80,4,Yes,0,Yes
2737,Rohan,18,Male,Bangalore,B.Tech,10.0,97,20,85,81,5,Yes,0,Yes
2738,Krishna,22,Male,Shimla,B.Tech,4.1,71,5,41,40,2,No,3,No
2739,Vivaan,20,Male,Bangalore,B.Tech,8.6,87,17,81,83,4,No,0,Yes
2740,Reyansh,22,Male,Pune,B.Tech,5.8,85,10,63,57,3,No,0,No
2741,Isha,18,Female,Shimla,BCA,6.0,81,11,63,56,2,No,0,Yes
2742,Riya,24,Female,Chennai,MCA,6.9,87,7,70,66,3,No,0,Yes
2743,Riya,21,Female,Jaipur,BCA,4.7,72,6,48,47,3,No,2,No
2744,Aditya,21,Male,Solan,B.Sc,6.4,82,11,66,60,2,No,1,No
2745,Vivaan,18,Male,Chandigarh,BCA,4.1,78,6,50,47,1,No,3,No
2746,Rohan,21,Male,Mumbai,MCA,7.2,81,14,67,67,3,No,0,No
2747,Rahul,23,Male,Delhi,MCA,9.9,100,18,95,97,5,Yes,0,Yes
2748,Rohan,21,Male,Shimla,MCA,5.5,80,13,63,52,1,No,3,No
2749,Simran,21,Female,Mumbai,MCA,6.2,79,12,53,49,3,No,3,No
2750,Vansh,20,Male,Ahmedabad,B.Tech,6.3,83,10,66,60,3,No,0,No
2751,Anushka,20,Female,Chandigarh,BCA,8.0,91,16,81,73,3,Yes,1,Yes
2752,Rohan,22,Male,Delhi,BCA,7.1,82,12,63,67,3,No,0,Yes
2753,Reyansh,19,Male,Gurugram,BCA,7.9,86,13,70,70,2,Yes,1,Yes
2754,Ishaan,19,Male,Noida,BCA,5.7,81,10,65,58,4,No,0,Yes
2755,Priya,22,Female,Bangalore,B.Tech,7.2,87,15,69,71,3,No,0,Yes
2756,Kavya,21,Female,Shimla,B.Tech,3.0,70,7,40,40,2,No,2,No
2757,Meera,21,Female,Solan,MCA,7.5,87,15,77,72,4,Yes,0,Yes
2758,Krishna,20,Male,Jaipur,B.Sc,4.7,79,11,54,47,3,No,1,No
2759,Ayaan,20,Male,Chennai,B.Tech,6.0,82,12,64,61,3,No,1,No
2760,Anushka,21,Female,Shimla,B.Tech,7.6,85,12,72,71,2,No,0,No
2761,Aditya,20,Male,Bangalore,B.Sc,4.2,75,8,55,50,1,No,1,No
2762,Meera,21,Female,Chandigarh,BCA,8.1,94,17,74,75,5,Yes,0,Yes
2763,Dhruv,22,Male,Jaipur,BCA,6.3,83,9,67,67,2,No,0,Yes
2764,Rohan,21,Male,Noida,B.Tech,8.7,94,16,86,80,4,Yes,0,Yes
2765,Arjun,19,Male,Chandigarh,B.Tech,5.1,76,8,51,55,1,No,2,No
2766,Reyansh,21,Male,Pune,BCA,3.8,74,7,46,46,1,No,2,No
2767,Anushka,22,Female,Pune,B.Sc,6.5,85,13,73,72,4,Yes,0,Yes
2768,Kabir,21,Male,Chandigarh,B.Tech,7.4,90,15,77,71,3,Yes,0,Yes
2769,Ayaan,22,Male,Chandigarh,B.Tech,7.5,90,13,70,66,3,No,1,No
2770,Shaurya,19,Male,Hyderabad,B.Sc,4.8,73,10,48,46,3,No,1,No
2771,Vansh,18,Male,Hyderabad,B.Sc,4.1,78,5,53,47,1,No,2,No
2772,Ananya,22,Female,Ahmedabad,B.Tech,6.0,86,8,66,63,3,No,2,No
2773,Riya,18,Female,Chennai,B.Sc,7.3,84,15,70,67,3,Yes,0,Yes
2774,Simran,25,Female,Gurugram,M.Tech,7.2,83,8,79,75,3,Yes,0,Yes
2775,Kavya,24,Female,Jaipur,MCA,8.9,91,15,83,80,3,Yes,0,Yes
2776,Rahul,18,Male,Chennai,B.Sc,5.9,81,12,59,56,3,No,0,No
2777,Simran,22,Female,Chandigarh,B.Sc,3.7,72,7,52,46,1,No,1,No
2778,Dhruv,22,Male,Mumbai,B.Tech,8.3,85,11,76,75,3,No,0,Yes
2779,Kabir,18,Male,Solan,B.Sc,6.8,88,13,66,61,3,Yes,0,No
2780,Aadhya,22,Female,Chennai,B.Sc,6.9,82,11,71,64,2,No,0,Yes
2781,Ayaan,18,Male,Pune,BCA,7.7,85,14,78,77,5,No,0,Yes
2782,Aadhya,19,Female,Jaipur,BCA,8.4,90,14,79,78,1,No,0,No
2783,Aditya,20,Male,Delhi,B.Sc,6.5,78,11,60,63,3,Yes,1,No
2784,Ananya,22,Female,Ahmedabad,M.Tech,8.3,84,12,76,78,4,Yes,0,Yes
2785,Simran,18,Female,Mumbai,B.Tech,7.3,84,13,66,64,3,Yes,0,No
2786,Isha,21,Female,Noida,B.Tech,5.5,82,12,61,59,2,Yes,0,Yes
2787,Isha,21,Female,Pune,B.Sc,6.2,82,11,67,63,3,No,0,No
2788,Priya,20,Female,Kolkata,B.Tech,7.4,80,13,61,62,2,No,1,No
2789,Ishaan,18,Male,Chandigarh,BCA,5.4,83,9,63,65,1,No,1,No
2790,Rohan,22,Male,Gurugram,B.Tech,7.8,90,12,74,79,3,No,0,Yes
2791,Rahul,19,Male,Jaipur,BCA,6.7,84,11,65,64,1,Yes,0,Yes
2792,Diya,19,Female,Gurugram,B.Sc,7.1,85,13,64,61,2,No,1,No
2793,Arjun,20,Male,Hyderabad,B.Tech,8.7,92,19,76,75,3,Yes,0,Yes
2794,Isha,20,Female,Chandigarh,B.Tech,7.0,91,14,78,70,3,Yes,0,Yes
2795,Aarav,20,Male,Shimla,B.Tech,6.6,86,13,71,68,4,No,0,No
2796,Reyansh,20,Male,Mumbai,BCA,6.4,83,15,70,66,3,Yes,0,No
2797,Priya,20,Female,Kolkata,B.Sc,6.3,78,12,59,57,3,No,0,Yes
2798,Vansh,20,Male,Gurugram,BCA,7.0,85,14,76,76,3,No,0,Yes
2799,Aditya,22,Male,Solan,BCA,8.5,92,16,79,76,3,Yes,0,Yes
2800,Rohan,22,Male,Solan,BCA,5.6,79,11,56,59,2,No,1,No
2801,Tara,19,Female,Shimla,B.Tech,5.5,78,8,54,55,2,No,1,No
2802,Priya,19,Female,Noida,B.Sc,8.4,91,15,74,76,3,No,0,No
2803,Aditya,20,Male,Solan,B.Tech,5.7,77,9,56,51,3,No,4,No
2804,Rohan,22,Male,Ahmedabad,MCA,6.8,86,11,65,68,4,Yes,1,No
2805,Shaurya,20,Male,Gurugram,BCA,5.6,78,9,63,63,4,No,0,No
2806,Kavya,22,Female,Delhi,BCA,4.0,68,9,58,50,2,No,1,No
2807,Tara,21,Female,Hyderabad,B.Sc,6.8,82,12,66,67,3,No,0,No
2808,Ishaan,25,Male,Gurugram,MCA,8.2,89,15,76,75,5,No,0,Yes
2809,Vansh,21,Male,Hyderabad,M.Tech,6.4,84,15,58,62,3,No,2,No
2810,Shaurya,22,Male,Ahmedabad,BCA,4.3,76,9,48,41,2,No,2,No
2811,Tara,18,Female,Bangalore,B.Tech,6.7,80,12,59,62,2,Yes,1,Yes
2812,Anika,22,Female,Chennai,MCA,5.4,79,11,62,49,2,No,2,No
2813,Vansh,22,Male,Shimla,B.Tech,3.0,69,5,50,40,1,No,1,No
2814,Dhruv,24,Male,Ahmedabad,MCA,6.4,81,11,60,55,3,No,0,No
2815,Ishaan,22,Male,Shimla,B.Sc,7.3,83,13,69,67,4,No,0,Yes
2816,Isha,25,Female,Ahmedabad,MCA,8.3,89,15,76,72,3,Yes,1,Yes
2817,Ishaan,25,Male,Noida,MCA,9.1,100,17,88,82,4,Yes,0,Yes
2818,Anushka,20,Female,Solan,B.Tech,7.5,92,12,75,71,1,No,0,No
2819,Neha,22,Female,Gurugram,B.Sc,7.9,85,15,82,76,3,Yes,0,Yes
2820,Krishna,22,Male,Delhi,B.Tech,4.6,76,9,50,43,5,No,1,No
2821,Ayaan,21,Male,Shimla,B.Tech,8.9,90,15,84,78,5,No,0,Yes
2822,Kabir,18,Male,Hyderabad,BCA,8.4,90,15,76,72,5,Yes,1,Yes
2823,Aadhya,18,Female,Chandigarh,B.Tech,5.9,83,9,56,57,3,Yes,2,Yes
2824,Sanya,21,Female,Solan,B.Sc,7.5,86,11,78,81,4,No,0,No
2825,Riya,22,Female,Hyderabad,M.Tech,7.4,84,12,78,77,3,Yes,0,Yes
2826,Ananya,22,Female,Solan,BCA,8.7,94,17,83,79,3,Yes,0,Yes
2827,Aditya,19,Male,Jaipur,B.Tech,6.3,78,12,60,59,4,No,1,No
2828,Riya,24,Female,Gurugram,MCA,5.4,79,13,54,51,2,No,4,No
2829,Riya,22,Female,Delhi,MCA,5.8,76,10,62,57,3,No,0,No
2830,Ishaan,18,Male,Chandigarh,B.Sc,7.8,84,14,64,66,5,No,0,Yes
2831,Diya,20,Female,Solan,B.Sc,3.6,75,7,51,44,2,No,1,No
2832,Priya,22,Female,Chennai,MCA,3.0,68,5,41,40,1,No,2,No
2833,Neha,20,Female,Chandigarh,B.Tech,7.8,82,15,70,67,5,Yes,0,Yes
2834,Sanya,22,Female,Bangalore,M.Tech,6.9,82,13,63,62,3,No,2,No
2835,Priya,24,Female,Hyderabad,M.Tech,6.5,80,10,59,65,3,No,0,Yes
2836,Ananya,23,Female,Noida,MCA,4.5,72,9,51,48,3,No,2,No
2837,Shaurya,19,Male,Chandigarh,B.Tech,3.9,75,8,50,47,1,No,3,No
2838,Shaurya,24,Male,Bangalore,MCA,5.5,75,8,57,53,1,Yes,3,No
2839,Priya,18,Female,Jaipur,BCA,7.0,83,14,73,73,3,No,0,Yes
2840,Rahul,22,Male,Shimla,BCA,5.6,80,9,60,56,2,Yes,1,Yes
2841,Arjun,24,Male,Jaipur,MCA,7.9,87,10,77,76,2,Yes,0,Yes
2842,Ayaan,21,Male,Pune,B.Tech,5.1,77,11,50,48,2,No,1,No
2843,Ayaan,18,Male,Chennai,BCA,5.7,78,12,58,56,2,No,0,Yes
2844,Anika,23,Female,Chennai,MCA,7.6,83,12,77,71,3,No,0,No
2845,Isha,22,Female,Noida,MCA,5.9,79,8,65,65,3,No,0,No
2846,Aarav,23,Male,Shimla,MCA,6.0,83,13,65,59,2,Yes,0,Yes
2847,Aditya,21,Male,Chandigarh,B.Tech,5.5,78,9,57,51,3,No,2,No
2848,Vivaan,19,Male,Solan,B.Sc,5.3,79,12,54,51,4,No,1,No
2849,Diya,22,Female,Solan,B.Tech,7.0,88,10,68,71,4,Yes,0,Yes
2850,Ananya,22,Female,Gurugram,B.Sc,7.2,87,15,73,67,3,No,0,No
2851,Vivaan,19,Male,Pune,B.Tech,6.8,80,14,58,58,3,No,1,No
2852,Priya,21,Female,Chennai,B.Sc,5.6,81,11,68,61,2,No,0,Yes
2853,Simran,18,Female,Delhi,BCA,6.2,85,8,70,60,3,No,0,No
2854,Priya,23,Female,Kolkata,M.Tech,8.9,89,15,85,78,5,No,0,Yes
2855,Tara,20,Female,Mumbai,BCA,4.4,71,9,53,51,3,No,3,No
2856,Vansh,18,Male,Kolkata,B.Sc,9.3,91,14,83,83,4,No,0,Yes
2857,Aadhya,18,Female,Kolkata,BCA,6.6,84,11,68,61,4,Yes,0,No
2858,Vansh,22,Male,Noida,B.Sc,6.2,83,12,63,59,3,Yes,0,Yes
2859,Diya,18,Female,Noida,BCA,7.9,86,12,82,75,4,Yes,0,Yes
2860,Ananya,19,Female,Gurugram,B.Tech,3.4,66,8,43,40,2,No,2,No
2861,Ananya,22,Female,Chandigarh,B.Sc,8.6,86,17,75,76,3,Yes,0,Yes
2862,Riya,24,Female,Pune,MCA,9.3,94,17,83,76,5,Yes,0,Yes
2863,Rahul,22,Male,Chandigarh,B.Tech,8.1,94,15,75,77,3,Yes,0,Yes
2864,Diya,22,Female,Jaipur,B.Tech,3.3,71,5,48,41,1,No,1,No
2865,Simran,20,Female,Jaipur,B.Sc,7.6,91,15,72,68,3,No,0,No
2866,Neha,21,Female,Noida,MCA,9.0,88,15,80,82,4,Yes,0,Yes
2867,Arjun,19,Male,Chandigarh,B.Tech,8.8,89,16,85,79,4,No,0,Yes
2868,Krishna,21,Male,Solan,M.Tech,4.4,68,7,53,46,2,No,2,No
2869,Aarav,23,Male,Pune,M.Tech,8.0,89,17,72,68,2,No,0,No
2870,Diya,18,Female,Delhi,B.Tech,9.2,90,18,87,87,5,Yes,0,Yes
2871,Isha,19,Female,Chandigarh,B.Tech,6.5,85,10,61,63,2,Yes,0,No
2872,Ishaan,18,Male,Delhi,B.Sc,4.3,74,10,45,43,2,No,2,No
2873,Rohan,23,Male,Mumbai,M.Tech,7.7,93,13,74,71,3,Yes,0,Yes
2874,Ananya,19,Female,Gurugram,B.Sc,8.1,94,17,79,72,4,No,1,Yes
2875,Kavya,18,Female,Gurugram,BCA,6.3,75,14,61,57,3,No,0,No
2876,Ananya,20,Female,Pune,B.Tech,4.7,78,12,56,51,2,No,2,No
2877,Anika,20,Female,Pune,BCA,8.0,86,15,73,70,4,Yes,0,Yes
2878,Kabir,22,Male,Chandigarh,B.Sc,5.3,80,9,50,47,2,No,2,No
2879,Arjun,19,Male,Noida,B.Tech,7.1,81,12,67,62,2,No,0,No
2880,Isha,19,Female,Bangalore,BCA,8.8,95,16,76,74,5,Yes,0,Yes
2881,Meera,18,Female,Noida,B.Tech,4.0,77,6,51,40,3,No,1,No
2882,Riya,22,Female,Bangalore,BCA,7.9,83,11,68,69,3,No,0,No
2883,Simran,19,Female,Mumbai,B.Tech,6.2,81,11,65,61,2,No,1,No
2884,Anika,20,Female,Noida,B.Tech,6.2,82,11,69,63,4,No,0,No
2885,Shaurya,22,Male,Kolkata,MCA,7.3,88,14,65,63,2,No,0,No
2886,Krishna,22,Male,Noida,B.Tech,5.3,79,10,50,47,3,No,1,No
2887,Ishaan,21,Male,Jaipur,BCA,4.7,79,9,54,48,3,No,2,No
2888,Rohan,20,Male,Mumbai,B.Tech,3.8,73,9,53,44,2,No,3,No
2889,Aadhya,19,Female,Ahmedabad,B.Tech,8.3,91,14,79,77,4,Yes,0,Yes
2890,Anika,20,Female,Shimla,BCA,5.9,77,10,59,62,2,No,1,No
2891,Vivaan,18,Male,Kolkata,B.Tech,7.4,86,16,67,66,3,No,0,No
2892,Reyansh,20,Male,Shimla,B.Tech,5.8,84,6,65,58,3,No,1,No
2893,Aadhya,22,Female,Pune,MCA,4.8,81,10,63,54,2,No,2,No
2894,Aditya,18,Male,Solan,B.Tech,7.5,87,14,65,64,4,No,1,No
2895,Neha,18,Female,Hyderabad,B.Tech,7.0,84,13,70,65,4,No,0,Yes
2896,Isha,21,Female,Bangalore,MCA,6.1,85,12,75,65,3,No,0,Yes
2897,Diya,21,Female,Delhi,B.Tech,7.0,84,14,66,66,5,No,0,No
2898,Vivaan,21,Male,Shimla,B.Sc,5.1,81,7,57,54,3,Yes,2,Yes
2899,Rohan,18,Male,Solan,B.Tech,8.1,88,13,76,77,4,No,0,No
2900,Ananya,19,Female,Bangalore,B.Tech,8.4,90,14,76,78,4,No,0,Yes
2901,Meera,18,Female,Bangalore,BCA,7.6,83,10,76,71,4,Yes,1,No
2902,Ishaan,21,Male,Solan,M.Tech,5.9,77,11,68,57,3,No,0,No
2903,Simran,20,Female,Chandigarh,B.Tech,6.6,86,13,61,66,4,Yes,0,Yes
2904,Vivaan,20,Male,Chennai,BCA,8.9,96,18,79,72,2,No,1,Yes
2905,Priya,20,Female,Mumbai,B.Tech,8.4,90,15,83,78,4,No,0,Yes
2906,Shaurya,22,Male,Pune,B.Tech,9.5,93,16,87,81,3,No,0,Yes
2907,Simran,23,Female,Delhi,MCA,5.3,82,10,61,56,3,No,0,No
2908,Reyansh,20,Male,Ahmedabad,B.Tech,5.2,79,9,60,51,1,No,1,No
2909,Ishaan,22,Male,Ahmedabad,MCA,6.7,76,13,64,65,2,Yes,0,Yes
2910,Shaurya,21,Male,Solan,B.Tech,7.1,88,13,73,69,3,Yes,0,No
2911,Dhruv,24,Male,Shimla,MCA,6.3,78,13,61,63,2,Yes,1,No
2912,Anika,21,Female,Pune,BCA,5.9,81,10,61,58,2,Yes,2,No
2913,Meera,25,Female,Mumbai,MCA,8.4,88,17,77,79,2,Yes,0,Yes
2914,Rohan,18,Male,Chennai,B.Tech,6.4,80,12,62,56,4,Yes,0,Yes
2915,Vivaan,20,Male,Noida,B.Sc,4.7,77,8,56,53,2,Yes,1,No
2916,Isha,19,Female,Jaipur,B.Sc,4.9,80,8,58,52,2,No,1,No
2917,Anika,22,Female,Kolkata,BCA,6.9,84,14,61,61,4,No,0,No
2918,Sanya,24,Female,Noida,MCA,10.0,99,16,89,91,5,Yes,0,Yes
2919,Rahul,22,Male,Ahmedabad,B.Sc,5.0,82,9,58,53,1,Yes,3,No
2920,Dhruv,22,Male,Hyderabad,MCA,6.0,86,12,71,61,3,No,1,No
2921,Meera,22,Female,Delhi,BCA,10.0,95,19,87,86,4,No,0,Yes
2922,Kabir,21,Male,Solan,BCA,5.8,79,9,61,54,4,No,1,No
2923,Anika,21,Female,Shimla,MCA,7.2,85,13,70,69,3,No,0,No
2924,Kabir,21,Male,Solan,B.Tech,9.3,96,15,90,86,3,No,0,No
2925,Sanya,21,Female,Kolkata,BCA,5.1,81,9,53,48,3,No,2,No
2926,Vansh,24,Male,Ahmedabad,M.Tech,6.0,73,13,56,55,3,Yes,0,No
2927,Simran,22,Female,Chandigarh,BCA,5.8,81,11,58,54,3,No,2,No
2928,Reyansh,19,Male,Gurugram,B.Tech,4.2,68,6,48,47,2,No,3,No
2929,Neha,21,Female,Delhi,BCA,8.9,91,16,75,79,3,Yes,0,Yes
2930,Rohan,25,Male,Chennai,MCA,5.6,78,10,65,61,2,Yes,2,No
2931,Aadhya,22,Female,Chandigarh,M.Tech,5.2,76,11,58,52,2,No,1,No
2932,Meera,21,Female,Shimla,M.Tech,5.8,83,12,65,61,2,No,1,No
2933,Anushka,21,Female,Noida,B.Sc,7.9,86,13,82,78,5,No,0,Yes
2934,Meera,20,Female,Noida,BCA,6.7,83,12,65,59,2,No,1,No
2935,Tara,22,Female,Mumbai,B.Tech,5.3,76,10,60,54,2,No,2,No
2936,Kavya,18,Female,Delhi,B.Tech,7.1,85,12,72,68,4,Yes,0,Yes
2937,Arjun,18,Male,Delhi,B.Tech,7.7,90,15,81,80,3,Yes,0,Yes
2938,Priya,18,Female,Jaipur,B.Tech,6.5,80,10,67,62,3,Yes,0,Yes
2939,Krishna,25,Male,Shimla,MCA,6.1,83,11,62,60,3,Yes,1,No
2940,Ayaan,22,Male,Ahmedabad,MCA,8.0,88,16,77,78,4,Yes,0,Yes
2941,Aarav,20,Male,Mumbai,BCA,6.2,82,11,61,56,2,No,0,Yes
2942,Kabir,22,Male,Hyderabad,M.Tech,8.9,90,16,79,79,3,No,0,Yes
2943,Meera,24,Female,Chandigarh,M.Tech,5.4,81,11,59,60,1,No,1,No
2944,Diya,20,Female,Jaipur,B.Sc,5.3,81,9,58,49,3,No,4,No
2945,Tara,19,Female,Bangalore,BCA,5.1,77,10,53,48,3,No,1,No
2946,Reyansh,21,Male,Jaipur,B.Tech,6.1,82,11,54,55,4,No,0,No
2947,Ishaan,20,Male,Hyderabad,BCA,6.5,85,10,68,65,3,No,0,No
2948,Shaurya,22,Male,Solan,B.Tech,4.5,77,9,55,49,2,No,2,No
2949,Vivaan,21,Male,Chandigarh,BCA,6.6,82,14,67,65,3,Yes,0,Yes
2950,Ishaan,22,Male,Bangalore,M.Tech,7.3,89,15,80,77,2,No,0,Yes
2951,Reyansh,20,Male,Hyderabad,B.Tech,4.3,78,9,47,43,2,No,3,No
2952,Shaurya,21,Male,Jaipur,B.Tech,5.7,86,11,69,61,2,Yes,0,Yes
2953,Diya,21,Female,Gurugram,BCA,7.4,81,14,79,75,2,Yes,0,Yes
2954,Sanya,22,Female,Solan,B.Sc,4.9,79,9,63,61,3,Yes,2,Yes
2955,Isha,21,Female,Solan,B.Tech,6.0,84,10,62,60,2,Yes,0,Yes
2956,Diya,20,Female,Chandigarh,B.Tech,8.1,91,11,79,79,4,Yes,0,Yes
2957,Tara,21,Female,Chandigarh,M.Tech,9.2,91,14,79,75,4,Yes,0,Yes
2958,Rohan,20,Male,Noida,B.Tech,7.2,81,13,66,64,4,No,1,No
2959,Diya,23,Female,Ahmedabad,MCA,6.2,86,9,72,61,2,No,0,No
2960,Tara,22,Female,Jaipur,BCA,5.7,79,11,63,58,3,No,0,No
2961,Rohan,22,Male,Chennai,BCA,7.9,87,17,77,78,4,No,0,Yes
2962,Rahul,21,Male,Delhi,B.Tech,8.2,95,10,75,70,4,Yes,0,Yes
2963,Anushka,22,Female,Shimla,B.Sc,4.8,73,7,47,50,2,No,2,No
2964,Dhruv,24,Male,Kolkata,MCA,7.9,90,17,80,76,3,Yes,0,Yes
2965,Diya,18,Female,Bangalore,B.Tech,5.6,77,11,60,58,3,No,1,No
2966,Neha,19,Female,Bangalore,B.Tech,5.2,76,9,55,54,2,Yes,2,No
2967,Reyansh,22,Male,Gurugram,B.Tech,6.3,83,11,72,71,2,No,0,Yes
2968,Aarav,22,Male,Hyderabad,B.Sc,8.0,90,15,78,77,3,No,0,Yes
2969,Ishaan,18,Male,Chennai,BCA,7.0,87,14,66,61,2,Yes,0,Yes
2970,Ayaan,22,Male,Chennai,B.Tech,6.9,87,11,62,64,3,No,0,No
2971,Dhruv,18,Male,Noida,B.Tech,7.0,82,15,70,58,3,No,0,No
2972,Neha,21,Female,Pune,BCA,7.2,82,14,67,63,4,No,1,No
2973,Aarav,25,Male,Chennai,MCA,6.3,81,13,63,58,2,No,0,No
2974,Vansh,22,Male,Pune,B.Sc,7.4,87,15,71,62,2,No,1,No
2975,Arjun,21,Male,Bangalore,B.Tech,5.5,79,10,65,63,3,No,1,No
2976,Sanya,22,Female,Kolkata,B.Tech,7.5,75,14,71,73,3,No,0,Yes
2977,Krishna,20,Male,Jaipur,BCA,7.8,82,15,71,71,3,No,0,No
2978,Rohan,18,Male,Ahmedabad,B.Tech,7.5,86,13,71,72,4,No,1,No
2979,Kavya,19,Female,Jaipur,B.Sc,7.6,89,15,75,73,4,No,0,No
2980,Anika,20,Female,Mumbai,BCA,7.2,82,13,74,72,4,Yes,0,Yes
2981,Vansh,19,Male,Pune,B.Tech,8.3,91,15,78,80,4,Yes,0,Yes
2982,Neha,20,Female,Ahmedabad,BCA,3.1,66,8,40,40,2,No,3,No
2983,Kabir,20,Male,Delhi,B.Sc,7.8,88,14,69,71,4,Yes,0,Yes
2984,Rahul,20,Male,Hyderabad,BCA,9.5,94,18,85,88,5,No,0,Yes
2985,Arjun,21,Male,Jaipur,MCA,5.6,81,10,56,51,4,No,2,No
2986,Ayaan,19,Male,Noida,B.Sc,5.4,76,9,59,54,3,Yes,4,No
2987,Kavya,21,Female,Chandigarh,B.Sc,8.4,85,18,78,74,2,Yes,0,Yes
2988,Vivaan,21,Male,Chennai,B.Sc,5.1,80,7,62,56,4,No,1,No
2989,Ayaan,22,Male,Noida,B.Tech,5.5,75,10,57,55,2,No,0,No
2990,Simran,18,Female,Kolkata,B.Tech,6.8,81,10,71,67,4,Yes,0,Yes
2991,Kavya,21,Female,Solan,MCA,5.3,83,11,66,56,3,No,0,No
2992,Vansh,21,Male,Pune,M.Tech,7.8,88,14,74,76,3,Yes,0,Yes
2993,Simran,20,Female,Gurugram,B.Sc,5.3,80,9,67,57,2,Yes,1,No
2994,Ishaan,18,Male,Pune,B.Sc,7.0,86,10,75,71,3,Yes,0,Yes
2995,Priya,21,Female,Kolkata,B.Tech,6.9,86,15,67,67,1,No,0,Yes
2996,Anika,18,Female,Mumbai,BCA,9.0,91,14,93,82,3,No,0,No
2997,Anika,23,Female,Shimla,M.Tech,8.2,86,15,75,75,3,Yes,0,Yes
2998,Rahul,22,Male,Ahmedabad,MCA,5.7,88,12,69,65,3,No,1,No
2999,Aditya,18,Male,Jaipur,B.Tech,4.6,75,12,56,50,3,No,1,No
3000,Aarav,19,Male,Solan,B.Tech,7.8,88,13,75,75,3,Yes,0,Yes
3001,Arjun,22,Male,Chennai,BCA,5.5,81,9,65,56,3,No,0,No
3002,Reyansh,20,Male,Solan,BCA,6.0,79,10,62,61,3,No,0,No
3003,Tara,18,Female,Chandigarh,BCA,4.9,76,8,55,47,2,No,3,No
3004,Rohan,22,Male,Solan,B.Sc,7.5,91,11,74,71,3,Yes,0,Yes
3005,Vansh,22,Male,Noida,B.Tech,5.5,77,12,54,55,3,No,0,No
3006,Simran,19,Female,Pune,B.Sc,6.4,84,11,70,68,3,No,0,No
3007,Reyansh,21,Male,Shimla,B.Sc,6.5,85,11,64,57,3,No,1,No
3008,Diya,24,Female,Jaipur,MCA,6.8,83,13,68,64,4,No,0,No
3009,Kabir,24,Male,Gurugram,MCA,7.5,86,16,72,68,4,No,0,Yes
3010,Krishna,21,Male,Chennai,BCA,6.1,84,9,67,65,2,Yes,0,No
3011,Ishaan,20,Male,Bangalore,B.Sc,5.4,78,10,58,53,2,No,1,Yes
3012,Arjun,18,Male,Bangalore,BCA,3.7,67,5,44,40,2,No,1,No
3013,Meera,21,Female,Bangalore,M.Tech,6.7,88,13,70,67,3,Yes,0,No
3014,Rahul,20,Male,Shimla,B.Tech,6.3,79,12,64,57,2,No,1,No
3015,Anushka,22,Female,Gurugram,MCA,5.4,80,9,55,53,2,No,2,No
3016,Shaurya,18,Male,Chandigarh,B.Tech,6.6,79,12,64,58,4,No,0,No
3017,Arjun,22,Male,Hyderabad,B.Tech,7.8,86,14,78,73,4,No,0,Yes
3018,Aadhya,18,Female,Bangalore,BCA,8.2,87,15,86,79,5,Yes,0,Yes
3019,Kabir,20,Male,Bangalore,B.Sc,4.2,75,7,44,43,2,No,2,Yes
3020,Priya,19,Female,Mumbai,B.Tech,6.0,78,9,65,58,3,No,2,No
3021,Isha,18,Female,Gurugram,BCA,7.9,94,13,78,73,4,No,0,No
3022,Simran,23,Female,Hyderabad,MCA,8.9,91,15,79,80,3,No,0,Yes
3023,Anika,22,Female,Kolkata,B.Tech,5.3,81,8,57,57,3,No,0,No
3024,Ishaan,21,Male,Shimla,BCA,8.6,90,15,75,76,4,No,0,Yes
3025,Rohan,22,Male,Shimla,B.Tech,4.5,79,8,49,49,3,No,3,No
3026,Ayaan,22,Male,Hyderabad,BCA,8.2,82,15,75,67,2,No,1,No
3027,Sanya,19,Female,Noida,B.Sc,6.1,79,12,69,67,2,No,0,No
3028,Neha,18,Female,Ahmedabad,BCA,8.8,89,16,81,77,3,No,0,Yes
3029,Vansh,24,Male,Chennai,M.Tech,5.8,79,11,61,55,4,Yes,0,No
3030,Anika,20,Female,Ahmedabad,BCA,6.0,83,12,61,63,2,No,0,No
3031,Aarav,24,Male,Ahmedabad,MCA,6.3,84,10,61,59,2,No,0,Yes
3032,Diya,18,Female,Jaipur,B.Sc,4.2,74,6,51,43,1,No,2,No
3033,Rohan,22,Male,Chandigarh,MCA,3.9,74,6,45,40,1,No,1,No
3034,Kavya,18,Female,Hyderabad,B.Tech,7.3,93,12,78,68,4,Yes,0,Yes
3035,Priya,20,Female,Pune,B.Tech,8.0,89,12,73,72,5,Yes,0,Yes
3036,Vivaan,21,Male,Pune,BCA,7.4,79,14,65,64,3,No,0,No
3037,Aditya,25,Male,Mumbai,MCA,4.6,78,7,63,56,1,No,0,No
3038,Aditya,18,Male,Chandigarh,B.Tech,7.2,87,16,76,76,4,No,0,No
3039,Ishaan,22,Male,Ahmedabad,M.Tech,5.0,81,9,53,46,4,No,2,No
3040,Ayaan,19,Male,Gurugram,B.Tech,7.1,87,11,67,67,2,No,0,No
3041,Anika,21,Female,Shimla,B.Tech,8.2,86,16,75,69,3,Yes,0,No
3042,Kavya,22,Female,Mumbai,B.Tech,7.1,88,13,70,68,3,Yes,0,Yes
3043,Kavya,20,Female,Gurugram,BCA,8.7,91,16,78,74,4,No,0,Yes
3044,Kabir,25,Male,Kolkata,MCA,6.3,85,11,71,61,5,No,0,Yes
3045,Aadhya,21,Female,Hyderabad,B.Tech,6.2,86,10,66,69,2,No,0,Yes
3046,Anushka,22,Female,Chennai,BCA,6.6,83,10,66,69,2,Yes,0,Yes
3047,Vansh,21,Male,Bangalore,B.Tech,4.5,78,6,51,44,1,No,3,No
3048,Aadhya,22,Female,Delhi,B.Sc,5.9,84,9,59,62,4,No,1,No
3049,Riya,18,Female,Delhi,B.Tech,6.0,81,10,60,57,3,Yes,1,Yes
3050,Dhruv,19,Male,Jaipur,BCA,6.1,87,11,62,54,4,No,1,No
3051,Rohan,21,Male,Chennai,B.Sc,6.9,87,10,64,64,4,Yes,0,No
3052,Reyansh,21,Male,Bangalore,BCA,4.3,73,9,55,51,1,Yes,2,No
3053,Kabir,19,Male,Noida,B.Tech,4.8,78,9,59,54,3,No,1,No
3054,Diya,20,Female,Hyderabad,B.Tech,8.2,91,18,76,69,5,No,0,Yes
3055,Simran,21,Female,Ahmedabad,B.Sc,3.5,78,6,54,41,3,No,4,No
3056,Neha,21,Female,Pune,MCA,7.4,88,17,75,74,2,No,1,No
3057,Ayaan,25,Male,Bangalore,MCA,5.9,82,12,58,52,3,No,3,No
3058,Vivaan,21,Male,Mumbai,MCA,6.7,87,9,62,64,2,No,1,No
3059,Sanya,24,Female,Chandigarh,M.Tech,8.8,90,14,81,78,4,No,0,Yes
3060,Sanya,20,Female,Jaipur,BCA,6.3,79,12,65,56,3,Yes,0,Yes
3061,Rohan,21,Male,Shimla,B.Tech,7.4,88,11,67,62,4,No,0,No
3062,Dhruv,20,Male,Noida,B.Tech,6.6,82,11,64,63,3,No,1,No
3063,Kavya,19,Female,Jaipur,BCA,6.3,90,9,71,66,2,No,0,Yes
3064,Vansh,22,Male,Chandigarh,B.Sc,6.2,82,14,70,68,4,No,0,No
3065,Aditya,21,Male,Mumbai,MCA,7.6,89,15,74,71,4,Yes,0,Yes
3066,Riya,20,Female,Pune,B.Tech,5.4,77,9,58,53,3,No,2,No
3067,Ayaan,18,Male,Delhi,BCA,4.8,81,11,55,55,4,No,1,No
3068,Ayaan,19,Male,Chennai,B.Sc,6.6,83,14,72,64,3,Yes,0,Yes
3069,Dhruv,21,Male,Chandigarh,BCA,6.8,83,14,69,64,2,No,0,No
3070,Ishaan,20,Male,Mumbai,B.Tech,3.8,73,6,45,42,1,No,3,No
3071,Isha,22,Female,Solan,B.Sc,6.5,79,11,67,60,3,No,1,No
3072,Rahul,20,Male,Mumbai,B.Tech,4.7,76,7,51,48,3,No,2,No
3073,Vivaan,24,Male,Hyderabad,MCA,7.4,88,13,68,67,3,Yes,1,No
3074,Priya,24,Female,Solan,M.Tech,3.8,69,6,45,44,2,No,1,No
3075,Tara,22,Female,Noida,BCA,9.4,96,15,82,81,5,No,0,Yes
3076,Neha,22,Female,Chandigarh,BCA,6.0,80,12,58,54,3,No,2,No
3077,Kabir,19,Male,Kolkata,B.Sc,5.2,79,10,52,55,4,No,0,Yes
3078,Rahul,18,Male,Hyderabad,BCA,6.1,75,10,58,59,2,Yes,0,No
3079,Anushka,20,Female,Kolkata,B.Tech,7.3,86,15,69,70,2,No,0,Yes
3080,Diya,22,Female,Jaipur,MCA,7.8,84,15,67,70,2,Yes,0,Yes
3081,Arjun,18,Male,Noida,BCA,6.1,80,11,65,58,4,No,0,No
3082,Vivaan,19,Male,Solan,B.Tech,4.3,70,10,42,40,2,No,3,No
3083,Arjun,22,Male,Hyderabad,BCA,4.7,74,9,52,45,2,No,2,No
3084,Isha,22,Female,Chennai,B.Tech,6.9,84,15,71,65,4,No,0,No
3085,Tara,21,Female,Pune,B.Tech,8.0,87,15,79,79,4,Yes,0,Yes
3086,Shaurya,20,Male,Mumbai,BCA,8.2,91,16,75,74,4,Yes,0,Yes
3087,Rahul,20,Male,Chandigarh,BCA,6.8,78,11,69,68,4,No,0,No
3088,Anika,20,Female,Ahmedabad,BCA,8.0,88,14,74,75,3,Yes,0,Yes
3089,Priya,22,Female,Chennai,M.Tech,9.4,93,19,93,94,5,Yes,0,Yes
3090,Vansh,22,Male,Mumbai,MCA,8.3,88,17,71,74,3,No,0,Yes
3091,Ananya,20,Female,Hyderabad,B.Tech,7.9,85,14,69,70,3,Yes,0,Yes
3092,Anika,21,Female,Chennai,B.Tech,5.3,82,8,60,51,2,No,1,No
3093,Rahul,18,Male,Delhi,B.Sc,7.9,94,17,72,77,4,Yes,0,Yes
3094,Neha,19,Female,Chandigarh,B.Sc,7.2,80,15,65,67,4,Yes,0,Yes
3095,Krishna,23,Male,Shimla,MCA,7.5,83,12,73,71,4,Yes,0,Yes
3096,Sanya,22,Female,Ahmedabad,B.Sc,8.4,86,13,77,76,5,Yes,0,Yes
3097,Riya,19,Female,Kolkata,B.Tech,7.0,84,15,68,60,5,Yes,1,No
3098,Aadhya,18,Female,Ahmedabad,BCA,6.3,86,11,66,63,4,No,0,Yes
3099,Tara,22,Female,Mumbai,MCA,4.9,79,8,46,43,1,No,3,No
3100,Vansh,21,Male,Kolkata,M.Tech,6.1,81,10,63,54,4,Yes,3,No
3101,Diya,18,Female,Delhi,B.Tech,6.8,84,13,65,61,5,Yes,0,Yes
3102,Tara,19,Female,Kolkata,BCA,6.9,83,10,66,64,3,No,1,Yes
3103,Kabir,18,Male,Bangalore,B.Tech,6.9,86,13,63,63,2,No,0,No
3104,Ananya,19,Female,Jaipur,BCA,7.9,90,12,78,71,4,Yes,0,Yes
3105,Ananya,19,Female,Chandigarh,B.Tech,7.8,89,12,77,69,4,No,0,Yes
3106,Aditya,24,Male,Jaipur,M.Tech,6.4,76,9,58,56,3,Yes,0,Yes
3107,Diya,22,Female,Chennai,B.Sc,5.2,78,7,58,55,2,Yes,2,No
3108,Simran,21,Female,Kolkata,MCA,7.1,84,14,76,68,3,Yes,1,No
3109,Shaurya,22,Male,Pune,M.Tech,9.9,98,19,89,87,5,Yes,0,Yes
3110,Anushka,18,Female,Shimla,B.Tech,7.0,85,12,61,62,4,Yes,0,Yes
3111,Aarav,19,Male,Bangalore,B.Sc,6.1,83,10,61,55,4,No,0,Yes
3112,Aarav,22,Male,Bangalore,MCA,7.3,84,15,71,62,4,No,1,Yes
3113,Rahul,19,Male,Mumbai,BCA,7.4,89,14,81,75,3,No,0,No
3114,Ananya,22,Female,Mumbai,B.Sc,7.4,90,12,68,61,4,No,1,No
3115,Sanya,18,Female,Chennai,BCA,8.6,85,16,76,77,5,Yes,0,Yes
3116,Dhruv,22,Male,Solan,B.Sc,7.1,81,13,64,63,3,Yes,1,No
3117,Rohan,22,Male,Delhi,BCA,8.5,92,16,83,79,4,Yes,0,Yes
3118,Priya,22,Female,Solan,BCA,6.8,83,16,66,60,2,No,1,No
3119,Shaurya,22,Male,Hyderabad,B.Tech,8.8,94,15,71,72,4,Yes,0,Yes
3120,Ananya,21,Female,Chandigarh,B.Tech,8.3,90,16,76,72,4,Yes,0,Yes
3121,Kavya,18,Female,Chandigarh,B.Tech,7.9,90,16,75,81,3,No,0,Yes
3122,Ayaan,18,Male,Jaipur,B.Tech,7.7,85,16,74,69,4,Yes,0,Yes
3123,Simran,19,Female,Chennai,BCA,10.0,96,18,89,92,5,Yes,0,Yes
3124,Vansh,18,Male,Chandigarh,B.Tech,8.1,89,13,79,74,4,Yes,0,Yes
3125,Tara,22,Female,Chandigarh,B.Tech,5.2,76,7,56,53,3,Yes,3,Yes
3126,Sanya,20,Female,Delhi,B.Sc,6.9,87,14,70,66,4,No,0,No
3127,Simran,18,Female,Gurugram,B.Sc,6.1,76,11,61,57,4,No,1,No
3128,Dhruv,20,Male,Jaipur,B.Sc,9.6,94,17,84,83,4,Yes,0,Yes
3129,Kavya,24,Female,Noida,M.Tech,8.4,86,16,79,78,3,No,0,No
3130,Shaurya,19,Male,Gurugram,B.Tech,9.5,90,19,87,90,5,No,0,Yes
3131,Vivaan,19,Male,Hyderabad,B.Tech,5.4,82,11,60,52,1,No,2,No
3132,Rohan,19,Male,Hyderabad,B.Tech,8.2,85,15,73,67,4,Yes,0,Yes
3133,Neha,24,Female,Bangalore,MCA,4.5,72,7,47,41,1,No,1,No
3134,Aadhya,22,Female,Chennai,B.Sc,4.1,76,9,52,46,1,No,2,No
3135,Simran,20,Female,Jaipur,B.Tech,5.9,77,10,56,53,3,No,1,No
3136,Kavya,18,Female,Chandigarh,B.Tech,8.8,94,17,82,85,3,Yes,0,Yes
3137,Krishna,22,Male,Gurugram,B.Sc,5.0,79,8,57,56,2,Yes,0,Yes
3138,Priya,19,Female,Chennai,B.Tech,6.5,80,13,69,63,2,No,0,Yes
3139,Aarav,19,Male,Bangalore,BCA,8.3,92,18,84,84,4,Yes,0,Yes
3140,Simran,25,Female,Ahmedabad,M.Tech,7.8,81,15,59,64,4,No,1,No
3141,Aadhya,20,Female,Mumbai,BCA,9.8,96,20,87,84,4,Yes,0,Yes
3142,Anushka,25,Female,Chandigarh,M.Tech,6.5,79,11,56,56,5,No,0,No
3143,Aadhya,21,Female,Noida,BCA,5.8,79,11,65,59,2,No,0,No
3144,Rohan,19,Male,Shimla,B.Sc,4.9,76,8,55,48,1,No,2,No
3145,Rohan,23,Male,Kolkata,MCA,5.9,84,8,68,60,2,No,1,No
3146,Diya,18,Female,Ahmedabad,BCA,4.8,75,10,55,51,2,No,2,No
3147,Krishna,19,Male,Shimla,B.Sc,3.8,73,8,43,40,2,No,3,Yes
3148,Vansh,22,Male,Pune,B.Sc,9.4,92,18,80,80,5,Yes,0,Yes
3149,Arjun,23,Male,Ahmedabad,MCA,6.6,80,14,64,61,2,Yes,2,No
3150,Meera,19,Female,Jaipur,B.Tech,10.0,92,16,89,88,4,Yes,0,Yes
3151,Vansh,18,Male,Solan,B.Tech,5.2,79,7,58,56,3,No,1,No
3152,Rohan,18,Male,Mumbai,BCA,5.9,81,12,63,56,3,No,1,No
3153,Anika,25,Female,Chennai,MCA,5.3,81,9,57,53,2,Yes,2,No
3154,Diya,24,Female,Jaipur,M.Tech,5.5,79,10,64,53,2,No,2,No
3155,Reyansh,22,Male,Solan,B.Tech,7.8,87,12,74,70,3,No,0,Yes
3156,Ishaan,20,Male,Solan,B.Tech,7.3,88,15,72,65,3,No,0,No
3157,Rohan,25,Male,Pune,M.Tech,7.8,86,15,75,77,3,Yes,0,Yes
3158,Ishaan,20,Male,Bangalore,B.Tech,8.5,85,14,75,75,5,Yes,0,Yes
3159,Krishna,21,Male,Chandigarh,B.Tech,8.2,91,18,76,73,4,No,0,Yes
3160,Aadhya,22,Female,Gurugram,B.Tech,5.0,75,7,57,46,2,No,2,No
3161,Aadhya,18,Female,Gurugram,B.Tech,5.7,80,10,64,54,3,No,1,No
3162,Neha,20,Female,Pune,B.Sc,6.7,82,14,70,68,3,No,0,Yes
3163,Krishna,20,Male,Ahmedabad,BCA,10.0,92,20,86,88,4,No,0,Yes
3164,Diya,18,Female,Gurugram,BCA,7.7,81,12,71,65,2,No,1,No
3165,Rahul,25,Male,Delhi,MCA,6.7,84,12,65,58,3,No,2,No
3166,Anushka,21,Female,Shimla,B.Tech,7.5,76,15,71,74,4,No,0,Yes
3167,Anika,19,Female,Shimla,B.Tech,5.6,83,12,57,58,3,No,0,Yes
3168,Dhruv,25,Male,Bangalore,MCA,6.9,87,15,70,67,3,Yes,0,Yes
3169,Neha,22,Female,Bangalore,B.Sc,7.9,85,15,77,74,3,No,0,Yes
3170,Vansh,20,Male,Hyderabad,B.Tech,6.5,88,12,68,63,3,No,1,No
3171,Priya,20,Female,Jaipur,B.Tech,5.4,85,9,62,52,3,Yes,3,No
3172,Krishna,21,Male,Ahmedabad,B.Tech,6.4,82,12,64,63,2,Yes,0,No
3173,Reyansh,21,Male,Delhi,B.Sc,6.0,82,13,55,53,1,No,3,No
3174,Diya,21,Female,Noida,B.Tech,4.5,76,8,50,48,2,No,4,No
3175,Aarav,18,Male,Pune,BCA,5.6,84,10,62,56,4,No,0,Yes
3176,Sanya,19,Female,Gurugram,B.Tech,4.4,71,10,48,45,2,No,1,No
3177,Aditya,22,Male,Shimla,MCA,4.6,75,10,55,48,3,No,2,No
3178,Simran,21,Female,Noida,BCA,4.8,80,8,50,47,2,No,2,No
3179,Anika,20,Female,Bangalore,BCA,7.9,90,12,68,71,4,Yes,0,Yes
3180,Rahul,19,Male,Hyderabad,B.Tech,8.7,90,13,82,78,2,No,0,No
3181,Aarav,22,Male,Gurugram,B.Tech,4.2,79,8,51,51,1,No,2,No
3182,Reyansh,18,Male,Kolkata,B.Sc,8.9,92,14,83,79,4,Yes,0,Yes
3183,Krishna,20,Male,Chandigarh,B.Sc,4.8,77,10,53,49,2,No,3,No
3184,Reyansh,18,Male,Jaipur,B.Sc,7.6,89,11,76,76,2,Yes,0,Yes
3185,Sanya,22,Female,Chandigarh,B.Sc,6.9,84,15,74,73,3,Yes,0,Yes
3186,Diya,19,Female,Bangalore,B.Tech,7.5,86,13,78,74,4,No,1,No
3187,Anika,18,Female,Mumbai,B.Sc,4.8,74,7,51,48,2,No,2,No
3188,Meera,18,Female,Kolkata,B.Tech,3.8,82,6,50,44,1,No,1,No
3189,Sanya,18,Female,Gurugram,B.Tech,5.3,77,8,58,57,1,No,1,No
3190,Priya,22,Female,Noida,B.Sc,7.1,87,15,78,75,4,Yes,0,Yes
3191,Rohan,23,Male,Mumbai,MCA,9.4,99,18,82,85,4,No,0,No
3192,Tara,20,Female,Ahmedabad,B.Sc,5.0,73,9,50,52,3,No,2,No
3193,Anushka,25,Female,Solan,MCA,6.4,84,10,69,65,3,No,0,No
3194,Simran,21,Female,Bangalore,M.Tech,5.4,79,10,56,51,3,No,2,No
3195,Dhruv,18,Male,Shimla,B.Tech,6.5,88,11,70,66,3,No,0,Yes
3196,Kabir,24,Male,Ahmedabad,M.Tech,3.6,70,5,44,40,1,No,1,No
3197,Aditya,19,Male,Pune,B.Sc,8.7,88,15,80,78,4,Yes,0,Yes
3198,Tara,22,Female,Noida,MCA,6.5,83,13,64,60,2,No,1,No
3199,Anushka,20,Female,Pune,B.Sc,7.9,86,14,70,71,5,No,0,Yes
3200,Shaurya,22,Male,Ahmedabad,BCA,6.2,80,11,64,62,2,No,0,Yes
3201,Anika,18,Female,Pune,B.Sc,6.8,90,14,65,61,5,No,0,Yes
3202,Rahul,19,Male,Chennai,B.Tech,8.2,89,16,78,76,3,No,0,Yes
3203,Vansh,25,Male,Pune,M.Tech,6.7,81,15,65,67,3,Yes,0,Yes
3204,Dhruv,22,Male,Noida,B.Tech,6.8,83,9,62,59,3,Yes,1,No
3205,Simran,18,Female,Hyderabad,B.Tech,5.3,80,8,60,59,1,No,2,No
3206,Aadhya,22,Female,Chennai,B.Tech,5.7,81,12,62,55,3,Yes,0,No
3207,Ayaan,19,Male,Hyderabad,B.Tech,5.0,76,10,46,46,2,No,3,No
3208,Tara,21,Female,Kolkata,B.Tech,5.4,74,10,56,47,2,No,4,No
3209,Aditya,19,Male,Mumbai,B.Tech,8.4,89,14,78,78,4,No,0,Yes
3210,Simran,21,Female,Solan,BCA,9.2,92,17,83,81,3,Yes,0,Yes
3211,Simran,22,Female,Hyderabad,BCA,4.6,74,9,45,40,2,No,1,No
3212,Anushka,19,Female,Kolkata,B.Tech,7.1,89,10,73,67,4,Yes,0,Yes
3213,Shaurya,18,Male,Ahmedabad,B.Tech,6.0,83,11,65,65,2,Yes,0,Yes
3214,Aadhya,25,Female,Noida,M.Tech,8.6,91,15,76,77,4,Yes,0,Yes
3215,Simran,18,Female,Gurugram,B.Tech,6.7,82,13,61,60,3,Yes,2,Yes
3216,Rohan,21,Male,Chennai,B.Tech,6.5,88,12,64,63,4,No,0,Yes
3217,Tara,20,Female,Chennai,B.Tech,5.4,75,13,58,57,3,No,1,No
3218,Rohan,20,Male,Mumbai,B.Tech,4.2,73,8,45,46,1,No,4,No
3219,Simran,21,Female,Chandigarh,B.Sc,7.6,85,12,67,66,4,No,0,No
3220,Dhruv,20,Male,Pune,BCA,7.0,85,9,77,72,3,Yes,0,Yes
3221,Ananya,22,Female,Kolkata,BCA,7.1,87,11,70,68,5,Yes,1,No
3222,Anika,22,Female,Gurugram,B.Tech,5.6,76,11,57,54,3,No,1,No
3223,Arjun,19,Male,Chandigarh,B.Sc,6.3,80,12,61,58,3,No,1,No
3224,Rohan,22,Male,Hyderabad,B.Sc,7.7,88,13,72,75,3,No,0,Yes
3225,Dhruv,20,Male,Jaipur,B.Tech,8.0,86,14,82,78,3,Yes,0,Yes
3226,Kabir,18,Male,Chennai,B.Tech,4.7,75,9,57,47,2,No,2,No
3227,Vansh,19,Male,Jaipur,B.Tech,5.5,80,10,69,52,3,No,3,No
3228,Aadhya,18,Female,Ahmedabad,B.Sc,4.4,72,9,52,49,2,No,2,No
3229,Vivaan,20,Male,Shimla,B.Tech,6.8,85,11,64,61,2,No,1,No
3230,Ayaan,18,Male,Chennai,BCA,7.8,89,13,76,72,4,Yes,0,Yes
3231,Kavya,20,Female,Noida,B.Tech,6.1,81,14,65,62,4,No,0,Yes
3232,Aditya,22,Male,Bangalore,B.Tech,5.5,84,13,64,65,2,No,0,Yes
3233,Isha,19,Female,Chennai,B.Tech,6.0,83,10,61,62,2,No,0,No
3234,Ananya,21,Female,Ahmedabad,B.Tech,10.0,95,20,95,91,5,No,0,Yes
3235,Ananya,20,Female,Jaipur,B.Tech,8.3,88,18,72,74,4,Yes,0,No
3236,Isha,22,Female,Ahmedabad,BCA,7.6,92,16,76,70,5,Yes,0,Yes
3237,Neha,18,Female,Kolkata,BCA,7.0,83,11,67,67,4,No,0,No
3238,Rohan,22,Male,Mumbai,BCA,6.5,82,12,62,57,3,No,0,Yes
3239,Vansh,18,Male,Delhi,B.Sc,5.1,77,7,57,53,2,No,2,No
3240,Rahul,18,Male,Solan,B.Sc,4.9,78,7,61,54,1,No,2,No
3241,Diya,18,Female,Hyderabad,B.Sc,5.6,86,10,64,55,2,No,1,No
3242,Arjun,21,Male,Chandigarh,M.Tech,5.1,79,10,58,51,2,No,1,No
3243,Sanya,19,Female,Chennai,B.Tech,5.6,79,9,52,44,4,No,2,No
3244,Diya,18,Female,Noida,B.Tech,6.3,83,7,68,62,2,No,1,No
3245,Anushka,19,Female,Bangalore,B.Sc,6.5,79,12,62,63,3,No,0,Yes
3246,Ananya,21,Female,Ahmedabad,BCA,5.6,79,11,62,63,1,Yes,0,Yes
3247,Aditya,19,Male,Gurugram,BCA,7.2,90,14,76,75,4,No,0,Yes
3248,Aadhya,18,Female,Chennai,B.Tech,6.2,84,11,65,60,2,No,0,No
3249,Riya,21,Female,Delhi,BCA,6.8,87,12,61,60,5,No,0,No
3250,Reyansh,25,Male,Ahmedabad,M.Tech,5.4,82,10,65,58,3,No,0,No
3251,Aarav,19,Male,Chennai,B.Tech,7.5,84,14,78,72,5,Yes,0,Yes
3252,Simran,25,Female,Shimla,M.Tech,5.7,86,10,66,62,1,No,2,No
3253,Riya,21,Female,Bangalore,BCA,8.9,86,13,76,75,2,Yes,0,Yes
3254,Neha,19,Female,Mumbai,B.Tech,6.2,83,13,69,67,2,No,0,No
3255,Priya,18,Female,Chennai,BCA,6.4,76,11,61,59,3,No,1,No
3256,Ananya,19,Female,Chennai,BCA,7.4,81,11,69,64,4,No,1,No
3257,Kabir,18,Male,Jaipur,B.Sc,7.7,90,13,79,74,5,No,0,No
3258,Dhruv,20,Male,Shimla,BCA,7.9,86,14,76,75,3,No,0,Yes
3259,Kabir,19,Male,Mumbai,BCA,9.2,96,16,75,80,4,No,0,Yes
3260,Arjun,19,Male,Delhi,B.Tech,7.5,80,13,70,71,3,Yes,0,Yes
3261,Sanya,22,Female,Jaipur,B.Tech,6.4,82,11,70,63,3,No,1,No
3262,Ananya,22,Female,Hyderabad,B.Tech,5.7,76,11,53,50,2,No,1,No
3263,Meera,24,Female,Delhi,M.Tech,6.3,81,10,68,68,1,Yes,0,Yes
3264,Dhruv,18,Male,Pune,B.Tech,8.7,95,16,75,76,4,Yes,0,Yes
3265,Isha,25,Female,Pune,MCA,4.4,81,6,54,44,1,No,4,No
3266,Riya,21,Female,Noida,B.Tech,5.3,80,13,61,53,3,No,3,No
3267,Kavya,18,Female,Bangalore,B.Tech,6.2,77,13,61,52,1,No,2,No
3268,Priya,18,Female,Jaipur,B.Tech,5.3,75,9,61,50,2,No,4,No
3269,Vivaan,18,Male,Hyderabad,B.Tech,5.9,81,11,56,53,2,No,1,No
3270,Ishaan,23,Male,Delhi,M.Tech,9.2,90,15,85,81,4,Yes,0,Yes
3271,Dhruv,18,Male,Ahmedabad,B.Sc,6.1,83,12,64,58,2,No,0,No
3272,Rahul,24,Male,Delhi,M.Tech,7.1,90,14,68,68,4,Yes,0,No
3273,Aditya,21,Male,Noida,MCA,4.0,71,8,50,47,4,No,2,No
3274,Sanya,18,Female,Delhi,BCA,4.8,74,10,53,45,1,No,1,No
3275,Diya,21,Female,Bangalore,B.Sc,7.9,84,14,79,81,3,Yes,0,Yes
3276,Sanya,19,Female,Pune,B.Sc,9.0,91,16,84,82,4,No,0,Yes
3277,Kavya,18,Female,Hyderabad,B.Sc,6.8,84,11,69,65,2,No,0,Yes
3278,Krishna,21,Male,Kolkata,B.Tech,6.0,81,12,60,55,3,Yes,0,No
3279,Sanya,22,Female,Hyderabad,BCA,7.2,88,12,72,67,2,No,0,No
3280,Reyansh,21,Male,Solan,BCA,3.0,72,6,41,41,2,No,2,No
3281,Arjun,20,Male,Delhi,B.Tech,6.8,84,13,67,61,3,No,0,No
3282,Rohan,22,Male,Kolkata,BCA,4.9,77,11,60,54,3,No,1,No
3283,Aarav,22,Male,Solan,MCA,7.7,87,15,72,69,3,No,0,Yes
3284,Kabir,19,Male,Bangalore,BCA,3.2,71,5,40,40,2,No,1,No
3285,Rahul,21,Male,Kolkata,BCA,5.6,78,9,61,52,3,No,1,No
3286,Krishna,21,Male,Mumbai,B.Tech,6.4,79,10,67,64,3,No,1,No
3287,Priya,18,Female,Gurugram,B.Sc,5.4,79,9,65,53,3,Yes,2,No
3288,Vivaan,18,Male,Chandigarh,BCA,5.9,79,12,65,56,4,No,0,Yes
3289,Arjun,23,Male,Gurugram,M.Tech,7.9,89,11,74,75,2,No,0,No
3290,Aarav,21,Male,Pune,M.Tech,6.5,83,14,67,65,1,No,1,No
3291,Ananya,24,Female,Chandigarh,MCA,5.1,78,11,58,53,3,No,1,No
3292,Shaurya,21,Male,Mumbai,B.Tech,7.9,91,14,78,71,4,No,0,Yes
3293,Rahul,18,Male,Pune,B.Tech,6.9,80,13,57,55,4,No,0,Yes
3294,Reyansh,23,Male,Jaipur,M.Tech,6.9,89,13,68,61,3,No,1,No
3295,Reyansh,24,Male,Kolkata,MCA,5.2,72,10,57,52,4,No,2,No
3296,Arjun,23,Male,Mumbai,MCA,3.0,75,7,49,42,4,No,1,No
3297,Arjun,21,Male,Noida,BCA,5.1,78,9,54,49,3,No,2,No
3298,Rohan,20,Male,Mumbai,BCA,5.0,76,10,54,53,3,Yes,2,No
3299,Aditya,20,Male,Chennai,B.Tech,5.6,75,9,57,59,3,Yes,2,No
3300,Krishna,23,Male,Pune,MCA,5.2,76,10,56,53,2,No,1,No
3301,Meera,18,Female,Gurugram,B.Sc,6.7,83,12,70,62,3,No,1,No
3302,Priya,19,Female,Shimla,B.Tech,7.8,88,15,71,70,4,No,0,Yes
3303,Dhruv,20,Male,Solan,B.Tech,8.1,93,13,81,81,5,Yes,0,Yes
3304,Dhruv,20,Male,Delhi,BCA,7.8,88,15,80,73,3,No,1,No
3305,Anika,21,Female,Bangalore,B.Sc,5.2,79,9,56,50,2,No,2,No
3306,Vansh,19,Male,Hyderabad,B.Tech,6.6,84,14,65,66,3,No,0,Yes
3307,Rohan,21,Male,Noida,B.Tech,8.8,90,16,81,75,4,Yes,0,Yes
3308,Priya,21,Female,Jaipur,B.Tech,4.1,74,8,48,44,2,No,2,No
3309,Dhruv,20,Male,Chennai,B.Tech,8.5,89,15,78,75,3,Yes,0,Yes
3310,Shaurya,25,Male,Delhi,M.Tech,5.0,79,9,51,47,2,No,2,No
3311,Kabir,19,Male,Mumbai,B.Sc,6.9,81,13,70,71,3,Yes,0,Yes
3312,Aadhya,21,Female,Pune,B.Sc,7.1,83,12,75,68,3,Yes,0,No
3313,Aarav,22,Male,Gurugram,B.Sc,6.8,85,12,65,63,4,Yes,1,No
3314,Priya,22,Female,Mumbai,BCA,9.8,91,16,79,85,5,Yes,0,Yes
3315,Tara,21,Female,Kolkata,B.Sc,6.0,81,11,66,57,2,Yes,0,Yes
3316,Arjun,23,Male,Bangalore,M.Tech,4.0,72,6,47,45,3,No,1,No
3317,Ayaan,18,Male,Ahmedabad,B.Sc,7.0,86,13,67,63,2,No,0,No
3318,Vivaan,21,Male,Ahmedabad,BCA,6.2,86,10,65,57,2,No,0,No
3319,Arjun,20,Male,Solan,B.Sc,7.3,84,13,65,63,3,No,1,No
3320,Krishna,22,Male,Pune,MCA,7.8,90,13,77,74,4,No,0,Yes
3321,Ananya,20,Female,Hyderabad,B.Tech,6.4,83,13,60,59,1,Yes,0,Yes
3322,Anushka,22,Female,Jaipur,B.Tech,7.2,84,13,65,62,5,No,0,No
3323,Anushka,22,Female,Noida,MCA,6.7,83,12,62,60,2,No,0,No
3324,Ayaan,22,Male,Kolkata,M.Tech,9.2,96,17,85,79,5,Yes,0,Yes
3325,Kavya,18,Female,Bangalore,BCA,5.9,80,13,54,51,2,No,2,No
3326,Sanya,18,Female,Solan,BCA,5.5,83,10,69,57,3,No,1,No
3327,Tara,21,Female,Pune,B.Tech,7.8,87,12,72,70,2,No,0,Yes
3328,Vansh,20,Male,Mumbai,BCA,5.1,74,11,47,44,3,No,3,No
3329,Tara,24,Female,Jaipur,M.Tech,7.1,84,11,65,70,3,No,0,Yes
3330,Krishna,18,Male,Ahmedabad,B.Tech,6.2,77,10,64,61,4,No,0,No
3331,Kabir,22,Male,Shimla,BCA,6.3,81,13,69,59,2,No,1,No
3332,Rohan,21,Male,Delhi,MCA,10.0,94,17,88,86,5,Yes,0,Yes
3333,Priya,20,Female,Chandigarh,B.Tech,8.4,95,14,80,80,2,No,0,No
3334,Anushka,22,Female,Noida,B.Sc,8.0,93,15,71,71,4,No,0,Yes
3335,Rohan,21,Male,Kolkata,BCA,7.3,86,13,77,67,2,No,0,Yes
3336,Ishaan,24,Male,Shimla,MCA,5.5,83,9,63,55,4,No,1,No
3337,Dhruv,21,Male,Hyderabad,M.Tech,6.9,83,14,69,67,4,No,0,Yes
3338,Reyansh,18,Male,Hyderabad,BCA,7.4,82,15,70,69,5,Yes,0,Yes
3339,Rahul,24,Male,Gurugram,MCA,6.8,85,14,70,68,3,No,0,No
3340,Shaurya,24,Male,Chennai,M.Tech,6.6,84,13,63,60,3,Yes,2,No
3341,Neha,22,Female,Chandigarh,M.Tech,5.9,78,10,64,56,3,No,0,No
3342,Rahul,20,Male,Shimla,BCA,6.9,81,11,70,62,3,No,1,No
3343,Aarav,19,Male,Chandigarh,BCA,5.7,83,7,61,59,2,No,0,No
3344,Ayaan,19,Male,Chandigarh,B.Tech,7.6,82,15,70,74,3,Yes,0,Yes
3345,Priya,21,Female,Mumbai,B.Tech,3.5,74,7,40,40,3,No,4,No
3346,Isha,20,Female,Bangalore,BCA,8.5,89,15,71,75,5,Yes,0,Yes
3347,Meera,21,Female,Noida,B.Tech,4.5,77,5,55,46,1,No,2,No
3348,Krishna,19,Male,Hyderabad,B.Sc,4.9,80,7,60,53,3,Yes,3,No
3349,Sanya,19,Female,Bangalore,BCA,7.1,82,10,73,68,2,No,0,No
3350,Ishaan,24,Male,Hyderabad,MCA,7.3,82,15,64,65,4,No,0,No
3351,Tara,21,Female,Shimla,MCA,9.6,98,18,96,91,4,No,0,Yes
3352,Simran,18,Female,Gurugram,B.Tech,6.9,84,10,72,76,4,No,0,Yes
3353,Anushka,21,Female,Jaipur,BCA,6.4,83,14,63,63,3,No,0,Yes
3354,Simran,22,Female,Bangalore,B.Sc,6.8,87,11,69,69,3,No,0,Yes
3355,Sanya,22,Female,Ahmedabad,B.Tech,8.9,88,17,73,76,4,No,0,Yes
3356,Dhruv,18,Male,Jaipur,B.Tech,10.0,98,19,87,81,4,No,0,Yes
3357,Kavya,23,Female,Bangalore,MCA,6.2,84,11,67,63,3,No,0,Yes
3358,Aditya,19,Male,Noida,B.Tech,7.3,90,13,73,73,4,No,0,Yes
3359,Kavya,23,Female,Kolkata,MCA,6.4,87,12,74,71,5,No,0,Yes
3360,Arjun,21,Male,Chandigarh,MCA,6.4,83,11,59,58,4,No,1,No
3361,Kabir,21,Male,Gurugram,BCA,9.3,95,17,84,79,5,Yes,0,Yes
3362,Krishna,25,Male,Chandigarh,MCA,5.1,78,10,52,48,3,No,2,No
3363,Vansh,18,Male,Mumbai,BCA,3.0,71,5,50,40,1,No,2,No
3364,Rohan,23,Male,Hyderabad,MCA,7.0,81,14,68,69,4,Yes,0,Yes
3365,Meera,23,Female,Gurugram,MCA,8.3,88,14,77,77,5,Yes,0,Yes
3366,Vansh,18,Male,Gurugram,B.Tech,6.8,78,13,65,61,4,Yes,1,No
3367,Aarav,19,Male,Bangalore,BCA,7.3,85,13,67,68,4,Yes,1,No
3368,Anika,20,Female,Pune,B.Sc,7.6,91,12,79,78,3,No,0,Yes
3369,Aarav,19,Male,Pune,B.Tech,6.7,86,12,69,67,3,No,0,No
3370,Diya,22,Female,Solan,M.Tech,7.3,86,12,72,75,4,Yes,0,Yes
3371,Priya,21,Female,Bangalore,BCA,7.3,85,14,73,67,4,No,0,Yes
3372,Kavya,18,Female,Pune,BCA,3.6,71,6,43,41,2,No,2,No
3373,Sanya,18,Female,Chennai,B.Tech,6.7,81,14,74,63,4,Yes,1,No
3374,Arjun,19,Male,Mumbai,B.Sc,4.1,77,6,58,55,3,No,0,Yes
3375,Neha,24,Female,Hyderabad,MCA,6.4,78,8,63,62,3,No,1,No
3376,Ayaan,20,Male,Gurugram,BCA,5.8,76,11,58,54,2,No,2,Yes
3377,Ayaan,20,Male,Ahmedabad,B.Sc,8.1,91,17,79,72,5,No,0,Yes
3378,Diya,18,Female,Pune,B.Sc,6.9,85,13,73,66,4,No,0,No
3379,Ayaan,19,Male,Delhi,B.Tech,7.2,85,12,77,71,4,No,0,Yes
3380,Tara,21,Female,Bangalore,BCA,6.2,82,10,66,62,2,Yes,0,Yes
3381,Tara,21,Female,Jaipur,B.Tech,8.1,94,18,79,76,2,No,0,Yes
3382,Isha,20,Female,Noida,B.Tech,4.1,75,7,51,43,2,No,1,No
3383,Priya,20,Female,Delhi,B.Tech,5.2,79,8,50,52,3,No,1,No
3384,Dhruv,25,Male,Delhi,M.Tech,8.4,96,17,79,72,4,No,0,No
3385,Dhruv,25,Male,Bangalore,M.Tech,5.8,80,10,62,59,3,No,2,Yes
3386,Meera,19,Female,Solan,B.Tech,3.3,77,5,40,40,1,No,2,No
3387,Shaurya,22,Male,Chandigarh,B.Tech,8.7,84,19,78,77,4,No,0,Yes
3388,Tara,21,Female,Gurugram,B.Tech,8.1,85,15,71,73,5,No,0,No
3389,Isha,25,Female,Hyderabad,MCA,7.6,85,11,78,71,4,No,0,Yes
3390,Ananya,18,Female,Noida,BCA,6.6,85,14,66,60,2,No,1,No
3391,Ishaan,18,Male,Hyderabad,B.Sc,9.0,97,15,83,80,4,No,0,No
3392,Arjun,20,Male,Pune,BCA,8.4,88,13,77,74,3,Yes,0,Yes
3393,Arjun,20,Male,Pune,B.Sc,8.8,94,15,82,79,5,Yes,0,Yes
3394,Krishna,19,Male,Pune,B.Tech,7.5,93,16,78,75,3,No,0,Yes
3395,Priya,18,Female,Gurugram,B.Tech,6.7,88,15,67,64,4,No,0,No
3396,Ayaan,19,Male,Bangalore,B.Tech,5.9,79,10,61,57,3,Yes,1,No
3397,Arjun,19,Male,Shimla,BCA,4.6,79,11,58,52,2,No,3,No
3398,Vansh,25,Male,Kolkata,MCA,7.3,87,10,71,67,3,Yes,0,Yes
3399,Meera,20,Female,Ahmedabad,B.Tech,7.4,84,15,73,72,3,No,0,Yes
3400,Kavya,19,Female,Kolkata,B.Tech,6.0,82,13,61,59,3,No,0,No
3401,Rahul,22,Male,Pune,M.Tech,7.4,84,16,72,69,2,No,0,No
3402,Aarav,20,Male,Pune,B.Tech,6.0,81,11,68,58,3,No,1,No
3403,Vivaan,20,Male,Jaipur,B.Tech,7.8,83,15,75,76,3,Yes,0,Yes
3404,Shaurya,21,Male,Chennai,MCA,5.2,73,8,48,49,1,No,3,No
3405,Isha,20,Female,Solan,B.Sc,4.9,76,9,57,53,1,No,2,No
3406,Riya,22,Female,Chennai,BCA,6.1,82,11,59,62,2,No,1,No
3407,Kabir,18,Male,Kolkata,B.Sc,7.7,84,14,68,70,4,Yes,0,Yes
3408,Dhruv,19,Male,Bangalore,B.Sc,4.8,78,10,57,51,3,Yes,2,No
3409,Ananya,22,Female,Pune,B.Tech,8.1,88,15,72,70,3,Yes,0,Yes
3410,Rohan,22,Male,Ahmedabad,B.Sc,4.0,76,10,46,40,2,No,2,No
3411,Diya,18,Female,Pune,B.Sc,6.1,84,11,64,61,3,No,0,Yes
3412,Ishaan,22,Male,Kolkata,M.Tech,4.4,79,11,51,49,1,No,1,No
3413,Ayaan,21,Male,Pune,M.Tech,3.0,72,7,40,40,2,No,3,No
3414,Shaurya,21,Male,Gurugram,BCA,7.0,84,12,71,63,3,No,2,No
3415,Shaurya,21,Male,Chandigarh,BCA,6.2,82,11,68,65,2,No,0,No
3416,Anika,18,Female,Bangalore,B.Tech,4.4,82,7,58,49,3,No,1,No
3417,Vansh,19,Male,Bangalore,B.Tech,5.7,83,11,58,53,3,No,2,No
3418,Aditya,19,Male,Chennai,BCA,7.2,85,11,72,69,2,Yes,0,Yes
3419,Kabir,20,Male,Ahmedabad,B.Sc,5.9,80,13,60,59,3,No,0,No
3420,Aditya,22,Male,Pune,BCA,6.2,80,11,58,53,5,No,2,Yes
3421,Ayaan,18,Male,Bangalore,BCA,5.9,77,11,57,56,3,No,0,Yes
3422,Rohan,25,Male,Shimla,MCA,5.6,85,7,51,45,3,No,2,No
3423,Simran,22,Female,Gurugram,B.Sc,5.6,81,10,56,56,2,No,0,No
3424,Kabir,21,Male,Bangalore,B.Sc,5.6,76,10,53,48,2,No,1,No
3425,Shaurya,21,Male,Chandigarh,B.Tech,5.4,79,11,59,55,4,No,2,No
3426,Aadhya,18,Female,Delhi,B.Sc,5.0,81,10,59,52,3,No,2,No
3427,Vivaan,21,Male,Delhi,MCA,5.9,79,12,54,51,4,No,3,No
3428,Riya,19,Female,Solan,B.Tech,5.5,77,11,62,50,2,No,1,No
3429,Aditya,18,Male,Chennai,BCA,4.9,78,11,53,45,3,No,1,No
3430,Sanya,22,Female,Noida,M.Tech,7.6,89,14,69,68,3,No,1,No
3431,Sanya,19,Female,Gurugram,BCA,8.3,88,13,70,68,4,No,0,No
3432,Ananya,18,Female,Jaipur,BCA,6.5,81,12,62,59,3,Yes,2,No
3433,Riya,19,Female,Chandigarh,B.Tech,6.6,84,12,66,60,4,Yes,1,No
3434,Vansh,22,Male,Noida,BCA,5.5,76,5,62,56,2,No,0,No
3435,Anushka,19,Female,Mumbai,BCA,8.1,87,13,75,70,4,Yes,0,Yes
3436,Kabir,22,Male,Jaipur,B.Tech,9.1,91,19,81,79,3,Yes,0,Yes
3437,Rahul,22,Male,Kolkata,BCA,6.3,84,11,67,61,4,Yes,1,Yes
3438,Ayaan,22,Male,Kolkata,B.Tech,5.7,79,10,61,57,2,No,2,No
3439,Diya,20,Female,Mumbai,B.Sc,7.0,86,9,63,57,3,No,1,No
3440,Aditya,23,Male,Ahmedabad,M.Tech,6.7,87,10,67,64,2,Yes,1,No
3441,Anika,19,Female,Jaipur,BCA,5.7,78,11,57,51,1,No,2,No
3442,Riya,18,Female,Mumbai,B.Sc,7.2,95,12,73,65,4,Yes,0,Yes
3443,Simran,19,Female,Pune,BCA,7.9,92,13,74,76,3,No,0,Yes
3444,Riya,20,Female,Jaipur,B.Tech,5.3,79,11,55,54,1,No,3,No
3445,Kabir,24,Male,Delhi,M.Tech,10.0,94,17,93,92,3,Yes,0,Yes
3446,Ayaan,21,Male,Jaipur,B.Tech,4.2,73,6,50,44,3,No,3,No
3447,Dhruv,19,Male,Chandigarh,B.Tech,5.2,83,9,61,53,2,No,2,No
3448,Ayaan,20,Male,Noida,BCA,6.9,85,11,68,69,3,No,0,No
3449,Kabir,22,Male,Delhi,B.Sc,9.9,90,17,89,88,5,Yes,0,Yes
3450,Vansh,20,Male,Pune,BCA,5.7,75,10,58,52,3,Yes,2,Yes
3451,Vivaan,19,Male,Hyderabad,B.Tech,4.9,77,8,59,50,2,No,3,No
3452,Anika,23,Female,Chandigarh,MCA,7.3,86,11,59,62,4,No,2,No
3453,Riya,21,Female,Jaipur,BCA,6.1,79,12,62,58,2,No,2,No
3454,Aarav,22,Male,Kolkata,B.Tech,7.5,82,15,71,72,3,No,0,Yes
3455,Priya,19,Female,Mumbai,BCA,6.4,77,11,64,61,4,No,0,Yes
3456,Shaurya,19,Male,Delhi,B.Tech,5.2,76,10,52,46,4,No,1,No
3457,Vivaan,18,Male,Jaipur,BCA,10.0,94,17,85,92,5,Yes,0,Yes
3458,Anushka,22,Female,Hyderabad,B.Sc,3.0,73,5,40,40,1,No,2,No
3459,Aditya,19,Male,Bangalore,B.Sc,9.2,92,18,85,80,4,Yes,0,Yes
3460,Reyansh,20,Male,Hyderabad,B.Tech,7.9,91,14,80,75,4,No,0,Yes
3461,Anushka,20,Female,Delhi,B.Tech,5.4,81,10,53,52,2,No,2,No
3462,Meera,20,Female,Chandigarh,B.Tech,9.3,94,17,85,81,5,Yes,0,Yes
3463,Kavya,20,Female,Kolkata,B.Tech,4.4,78,8,50,47,4,Yes,1,No
3464,Tara,19,Female,Kolkata,B.Tech,8.0,84,15,81,75,3,No,0,No
3465,Diya,21,Female,Bangalore,B.Tech,3.4,70,6,47,47,1,No,1,No
3466,Rohan,22,Male,Chandigarh,B.Tech,4.8,84,11,56,51,3,Yes,2,No
3467,Rahul,20,Male,Jaipur,BCA,4.8,71,9,52,45,2,No,3,No
3468,Ayaan,19,Male,Bangalore,BCA,5.4,78,11,63,55,3,No,0,No
3469,Aarav,19,Male,Delhi,B.Tech,6.5,84,14,66,64,3,No,0,No
3470,Anika,20,Female,Bangalore,BCA,5.3,73,7,49,46,2,No,2,No
3471,Krishna,18,Male,Noida,B.Tech,3.4,70,8,51,42,1,No,3,No
3472,Isha,19,Female,Solan,B.Sc,7.2,91,14,76,77,3,Yes,0,Yes
3473,Neha,22,Female,Jaipur,BCA,6.6,84,13,64,63,3,No,0,Yes
3474,Ananya,22,Female,Noida,B.Tech,7.1,83,14,71,69,4,No,1,No
3475,Aadhya,18,Female,Mumbai,B.Tech,6.8,84,12,65,69,3,Yes,1,No
3476,Simran,19,Female,Ahmedabad,B.Tech,7.9,86,15,71,68,3,No,0,No
3477,Vivaan,18,Male,Pune,B.Sc,6.4,88,10,67,63,4,No,1,No
3478,Priya,22,Female,Bangalore,M.Tech,8.0,85,12,76,73,3,Yes,0,Yes
3479,Shaurya,19,Male,Delhi,B.Tech,5.3,77,10,59,52,4,No,1,No
3480,Isha,18,Female,Ahmedabad,B.Sc,5.4,74,10,60,54,2,No,2,Yes
3481,Krishna,21,Male,Jaipur,B.Tech,8.6,89,15,80,77,3,No,0,Yes
3482,Isha,20,Female,Bangalore,B.Tech,8.5,89,14,84,78,4,Yes,0,Yes
3483,Aadhya,20,Female,Noida,B.Tech,7.4,89,14,79,72,3,No,0,Yes
3484,Rahul,23,Male,Chandigarh,MCA,5.2,75,9,57,50,2,No,1,No
3485,Dhruv,18,Male,Solan,BCA,5.0,79,9,55,51,2,No,3,No
3486,Tara,22,Female,Pune,M.Tech,8.5,90,15,78,74,3,Yes,0,Yes
3487,Ishaan,19,Male,Kolkata,BCA,8.4,84,14,68,73,5,No,0,Yes
3488,Isha,22,Female,Shimla,B.Tech,6.4,80,11,64,63,3,Yes,0,Yes
3489,Riya,19,Female,Ahmedabad,B.Sc,10.0,93,20,85,87,5,No,0,Yes
3490,Aditya,24,Male,Gurugram,M.Tech,7.2,90,12,69,65,4,Yes,1,Yes
3491,Shaurya,23,Male,Mumbai,MCA,4.8,78,8,55,50,2,No,2,No
3492,Arjun,21,Male,Chandigarh,B.Sc,6.1,82,11,55,54,3,No,1,No
3493,Priya,20,Female,Pune,B.Tech,6.5,70,11,60,59,3,Yes,0,Yes
3494,Reyansh,18,Male,Jaipur,B.Tech,6.6,77,14,65,58,4,No,0,Yes
3495,Aarav,21,Male,Solan,B.Tech,8.4,92,13,73,74,5,Yes,0,Yes
3496,Vansh,19,Male,Chandigarh,BCA,5.1,80,9,63,57,3,No,0,No
3497,Ananya,23,Female,Delhi,M.Tech,4.5,74,7,54,52,2,No,1,No
3498,Isha,22,Female,Hyderabad,B.Sc,7.4,86,14,77,69,4,No,0,No
3499,Neha,24,Female,Noida,MCA,5.7,80,10,62,54,2,No,2,No
3500,Rahul,18,Male,Delhi,B.Tech,10.0,96,20,90,92,3,Yes,0,Yes
3501,Anushka,22,Female,Chennai,B.Sc,7.9,87,15,80,71,4,No,0,Yes
3502,Neha,21,Female,Mumbai,MCA,5.7,82,10,67,65,1,Yes,0,No
3503,Meera,20,Female,Solan,BCA,8.3,92,16,86,84,3,Yes,0,Yes
3504,Diya,21,Female,Chandigarh,BCA,7.6,84,15,71,71,4,No,0,Yes
3505,Arjun,18,Male,Noida,B.Sc,7.5,83,12,68,62,5,No,1,No
3506,Aditya,22,Male,Pune,BCA,6.3,80,12,59,57,2,No,0,No
3507,Meera,25,Female,Mumbai,M.Tech,7.1,85,13,66,64,2,No,0,No
3508,Aarav,19,Male,Mumbai,BCA,3.3,73,7,48,41,2,No,1,No
3509,Anika,18,Female,Chandigarh,B.Tech,8.5,92,15,90,85,4,Yes,0,Yes
3510,Sanya,21,Female,Noida,BCA,3.0,73,5,50,40,1,No,2,No
3511,Vivaan,21,Male,Ahmedabad,B.Tech,5.8,81,9,61,60,1,Yes,0,No
3512,Meera,19,Female,Delhi,BCA,4.1,75,5,54,48,3,No,1,Yes
3513,Shaurya,22,Male,Mumbai,B.Tech,5.7,85,9,60,57,1,No,0,No
3514,Aditya,21,Male,Solan,M.Tech,6.4,82,15,63,60,3,No,0,No
3515,Riya,25,Female,Chandigarh,MCA,4.7,78,10,51,48,3,No,2,No
3516,Sanya,18,Female,Chennai,B.Tech,3.0,71,6,40,40,1,No,2,No
3517,Rohan,18,Male,Hyderabad,B.Tech,6.8,83,14,69,66,3,Yes,0,Yes
3518,Shaurya,18,Male,Bangalore,BCA,9.6,93,17,91,93,3,Yes,0,Yes
3519,Ananya,22,Female,Mumbai,B.Sc,6.0,85,10,68,64,2,No,0,No
3520,Aadhya,22,Female,Gurugram,B.Tech,7.9,87,14,80,78,5,Yes,0,Yes
3521,Kavya,22,Female,Jaipur,B.Tech,8.8,90,15,83,83,4,No,0,Yes
3522,Aditya,20,Male,Shimla,BCA,3.6,70,5,46,44,2,No,1,No
3523,Aditya,22,Male,Chandigarh,B.Sc,5.8,82,10,60,56,2,No,0,Yes
3524,Reyansh,19,Male,Solan,B.Tech,4.6,75,8,55,52,2,No,2,No
3525,Diya,20,Female,Gurugram,B.Sc,5.3,80,12,52,51,1,No,2,No
3526,Kabir,21,Male,Jaipur,M.Tech,9.1,92,18,80,80,4,No,0,No
3527,Vivaan,21,Male,Kolkata,B.Tech,6.8,83,10,64,66,3,No,1,No
3528,Anika,20,Female,Delhi,BCA,7.7,83,13,77,71,5,No,1,No
3529,Kabir,20,Male,Shimla,B.Tech,6.4,79,10,58,55,2,No,1,No
3530,Isha,18,Female,Bangalore,B.Tech,4.7,74,5,57,44,2,No,1,No
3531,Tara,22,Female,Bangalore,B.Tech,7.5,83,14,72,67,4,Yes,0,Yes
3532,Anika,22,Female,Noida,BCA,8.4,91,16,80,76,4,Yes,0,Yes
3533,Ishaan,23,Male,Kolkata,MCA,7.0,91,13,70,66,3,No,0,No
3534,Arjun,22,Male,Delhi,BCA,7.2,84,14,64,65,3,No,0,Yes
3535,Aadhya,20,Female,Noida,B.Tech,4.6,75,8,55,52,1,No,2,No
3536,Priya,21,Female,Gurugram,B.Tech,7.6,85,12,76,68,3,Yes,0,Yes
3537,Isha,21,Female,Solan,BCA,8.5,92,15,81,79,4,No,0,Yes
3538,Aditya,18,Male,Hyderabad,B.Tech,7.1,86,15,69,63,2,Yes,0,Yes
3539,Tara,19,Female,Delhi,B.Tech,3.8,73,7,44,40,1,No,2,No
3540,Riya,19,Female,Bangalore,BCA,9.0,88,14,78,79,5,Yes,0,Yes
3541,Riya,25,Female,Kolkata,MCA,5.1,75,9,57,52,3,No,2,No
3542,Tara,19,Female,Shimla,B.Tech,7.1,85,15,66,66,3,No,0,Yes
3543,Kavya,21,Female,Hyderabad,B.Sc,7.9,88,15,71,72,3,Yes,0,Yes
3544,Priya,18,Female,Hyderabad,B.Tech,8.1,88,17,70,69,4,Yes,0,Yes
3545,Rahul,21,Male,Kolkata,B.Sc,3.8,75,5,51,47,1,Yes,2,No
3546,Aditya,20,Male,Chandigarh,BCA,6.7,80,12,68,61,2,Yes,1,No
3547,Shaurya,25,Male,Chennai,MCA,6.6,84,11,71,63,3,No,0,Yes
3548,Aditya,22,Male,Pune,BCA,8.7,91,17,71,74,3,No,0,Yes
3549,Ayaan,19,Male,Solan,BCA,7.2,82,12,73,70,3,Yes,1,No
3550,Vansh,20,Male,Hyderabad,B.Tech,8.7,89,14,84,78,4,Yes,0,Yes
3551,Krishna,19,Male,Delhi,B.Tech,7.3,88,13,77,69,3,No,0,No
3552,Ayaan,19,Male,Pune,BCA,6.4,79,10,64,62,2,Yes,0,No
3553,Isha,22,Female,Jaipur,MCA,6.8,91,13,71,67,3,Yes,0,No
3554,Meera,20,Female,Bangalore,BCA,8.8,92,13,82,77,4,No,0,Yes
3555,Ishaan,19,Male,Delhi,B.Sc,4.6,76,10,50,44,1,No,3,No
3556,Aadhya,22,Female,Kolkata,B.Tech,7.9,87,10,71,68,4,Yes,0,Yes
3557,Riya,19,Female,Pune,BCA,5.6,82,11,62,50,3,No,3,No
3558,Ishaan,20,Male,Gurugram,B.Tech,5.2,77,8,56,56,2,Yes,2,No
3559,Shaurya,20,Male,Bangalore,B.Tech,8.0,87,12,78,76,3,Yes,0,Yes
3560,Ayaan,21,Male,Shimla,BCA,5.2,83,10,58,56,2,No,1,No
3561,Isha,19,Female,Chandigarh,B.Sc,7.1,83,14,63,62,4,No,0,Yes
3562,Sanya,20,Female,Shimla,BCA,5.8,81,12,56,51,3,No,3,No
3563,Shaurya,19,Male,Delhi,B.Sc,3.0,68,7,40,40,2,No,2,No
3564,Aarav,18,Male,Kolkata,B.Sc,7.2,86,12,73,66,3,No,0,Yes
3565,Aditya,22,Male,Mumbai,B.Tech,6.7,85,12,65,61,4,No,2,No
3566,Ishaan,22,Male,Mumbai,B.Sc,3.6,78,5,50,40,1,No,2,No
3567,Vansh,19,Male,Chandigarh,B.Tech,5.5,76,10,51,49,1,No,3,No
3568,Shaurya,22,Male,Gurugram,B.Tech,3.8,69,7,47,40,2,No,2,No
3569,Tara,22,Female,Noida,B.Tech,7.6,86,13,73,73,4,Yes,0,Yes
3570,Priya,18,Female,Delhi,B.Tech,8.6,88,13,83,82,5,No,0,Yes
3571,Kabir,22,Male,Hyderabad,B.Sc,7.8,87,13,74,71,2,Yes,0,Yes
3572,Tara,25,Female,Chandigarh,MCA,8.0,90,17,79,77,4,Yes,0,Yes
3573,Dhruv,20,Male,Shimla,B.Tech,5.7,87,11,71,59,2,Yes,2,No
3574,Rahul,22,Male,Kolkata,B.Tech,7.3,84,12,70,64,4,No,1,No
3575,Krishna,19,Male,Solan,B.Tech,6.5,76,11,69,64,2,No,1,No
3576,Sanya,22,Female,Chennai,B.Sc,6.8,83,13,68,65,3,Yes,1,Yes
3577,Isha,19,Female,Bangalore,BCA,7.9,89,12,73,71,4,Yes,0,Yes
3578,Meera,22,Female,Noida,BCA,8.3,86,13,75,78,4,Yes,0,Yes
3579,Arjun,19,Male,Delhi,B.Sc,5.9,81,10,60,59,3,Yes,0,Yes
3580,Isha,22,Female,Chandigarh,BCA,4.4,76,7,51,49,2,No,4,No
3581,Krishna,22,Male,Gurugram,M.Tech,6.2,82,14,62,57,3,Yes,2,Yes
3582,Kavya,22,Female,Pune,B.Tech,6.2,84,11,63,60,3,Yes,1,No
3583,Dhruv,21,Male,Pune,M.Tech,6.9,84,12,71,64,4,Yes,2,No
3584,Shaurya,20,Male,Hyderabad,B.Tech,7.7,89,14,67,65,3,No,0,No
3585,Isha,20,Female,Noida,B.Tech,3.6,67,5,46,41,1,No,2,No
3586,Aadhya,20,Female,Ahmedabad,B.Sc,5.5,76,9,58,51,2,No,2,No
3587,Ayaan,20,Male,Ahmedabad,B.Sc,5.1,77,8,62,53,1,Yes,3,Yes
3588,Diya,21,Female,Noida,MCA,8.4,86,14,75,76,2,No,0,No
3589,Shaurya,18,Male,Delhi,B.Tech,6.2,82,13,68,60,2,No,0,No
3590,Simran,25,Female,Kolkata,M.Tech,5.7,79,11,57,57,2,No,0,No
3591,Riya,18,Female,Delhi,B.Tech,7.3,84,11,68,66,4,No,0,Yes
3592,Ananya,20,Female,Pune,B.Tech,5.6,82,8,62,56,2,Yes,1,No
3593,Diya,21,Female,Ahmedabad,B.Tech,6.5,83,10,68,64,2,Yes,0,No
3594,Anushka,22,Female,Ahmedabad,B.Sc,9.2,89,16,81,80,5,No,0,Yes
3595,Ayaan,19,Male,Mumbai,B.Sc,9.2,90,17,83,83,4,Yes,0,Yes
3596,Riya,20,Female,Kolkata,BCA,5.9,83,11,62,55,2,Yes,0,No
3597,Ishaan,20,Male,Ahmedabad,B.Tech,6.2,82,10,67,54,3,No,2,No
3598,Dhruv,20,Male,Ahmedabad,B.Tech,5.6,83,10,61,52,2,No,3,No
3599,Shaurya,18,Male,Kolkata,B.Tech,3.6,75,6,47,40,2,No,2,No
3600,Rohan,19,Male,Kolkata,BCA,8.1,87,16,79,77,4,Yes,0,Yes
3601,Priya,22,Female,Shimla,B.Sc,10.0,99,19,90,95,4,Yes,0,Yes
3602,Arjun,20,Male,Bangalore,B.Sc,5.8,85,8,66,58,2,No,1,No
3603,Anika,22,Female,Noida,M.Tech,5.3,73,7,66,56,2,No,0,Yes
3604,Vansh,21,Male,Ahmedabad,B.Tech,6.1,81,11,55,55,3,No,0,No
3605,Rahul,18,Male,Mumbai,B.Tech,6.6,81,11,61,60,2,Yes,1,No
3606,Aarav,20,Male,Chandigarh,BCA,4.8,76,7,51,48,2,No,1,No
3607,Aarav,19,Male,Bangalore,B.Sc,5.8,78,9,57,54,2,No,4,No
3608,Krishna,19,Male,Delhi,BCA,8.0,85,15,80,70,3,Yes,0,Yes
3609,Isha,23,Female,Pune,MCA,6.7,86,10,57,58,2,No,1,No
3610,Ishaan,19,Male,Mumbai,B.Sc,8.4,86,18,78,76,4,No,0,Yes
3611,Isha,19,Female,Jaipur,B.Tech,7.0,85,12,63,58,3,No,0,No
3612,Vansh,22,Male,Solan,B.Tech,4.9,73,10,54,51,1,No,2,No
3613,Vansh,18,Male,Pune,B.Sc,5.6,83,9,62,59,2,Yes,1,No
3614,Kavya,22,Female,Jaipur,B.Sc,6.9,84,10,72,69,4,Yes,0,No
3615,Dhruv,18,Male,Chandigarh,B.Tech,4.8,79,8,55,49,2,No,2,No
3616,Vansh,18,Male,Bangalore,B.Tech,4.6,77,6,53,49,2,No,1,No
3617,Aarav,22,Male,Ahmedabad,BCA,4.7,76,9,46,41,2,No,2,No
3618,Ayaan,20,Male,Kolkata,B.Sc,7.3,86,13,80,69,2,Yes,0,No
3619,Riya,19,Female,Shimla,B.Tech,6.0,86,10,66,60,3,No,0,Yes
3620,Krishna,21,Male,Hyderabad,BCA,8.3,86,15,78,71,4,No,0,No
3621,Simran,22,Female,Pune,B.Tech,5.2,71,11,59,53,3,No,2,Yes
3622,Simran,25,Female,Delhi,M.Tech,3.0,68,5,42,40,1,No,2,No
3623,Krishna,20,Male,Ahmedabad,B.Tech,6.3,78,10,64,58,2,No,2,No
3624,Simran,19,Female,Pune,B.Sc,9.0,94,17,85,88,5,No,0,No
3625,Arjun,22,Male,Kolkata,BCA,6.6,83,13,60,57,3,No,0,No
3626,Ananya,21,Female,Hyderabad,B.Tech,4.4,78,7,55,49,1,No,1,No
3627,Vansh,19,Male,Jaipur,BCA,4.1,74,9,58,49,1,No,2,No
3628,Simran,22,Female,Shimla,B.Tech,8.3,89,14,84,82,3,No,0,No
3629,Rohan,22,Male,Chandigarh,B.Sc,5.3,79,12,64,56,2,No,0,Yes
3630,Shaurya,18,Male,Pune,BCA,8.8,95,15,90,81,4,Yes,0,Yes
3631,Isha,18,Female,Noida,B.Tech,7.5,87,15,67,68,4,No,0,No
3632,Anika,22,Female,Ahmedabad,B.Tech,5.3,82,9,57,48,2,No,3,No
3633,Ishaan,20,Male,Delhi,B.Sc,8.3,92,15,75,72,4,Yes,0,Yes
3634,Rohan,18,Male,Jaipur,B.Tech,5.1,77,6,70,58,2,Yes,0,No
3635,Simran,22,Female,Gurugram,BCA,4.3,75,11,52,45,2,No,1,No
3636,Simran,19,Female,Ahmedabad,B.Tech,5.2,77,10,51,48,2,No,3,No
3637,Isha,24,Female,Delhi,M.Tech,7.7,91,15,70,68,3,No,0,Yes
3638,Aadhya,18,Female,Pune,BCA,8.2,86,13,76,75,3,No,0,No
3639,Simran,22,Female,Bangalore,B.Sc,5.9,78,11,55,52,2,No,2,No
3640,Diya,18,Female,Hyderabad,B.Tech,3.7,72,6,55,47,2,No,2,No
3641,Aarav,19,Male,Jaipur,B.Tech,4.2,71,6,53,44,3,No,2,No
3642,Ayaan,20,Male,Bangalore,B.Tech,4.9,75,11,56,47,2,No,2,No
3643,Isha,22,Female,Solan,B.Tech,4.6,80,8,51,43,5,No,2,No
3644,Simran,19,Female,Kolkata,B.Sc,6.9,86,12,64,61,3,No,0,Yes
3645,Shaurya,21,Male,Shimla,BCA,9.4,92,18,85,87,3,No,0,Yes
3646,Arjun,22,Male,Pune,BCA,7.7,89,13,75,72,4,No,0,No
3647,Ananya,21,Female,Bangalore,B.Sc,4.8,83,9,52,47,3,No,2,No
3648,Aarav,20,Male,Hyderabad,B.Tech,5.5,80,10,59,55,2,No,0,Yes
3649,Arjun,22,Male,Bangalore,B.Tech,5.8,85,11,63,54,1,No,3,No
3650,Ayaan,25,Male,Chennai,MCA,7.1,87,14,73,64,2,No,2,No
3651,Dhruv,19,Male,Ahmedabad,BCA,8.9,90,15,89,82,4,No,0,No
3652,Vivaan,18,Male,Solan,B.Sc,5.8,81,10,53,49,2,No,2,No
3653,Krishna,22,Male,Mumbai,B.Tech,8.8,92,15,84,88,4,Yes,0,Yes
3654,Vivaan,20,Male,Shimla,BCA,9.7,92,16,83,90,4,Yes,0,Yes
3655,Sanya,22,Female,Delhi,B.Tech,6.0,73,12,61,63,4,No,2,No
3656,Aarav,25,Male,Kolkata,MCA,5.9,78,11,61,54,3,No,1,No
3657,Priya,22,Female,Kolkata,BCA,6.0,75,12,62,63,2,No,1,No
3658,Tara,22,Female,Jaipur,B.Tech,6.6,81,12,60,57,3,No,0,No
3659,Ayaan,23,Male,Shimla,MCA,6.0,76,9,64,64,3,No,0,No
3660,Isha,19,Female,Solan,BCA,7.8,90,12,75,74,4,No,0,Yes
3661,Vansh,18,Male,Delhi,B.Sc,4.2,71,5,55,45,2,No,3,No
3662,Sanya,20,Female,Shimla,B.Tech,5.7,82,9,68,66,4,No,0,Yes
3663,Shaurya,20,Male,Shimla,B.Tech,7.0,87,14,71,72,3,No,0,No
3664,Ananya,21,Female,Solan,B.Tech,7.8,89,16,79,72,4,No,0,No
3665,Aadhya,18,Female,Mumbai,B.Tech,9.8,89,18,88,88,4,No,0,No
3666,Rohan,19,Male,Mumbai,B.Sc,4.6,79,10,60,46,1,No,1,No
3667,Vansh,19,Male,Ahmedabad,B.Sc,5.5,81,9,65,57,2,No,0,Yes
3668,Kavya,21,Female,Mumbai,B.Sc,3.1,73,5,40,40,1,No,1,No
3669,Isha,24,Female,Chennai,MCA,4.8,82,10,58,50,3,No,4,No
3670,Ishaan,20,Male,Jaipur,B.Tech,3.8,76,7,44,45,2,No,3,No
3671,Ananya,22,Female,Noida,MCA,5.7,76,11,57,50,2,Yes,1,No
3672,Aditya,22,Male,Ahmedabad,MCA,6.2,84,11,63,59,4,Yes,2,No
3673,Isha,19,Female,Mumbai,BCA,7.2,81,12,71,70,3,No,0,No
3674,Vivaan,20,Male,Bangalore,B.Tech,6.1,81,11,62,55,2,Yes,1,No
3675,Sanya,19,Female,Mumbai,B.Sc,7.2,84,13,69,64,3,Yes,0,Yes
3676,Aditya,22,Male,Noida,B.Tech,6.7,83,12,71,69,3,No,0,No
3677,Ayaan,21,Male,Jaipur,B.Sc,5.0,73,8,58,56,3,No,1,No
3678,Reyansh,21,Male,Gurugram,B.Tech,4.0,70,7,49,42,2,No,2,No
3679,Kabir,21,Male,Delhi,BCA,7.4,85,11,74,73,3,Yes,0,Yes
3680,Aditya,21,Male,Mumbai,BCA,9.0,91,16,84,87,3,Yes,0,Yes
3681,Ayaan,22,Male,Gurugram,B.Tech,10.0,94,17,95,91,5,No,0,No
3682,Kavya,18,Female,Solan,BCA,7.9,92,10,75,75,2,Yes,0,Yes
3683,Ishaan,19,Male,Bangalore,B.Tech,8.7,92,19,77,75,4,Yes,0,Yes
3684,Aarav,21,Male,Kolkata,BCA,7.2,86,12,71,64,4,No,1,No
3685,Kabir,22,Male,Bangalore,MCA,7.0,83,11,64,63,4,Yes,0,Yes
3686,Arjun,19,Male,Jaipur,B.Tech,6.7,79,14,64,61,3,No,0,Yes
3687,Reyansh,22,Male,Ahmedabad,B.Sc,6.3,82,10,66,59,4,Yes,0,Yes
3688,Rahul,19,Male,Pune,B.Tech,7.4,91,11,71,67,2,Yes,0,Yes
3689,Rohan,21,Male,Delhi,B.Sc,5.7,81,10,60,55,4,Yes,2,No
3690,Kabir,22,Male,Mumbai,MCA,6.3,85,11,64,61,2,No,0,No
3691,Neha,22,Female,Shimla,B.Tech,4.7,80,8,54,52,2,No,2,No
3692,Kavya,24,Female,Ahmedabad,MCA,7.2,87,12,66,68,3,No,0,No
3693,Aarav,22,Male,Delhi,BCA,5.1,79,9,61,54,3,Yes,1,No
3694,Aditya,20,Male,Jaipur,B.Tech,6.6,80,14,70,63,2,No,0,No
3695,Sanya,21,Female,Shimla,MCA,7.3,85,11,74,74,5,Yes,1,No
3696,Aditya,19,Male,Pune,B.Tech,7.4,85,15,75,71,2,Yes,0,No
3697,Simran,19,Female,Pune,B.Tech,7.7,88,16,72,68,3,No,0,Yes
3698,Reyansh,19,Male,Jaipur,BCA,6.2,77,10,63,60,3,Yes,1,No
3699,Aadhya,20,Female,Kolkata,B.Sc,7.2,84,14,66,59,4,No,0,Yes
3700,Isha,18,Female,Kolkata,B.Sc,5.8,82,10,61,55,1,No,0,No
3701,Anika,22,Female,Gurugram,B.Tech,3.5,70,5,45,40,1,No,4,No
3702,Simran,23,Female,Pune,M.Tech,7.3,83,15,64,62,4,No,1,No
3703,Reyansh,20,Male,Kolkata,B.Sc,6.9,82,12,68,66,3,No,0,No
3704,Rahul,24,Male,Solan,M.Tech,8.0,87,14,73,75,2,No,0,Yes
3705,Ananya,20,Female,Hyderabad,B.Tech,6.5,76,9,64,66,3,No,0,No
3706,Diya,20,Female,Shimla,B.Sc,4.1,72,8,48,42,1,No,1,No
3707,Kabir,22,Male,Chandigarh,MCA,6.4,85,12,67,62,4,No,0,No
3708,Vivaan,21,Male,Bangalore,BCA,7.8,88,15,77,71,3,Yes,0,Yes
3709,Rahul,25,Male,Hyderabad,M.Tech,7.2,86,14,65,66,3,Yes,0,No
3710,Reyansh,18,Male,Chennai,B.Tech,6.3,77,10,61,53,3,Yes,1,No
3711,Riya,22,Female,Kolkata,B.Tech,4.0,73,5,47,41,3,No,2,No
3712,Rohan,24,Male,Shimla,M.Tech,5.0,77,9,61,55,3,No,0,No
3713,Shaurya,22,Male,Gurugram,M.Tech,7.2,87,13,78,70,4,No,0,Yes
3714,Ayaan,18,Male,Mumbai,B.Tech,4.0,77,7,51,43,2,No,4,No
3715,Vansh,22,Male,Chennai,B.Tech,6.0,84,13,65,63,3,No,1,No
3716,Vansh,18,Male,Chandigarh,B.Sc,6.6,81,12,60,59,2,No,1,No
3717,Isha,21,Female,Chandigarh,M.Tech,8.2,87,16,77,78,4,No,0,Yes
3718,Anushka,18,Female,Mumbai,B.Sc,7.4,90,14,72,74,3,Yes,1,No
3719,Aadhya,20,Female,Noida,B.Sc,7.9,87,12,80,77,3,No,0,No
3720,Ayaan,21,Male,Kolkata,B.Sc,7.0,81,11,66,63,3,No,1,No
3721,Meera,21,Female,Shimla,B.Tech,5.2,78,11,54,55,2,Yes,0,Yes
3722,Priya,22,Female,Chandigarh,M.Tech,5.6,84,9,56,46,4,No,2,No
3723,Tara,22,Female,Gurugram,BCA,5.1,75,10,56,47,3,No,1,No
3724,Aditya,19,Male,Hyderabad,B.Sc,7.4,85,12,69,70,3,Yes,0,Yes
3725,Rahul,22,Male,Bangalore,BCA,5.5,77,11,63,64,3,Yes,1,No
3726,Dhruv,18,Male,Jaipur,BCA,5.9,84,11,66,62,1,No,1,No
3727,Ayaan,22,Male,Chennai,B.Sc,6.5,84,11,66,63,3,No,0,Yes
3728,Aditya,25,Male,Jaipur,M.Tech,9.0,94,17,85,81,3,No,0,Yes
3729,Aarav,18,Male,Hyderabad,B.Sc,7.5,91,14,81,77,2,Yes,0,No
3730,Vivaan,19,Male,Bangalore,B.Sc,5.3,74,8,51,53,1,No,3,No
3731,Meera,22,Female,Solan,B.Tech,6.7,81,12,63,63,4,No,1,No
3732,Aditya,22,Male,Chennai,MCA,9.0,90,17,89,85,4,No,0,Yes
3733,Ishaan,19,Male,Pune,B.Tech,7.4,86,15,68,70,4,No,0,Yes
3734,Meera,21,Female,Chandigarh,B.Tech,4.1,76,7,54,48,3,No,4,No
3735,Anika,18,Female,Ahmedabad,B.Tech,5.1,76,12,61,56,2,No,2,No
3736,Meera,18,Female,Hyderabad,B.Sc,5.0,75,8,55,53,3,No,1,No
3737,Kavya,23,Female,Mumbai,M.Tech,8.7,93,13,83,77,4,Yes,0,Yes
3738,Riya,19,Female,Noida,B.Sc,8.4,91,13,77,76,1,Yes,0,Yes
3739,Aadhya,20,Female,Jaipur,B.Tech,5.6,81,10,68,61,4,No,1,No
3740,Arjun,18,Male,Chennai,B.Tech,5.5,73,10,55,49,1,No,4,No
3741,Dhruv,18,Male,Ahmedabad,BCA,6.6,87,12,64,58,3,No,2,No
3742,Kabir,20,Male,Gurugram,B.Tech,6.6,84,11,70,63,4,Yes,2,No
3743,Vansh,18,Male,Kolkata,BCA,5.1,77,13,59,56,1,No,1,No
3744,Dhruv,18,Male,Ahmedabad,B.Sc,6.1,79,13,63,59,3,No,2,No
3745,Meera,24,Female,Bangalore,M.Tech,4.3,73,6,51,46,2,No,1,No
3746,Tara,22,Female,Shimla,BCA,8.4,87,15,75,75,5,No,0,Yes
3747,Kavya,21,Female,Bangalore,B.Tech,3.9,68,7,44,42,2,No,1,No
3748,Dhruv,25,Male,Ahmedabad,MCA,3.8,71,8,45,42,1,No,1,No
3749,Kavya,21,Female,Pune,B.Sc,7.2,80,11,69,67,3,Yes,0,No
3750,Simran,24,Female,Ahmedabad,MCA,4.6,76,6,53,47,1,No,2,No
3751,Aditya,19,Male,Jaipur,B.Tech,5.7,76,8,53,55,1,No,0,No
3752,Diya,20,Female,Chandigarh,BCA,6.6,85,14,65,61,2,Yes,1,No
3753,Rohan,24,Male,Ahmedabad,M.Tech,7.5,81,13,69,72,5,Yes,0,Yes
3754,Arjun,19,Male,Bangalore,B.Tech,6.2,85,12,67,60,3,No,0,Yes
3755,Isha,21,Female,Gurugram,B.Sc,9.2,95,17,85,82,4,No,0,Yes
3756,Dhruv,20,Male,Hyderabad,B.Tech,6.5,80,11,72,68,2,No,0,Yes
3757,Shaurya,19,Male,Bangalore,BCA,8.3,89,16,73,80,2,Yes,0,Yes
3758,Isha,25,Female,Hyderabad,MCA,6.9,82,11,70,60,4,No,0,No
3759,Anushka,20,Female,Pune,BCA,9.7,96,17,89,90,5,Yes,0,Yes
3760,Vivaan,21,Male,Gurugram,MCA,8.1,94,11,79,77,4,No,0,Yes
3761,Vivaan,19,Male,Shimla,BCA,6.6,87,12,67,62,4,Yes,0,No
3762,Shaurya,21,Male,Bangalore,M.Tech,7.4,84,12,68,68,3,No,0,No
3763,Diya,19,Female,Mumbai,BCA,6.1,82,14,63,56,3,No,0,No
3764,Shaurya,22,Male,Jaipur,B.Tech,6.1,86,11,58,54,2,No,2,No
3765,Vansh,19,Male,Chandigarh,BCA,4.5,77,9,50,47,2,No,1,No
3766,Sanya,21,Female,Kolkata,B.Sc,5.3,82,11,55,49,2,No,3,No
3767,Priya,21,Female,Jaipur,MCA,9.6,96,17,88,87,5,No,0,Yes
3768,Rahul,18,Male,Ahmedabad,BCA,4.7,77,10,57,49,3,No,1,No
3769,Kabir,19,Male,Bangalore,BCA,5.5,79,10,55,51,2,Yes,3,No
3770,Isha,24,Female,Hyderabad,MCA,6.4,79,12,58,60,3,Yes,0,No
3771,Krishna,24,Male,Mumbai,MCA,6.4,80,15,58,54,2,No,4,No
3772,Arjun,19,Male,Jaipur,B.Sc,7.1,82,13,72,68,5,Yes,0,Yes
3773,Kavya,23,Female,Chennai,MCA,5.8,79,10,64,60,4,Yes,0,Yes
3774,Aarav,22,Male,Bangalore,BCA,7.2,85,12,73,70,3,Yes,0,Yes
3775,Anika,19,Female,Chennai,B.Tech,8.2,88,15,82,76,3,Yes,0,Yes
3776,Vansh,21,Male,Delhi,B.Tech,8.4,90,15,85,81,4,Yes,0,Yes
3777,Aditya,25,Male,Bangalore,M.Tech,6.1,83,11,60,54,2,No,1,No
3778,Rahul,19,Male,Noida,B.Tech,7.4,85,11,69,66,4,No,0,Yes
3779,Vivaan,22,Male,Solan,BCA,4.8,79,5,59,57,1,No,1,No
3780,Reyansh,23,Male,Bangalore,M.Tech,5.4,82,8,49,50,2,No,2,No
3781,Krishna,21,Male,Noida,B.Tech,4.7,78,9,54,49,2,No,1,No
3782,Anushka,23,Female,Delhi,MCA,6.4,81,12,68,65,4,Yes,0,Yes
3783,Ananya,23,Female,Shimla,MCA,5.2,81,10,57,50,3,No,3,No
3784,Anushka,24,Female,Pune,M.Tech,4.2,76,8,54,48,2,No,4,No
3785,Aadhya,20,Female,Noida,B.Tech,5.9,83,10,55,52,2,No,1,No
3786,Kabir,19,Male,Solan,B.Tech,3.9,78,5,52,43,1,No,2,No
3787,Anushka,22,Female,Bangalore,MCA,8.5,92,16,77,76,2,No,0,No
3788,Reyansh,22,Male,Mumbai,B.Tech,5.7,85,11,62,55,2,No,1,No
3789,Diya,19,Female,Jaipur,BCA,8.0,88,13,71,71,5,Yes,0,Yes
3790,Meera,19,Female,Hyderabad,B.Sc,5.8,79,11,67,62,3,No,1,No
3791,Neha,22,Female,Shimla,B.Tech,4.7,80,10,56,49,2,No,2,No
3792,Meera,21,Female,Bangalore,M.Tech,8.3,86,16,76,66,2,No,0,No
3793,Anika,21,Female,Chandigarh,B.Sc,6.6,89,13,77,67,4,No,0,No
3794,Rahul,19,Male,Kolkata,B.Tech,9.3,96,16,81,78,5,Yes,0,Yes
3795,Rohan,22,Male,Noida,B.Tech,5.8,81,12,62,59,3,Yes,0,No
3796,Neha,20,Female,Jaipur,B.Tech,5.8,84,10,60,54,3,No,2,No
3797,Ishaan,20,Male,Gurugram,B.Tech,8.0,90,17,73,70,3,Yes,0,Yes
3798,Kavya,19,Female,Bangalore,B.Sc,8.0,84,16,75,76,3,Yes,0,Yes
3799,Diya,21,Female,Kolkata,B.Tech,6.7,81,13,65,60,5,No,0,No
3800,Dhruv,22,Male,Hyderabad,BCA,10.0,96,20,96,93,4,Yes,0,Yes
3801,Riya,25,Female,Kolkata,MCA,6.1,82,10,70,61,4,No,0,No
3802,Meera,22,Female,Mumbai,BCA,4.6,80,9,54,47,4,No,3,No
3803,Neha,22,Female,Kolkata,B.Tech,5.0,78,12,50,44,3,No,1,No
3804,Sanya,25,Female,Jaipur,M.Tech,6.1,78,12,61,56,3,No,0,No
3805,Simran,21,Female,Mumbai,B.Tech,8.8,89,16,84,83,3,Yes,0,Yes
3806,Neha,25,Female,Kolkata,MCA,6.2,84,11,61,55,3,No,0,Yes
3807,Anika,21,Female,Solan,B.Sc,8.8,85,14,84,79,4,No,0,Yes
3808,Arjun,21,Male,Noida,B.Sc,7.2,81,13,71,74,3,Yes,0,Yes
3809,Aditya,21,Male,Ahmedabad,B.Sc,8.1,87,13,71,72,3,No,1,No
3810,Sanya,20,Female,Kolkata,BCA,7.1,88,12,68,67,3,Yes,0,No
3811,Aarav,21,Male,Chandigarh,MCA,7.1,84,13,67,63,4,No,0,No
3812,Riya,22,Female,Shimla,MCA,7.6,88,15,70,72,3,No,0,Yes
3813,Isha,20,Female,Delhi,BCA,5.6,80,9,55,56,3,No,0,No
3814,Vivaan,18,Male,Chennai,BCA,5.7,80,9,58,53,3,No,2,Yes
3815,Kavya,23,Female,Solan,MCA,7.0,83,14,67,68,3,No,0,Yes
3816,Simran,21,Female,Pune,BCA,9.4,95,18,90,91,3,No,0,Yes
3817,Dhruv,24,Male,Noida,MCA,4.2,71,7,51,40,2,No,4,No
3818,Shaurya,22,Male,Pune,B.Sc,3.5,72,7,48,44,2,No,1,Yes
3819,Ayaan,21,Male,Bangalore,BCA,6.1,85,11,66,59,1,No,2,No
3820,Aditya,20,Male,Noida,B.Tech,8.0,86,14,71,75,4,Yes,0,Yes
3821,Ananya,19,Female,Bangalore,B.Tech,6.6,78,14,69,62,4,No,1,No
3822,Aarav,21,Male,Jaipur,BCA,4.7,70,8,50,48,4,No,4,No
3823,Isha,18,Female,Chennai,BCA,6.6,85,11,66,57,2,No,1,No
3824,Ishaan,20,Male,Hyderabad,B.Sc,3.9,76,7,51,48,2,No,1,No
3825,Arjun,18,Male,Kolkata,B.Sc,7.4,85,10,81,75,4,No,0,Yes
3826,Sanya,22,Female,Shimla,B.Sc,6.0,77,11,59,60,3,No,1,No
3827,Kavya,25,Female,Gurugram,MCA,6.4,82,12,58,55,2,Yes,2,No
3828,Aditya,19,Male,Shimla,B.Tech,7.1,88,16,72,69,2,Yes,0,No
3829,Vivaan,20,Male,Jaipur,B.Sc,6.8,80,12,69,70,3,Yes,1,Yes
3830,Krishna,19,Male,Solan,B.Tech,5.7,83,11,60,56,4,No,2,No
3831,Vansh,18,Male,Hyderabad,BCA,8.1,83,15,71,72,4,Yes,0,Yes
3832,Priya,19,Female,Gurugram,B.Tech,7.7,84,17,67,69,3,No,0,Yes
3833,Dhruv,18,Male,Kolkata,BCA,3.8,74,8,50,40,2,No,1,No
3834,Shaurya,19,Male,Bangalore,BCA,6.2,85,9,73,64,3,Yes,2,No
3835,Shaurya,22,Male,Kolkata,B.Tech,4.9,82,11,64,59,2,Yes,1,No
3836,Tara,20,Female,Ahmedabad,BCA,4.6,79,7,56,44,1,No,3,No
3837,Riya,22,Female,Ahmedabad,M.Tech,7.3,90,12,71,72,4,Yes,0,Yes
3838,Vansh,18,Male,Shimla,B.Tech,5.9,81,9,63,57,2,Yes,0,Yes
3839,Tara,20,Female,Delhi,B.Sc,6.3,80,14,62,65,2,No,0,No
3840,Shaurya,22,Male,Gurugram,BCA,5.5,83,12,58,55,2,No,1,No
3841,Ayaan,22,Male,Shimla,B.Tech,7.1,89,15,72,66,3,Yes,0,Yes
3842,Priya,21,Female,Kolkata,B.Tech,7.5,89,15,78,76,3,No,0,Yes
3843,Priya,20,Female,Noida,B.Tech,9.8,96,19,87,91,4,Yes,0,Yes
3844,Sanya,19,Female,Pune,B.Sc,6.2,86,11,65,63,2,Yes,1,No
3845,Neha,22,Female,Bangalore,B.Tech,4.3,76,8,51,44,3,No,2,No
3846,Vivaan,19,Male,Gurugram,B.Tech,5.7,80,9,64,63,2,Yes,0,Yes
3847,Sanya,19,Female,Gurugram,B.Tech,7.8,89,13,78,71,3,No,0,Yes
3848,Krishna,18,Male,Mumbai,BCA,5.3,80,9,54,54,1,No,3,No
3849,Anika,19,Female,Shimla,B.Sc,4.3,78,11,52,40,3,No,1,No
3850,Vivaan,21,Male,Delhi,BCA,5.4,79,9,63,57,1,No,0,No
3851,Kavya,20,Female,Noida,BCA,5.7,83,12,60,54,3,No,2,No
3852,Aditya,20,Male,Chandigarh,BCA,4.9,80,12,62,50,3,Yes,1,No
3853,Aditya,18,Male,Noida,B.Tech,6.8,84,13,70,70,3,No,0,Yes
3854,Kavya,21,Female,Mumbai,BCA,6.4,80,10,71,59,3,No,0,No
3855,Kabir,21,Male,Noida,BCA,7.7,91,13,74,76,4,Yes,0,Yes
3856,Reyansh,20,Male,Shimla,BCA,5.8,77,11,63,54,3,No,3,No
3857,Ishaan,21,Male,Shimla,B.Sc,7.3,83,17,73,73,4,No,1,No
3858,Arjun,22,Male,Chennai,B.Sc,5.8,81,13,66,58,2,No,0,Yes
3859,Krishna,19,Male,Gurugram,B.Tech,4.8,69,9,53,43,2,No,1,No
3860,Reyansh,19,Male,Kolkata,B.Tech,5.7,85,10,67,59,4,No,2,No
3861,Kavya,20,Female,Pune,BCA,4.1,74,8,48,45,3,No,3,No
3862,Rohan,20,Male,Noida,B.Sc,9.2,97,17,85,81,4,Yes,0,Yes
3863,Anika,21,Female,Chandigarh,B.Tech,6.7,89,12,63,62,3,Yes,2,Yes
3864,Aadhya,21,Female,Pune,M.Tech,5.3,78,8,57,55,3,Yes,1,No
3865,Arjun,20,Male,Jaipur,BCA,5.9,85,9,60,61,3,No,1,No
3866,Aadhya,20,Female,Ahmedabad,B.Tech,3.0,67,6,43,40,3,No,2,No
3867,Kabir,20,Male,Pune,B.Sc,8.7,92,14,84,84,4,Yes,0,Yes
3868,Diya,21,Female,Jaipur,B.Tech,8.5,88,14,80,80,4,Yes,0,Yes
3869,Arjun,22,Male,Gurugram,BCA,6.7,86,12,71,66,4,No,0,No
3870,Shaurya,20,Male,Kolkata,BCA,7.0,87,13,70,70,2,No,0,Yes
3871,Priya,22,Female,Delhi,B.Tech,4.6,76,10,53,51,2,No,2,No
3872,Kavya,24,Female,Hyderabad,MCA,4.7,78,7,50,46,3,No,3,No
3873,Anushka,18,Female,Bangalore,B.Sc,4.0,77,5,43,42,2,No,1,No
3874,Rahul,19,Male,Shimla,B.Tech,6.3,83,13,59,58,2,Yes,0,Yes
3875,Riya,19,Female,Delhi,BCA,8.1,96,17,76,76,4,Yes,0,Yes
3876,Ishaan,19,Male,Mumbai,B.Tech,5.9,80,9,65,65,3,Yes,0,No
3877,Ishaan,22,Male,Hyderabad,MCA,7.0,89,11,66,62,4,No,0,No
3878,Rahul,21,Male,Shimla,B.Tech,8.0,91,15,73,73,4,Yes,0,Yes
3879,Tara,19,Female,Delhi,BCA,4.1,69,7,46,42,2,No,2,No
3880,Krishna,21,Male,Bangalore,B.Tech,9.3,97,17,90,89,5,Yes,0,Yes
3881,Ayaan,18,Male,Delhi,B.Tech,8.2,92,14,78,74,5,Yes,0,Yes
3882,Riya,20,Female,Noida,B.Sc,7.3,86,14,71,66,4,Yes,0,No
3883,Dhruv,20,Male,Kolkata,B.Sc,7.9,89,14,77,74,3,Yes,0,Yes
3884,Shaurya,20,Male,Hyderabad,BCA,8.0,89,14,81,78,5,Yes,0,Yes
3885,Ishaan,21,Male,Chandigarh,B.Sc,6.9,88,11,70,65,4,No,0,No
3886,Kavya,21,Female,Ahmedabad,BCA,8.6,89,17,72,65,3,Yes,1,No
3887,Vansh,21,Male,Chennai,B.Tech,5.8,85,10,64,56,2,No,0,No
3888,Rohan,18,Male,Delhi,B.Tech,7.2,82,13,75,74,2,No,0,Yes
3889,Isha,22,Female,Bangalore,BCA,8.5,84,17,79,82,3,No,0,No
3890,Isha,21,Female,Bangalore,B.Sc,3.0,72,5,45,40,2,No,2,No
3891,Aarav,24,Male,Pune,MCA,7.2,89,13,73,74,3,Yes,1,No
3892,Meera,20,Female,Pune,B.Tech,7.6,86,11,65,65,3,No,0,No
3893,Meera,19,Female,Hyderabad,BCA,3.9,67,6,40,40,2,No,3,No
3894,Aadhya,19,Female,Chennai,B.Tech,6.9,80,14,70,65,4,Yes,0,Yes
3895,Dhruv,21,Male,Shimla,MCA,5.3,80,7,64,59,3,No,0,No
3896,Priya,22,Female,Solan,MCA,7.1,85,13,67,63,4,Yes,0,Yes
3897,Aadhya,22,Female,Chandigarh,B.Tech,6.4,86,14,67,64,3,No,1,No
3898,Reyansh,20,Male,Bangalore,B.Sc,5.1,78,10,59,54,2,No,1,No
3899,Krishna,18,Male,Noida,B.Sc,8.2,86,14,82,77,4,Yes,0,Yes
3900,Aarav,19,Male,Gurugram,B.Tech,5.9,82,9,62,60,3,Yes,1,Yes
3901,Reyansh,19,Male,Pune,BCA,6.9,87,10,72,71,1,Yes,1,Yes
3902,Priya,20,Female,Kolkata,B.Sc,8.5,94,18,88,83,4,No,0,Yes
3903,Arjun,18,Male,Kolkata,B.Tech,5.1,78,9,56,53,1,No,2,No
3904,Arjun,20,Male,Ahmedabad,BCA,6.5,83,9,66,58,4,Yes,1,No
3905,Anika,18,Female,Noida,B.Tech,5.8,83,9,58,59,2,No,1,No
3906,Vansh,19,Male,Solan,BCA,6.1,79,9,58,55,2,No,0,No
3907,Simran,23,Female,Shimla,MCA,9.7,96,17,90,85,4,Yes,0,Yes
3908,Krishna,20,Male,Pune,BCA,7.2,85,17,75,73,3,No,0,No
3909,Aarav,22,Male,Gurugram,B.Tech,7.0,84,14,73,67,3,Yes,0,No
3910,Rohan,20,Male,Chandigarh,B.Tech,7.3,86,14,67,64,4,No,1,No
3911,Arjun,18,Male,Shimla,B.Sc,7.1,85,15,69,65,2,Yes,0,No
3912,Vivaan,22,Male,Kolkata,B.Tech,3.8,79,10,53,41,2,No,2,No
3913,Riya,20,Female,Solan,BCA,9.9,93,19,78,79,5,No,0,Yes
3914,Aadhya,20,Female,Hyderabad,B.Tech,4.3,74,10,53,50,1,No,4,No
3915,Arjun,22,Male,Gurugram,B.Sc,9.1,96,15,91,90,4,No,0,Yes
3916,Ananya,22,Female,Pune,MCA,7.4,87,12,76,72,4,Yes,1,Yes
3917,Kavya,23,Female,Mumbai,MCA,6.8,86,11,59,57,5,No,1,No
3918,Riya,21,Female,Kolkata,B.Tech,6.0,78,11,63,60,4,Yes,0,Yes
3919,Dhruv,19,Male,Solan,B.Sc,10.0,96,14,89,83,4,Yes,0,Yes
3920,Kabir,20,Male,Solan,B.Tech,7.4,88,15,73,73,4,Yes,0,Yes
3921,Rahul,19,Male,Shimla,B.Sc,6.5,81,11,65,62,3,No,2,Yes
3922,Aadhya,18,Female,Jaipur,B.Tech,5.7,82,11,60,53,3,No,2,No
3923,Anushka,19,Female,Chennai,B.Sc,5.5,79,8,50,54,2,No,3,No
3924,Reyansh,22,Male,Shimla,BCA,6.6,81,14,67,63,4,Yes,0,No
3925,Vansh,23,Male,Mumbai,MCA,5.1,81,11,60,53,1,No,2,No
3926,Kavya,19,Female,Solan,B.Sc,7.5,90,14,71,75,4,No,0,Yes
3927,Tara,21,Female,Chandigarh,BCA,5.5,80,11,65,57,3,Yes,2,Yes
3928,Riya,21,Female,Shimla,MCA,8.0,89,13,69,72,2,No,0,Yes
3929,Riya,18,Female,Chandigarh,B.Tech,8.0,92,14,70,72,2,No,1,Yes
3930,Aditya,22,Male,Pune,M.Tech,6.4,81,13,65,59,4,Yes,1,No
3931,Anika,22,Female,Gurugram,B.Sc,7.4,87,13,69,67,4,No,0,No
3932,Tara,21,Female,Bangalore,M.Tech,7.4,85,16,75,70,4,Yes,0,Yes
3933,Ayaan,19,Male,Mumbai,B.Tech,4.3,72,5,49,40,3,No,3,No
3934,Riya,19,Female,Chennai,B.Tech,9.1,91,16,87,78,4,No,0,Yes
3935,Diya,18,Female,Gurugram,B.Sc,6.1,78,8,59,50,4,No,2,No
3936,Rahul,22,Male,Jaipur,M.Tech,7.5,88,14,73,69,5,No,0,Yes
3937,Tara,19,Female,Solan,B.Tech,7.6,84,13,64,62,4,No,0,Yes
3938,Sanya,21,Female,Bangalore,B.Tech,3.0,66,5,41,40,2,No,2,No
3939,Kavya,19,Female,Jaipur,B.Tech,5.5,81,11,60,54,2,No,2,No
3940,Kabir,22,Male,Chennai,MCA,7.8,89,14,79,75,4,Yes,0,Yes
3941,Reyansh,22,Male,Chennai,B.Sc,6.6,82,16,60,58,3,No,0,No
3942,Simran,18,Female,Ahmedabad,B.Tech,7.5,88,15,72,67,3,No,0,No
3943,Aditya,22,Male,Pune,B.Tech,6.6,81,12,71,71,2,No,0,Yes
3944,Aadhya,20,Female,Chennai,BCA,8.3,88,14,83,78,4,No,0,No
3945,Meera,22,Female,Chandigarh,B.Tech,6.7,85,11,64,65,3,Yes,1,Yes
3946,Kabir,20,Male,Mumbai,B.Sc,8.6,93,16,77,73,5,No,0,No
3947,Aditya,20,Male,Chandigarh,BCA,5.0,76,8,49,51,3,No,2,No
3948,Krishna,22,Male,Jaipur,B.Sc,6.3,80,13,55,53,2,No,3,No
3949,Krishna,24,Male,Shimla,MCA,5.6,83,10,60,64,2,No,0,Yes
3950,Anika,22,Female,Jaipur,BCA,7.1,87,13,68,62,3,No,0,No
3951,Diya,18,Female,Shimla,B.Tech,6.1,82,11,72,61,2,No,0,Yes
3952,Tara,22,Female,Pune,B.Sc,6.2,85,11,66,61,3,Yes,1,No
3953,Meera,21,Female,Noida,B.Tech,5.4,85,10,60,54,2,No,3,No
3954,Aarav,25,Male,Bangalore,MCA,5.8,81,14,64,55,4,Yes,0,No
3955,Simran,21,Female,Hyderabad,B.Tech,6.5,81,13,69,69,3,Yes,1,No
3956,Neha,21,Female,Delhi,MCA,3.5,74,7,52,48,2,No,3,No
3957,Kavya,19,Female,Noida,B.Tech,3.0,68,7,43,40,1,No,1,No
3958,Simran,21,Female,Chennai,B.Tech,6.6,87,12,68,67,3,Yes,0,No
3959,Dhruv,21,Male,Jaipur,BCA,3.0,68,5,43,41,2,No,3,Yes
3960,Ananya,24,Female,Bangalore,M.Tech,6.2,81,7,63,59,3,No,1,Yes
3961,Shaurya,21,Male,Mumbai,M.Tech,5.9,78,8,59,54,3,No,3,No
3962,Ishaan,20,Male,Solan,B.Tech,7.3,86,14,75,74,3,No,0,Yes
3963,Kabir,21,Male,Ahmedabad,B.Tech,5.5,80,10,59,58,3,No,1,No
3964,Ananya,18,Female,Mumbai,BCA,8.9,93,16,78,74,4,Yes,0,Yes
3965,Sanya,19,Female,Hyderabad,B.Tech,7.8,88,18,74,76,5,Yes,0,Yes
3966,Simran,21,Female,Pune,B.Sc,4.2,75,8,54,44,2,No,4,No
3967,Priya,20,Female,Chennai,BCA,6.1,80,7,57,57,4,No,0,No
3968,Ananya,18,Female,Hyderabad,B.Sc,8.8,90,17,79,76,4,Yes,0,Yes
3969,Ananya,19,Female,Bangalore,B.Sc,5.5,75,12,54,52,2,No,3,No
3970,Kabir,20,Male,Pune,BCA,6.4,87,13,76,68,3,Yes,0,Yes
3971,Rohan,22,Male,Bangalore,MCA,8.6,90,17,79,84,2,Yes,0,Yes
3972,Aarav,20,Male,Hyderabad,B.Tech,5.7,85,8,69,56,1,No,2,No
3973,Tara,22,Female,Delhi,B.Tech,8.2,88,15,77,73,3,Yes,0,Yes
3974,Anika,22,Female,Chandigarh,B.Sc,5.1,72,8,56,50,1,No,1,No
3975,Arjun,22,Male,Hyderabad,B.Tech,3.0,69,6,42,40,2,No,2,No
3976,Krishna,19,Male,Mumbai,B.Tech,8.3,89,17,76,74,4,No,0,Yes
3977,Riya,25,Female,Delhi,MCA,7.2,85,12,70,61,1,No,2,No
3978,Shaurya,18,Male,Delhi,B.Sc,7.3,88,14,69,69,3,Yes,0,No
3979,Priya,18,Female,Shimla,BCA,4.9,78,8,56,55,2,No,0,No
3980,Riya,22,Female,Chennai,B.Sc,5.0,76,9,49,48,3,No,3,No
3981,Aditya,20,Male,Delhi,B.Tech,8.2,86,14,76,73,3,No,0,Yes
3982,Arjun,23,Male,Mumbai,M.Tech,6.9,83,15,63,63,2,No,0,No
3983,Ananya,19,Female,Delhi,B.Tech,6.3,84,10,65,57,1,No,2,No
3984,Diya,20,Female,Noida,B.Sc,6.8,86,12,70,69,3,No,0,No
3985,Aadhya,21,Female,Ahmedabad,B.Sc,8.8,89,18,85,83,3,Yes,0,Yes
3986,Diya,20,Female,Ahmedabad,BCA,7.6,90,11,75,70,3,No,0,Yes
3987,Kabir,18,Male,Bangalore,B.Sc,5.8,82,11,61,57,3,Yes,0,No
3988,Ishaan,23,Male,Chennai,M.Tech,4.4,73,8,49,48,2,No,1,No
3989,Kavya,19,Female,Shimla,B.Sc,7.4,87,12,75,74,4,Yes,0,Yes
3990,Kavya,20,Female,Jaipur,B.Tech,5.1,79,11,57,52,2,No,1,No
3991,Shaurya,19,Male,Chennai,BCA,4.7,73,11,50,53,3,No,2,No
3992,Tara,24,Female,Solan,MCA,8.5,86,16,78,81,3,Yes,0,Yes
3993,Meera,22,Female,Gurugram,BCA,7.8,89,14,67,69,4,Yes,1,No
3994,Kabir,21,Male,Hyderabad,B.Sc,7.1,83,11,69,65,3,Yes,0,No
3995,Ayaan,18,Male,Solan,BCA,4.6,81,9,52,46,2,No,4,No
3996,Isha,21,Female,Chennai,B.Tech,9.2,97,16,83,83,3,Yes,0,Yes
3997,Arjun,21,Male,Chennai,B.Tech,8.0,89,14,84,78,3,Yes,0,Yes
3998,Rahul,21,Male,Jaipur,M.Tech,6.0,84,10,62,63,3,No,0,No
3999,Rahul,18,Male,Chennai,B.Sc,5.7,77,9,62,54,2,No,2,No
4000,Diya,22,Female,Hyderabad,B.Tech,6.6,79,12,69,66,3,Yes,0,Yes
4001,Anushka,25,Female,Bangalore,MCA,5.8,80,9,64,53,2,Yes,3,No
4002,Anushka,20,Female,Bangalore,BCA,9.8,90,19,86,87,5,Yes,0,Yes
4003,Ayaan,19,Male,Chandigarh,B.Sc,5.9,82,9,58,58,2,No,2,No
4004,Priya,18,Female,Noida,B.Tech,4.9,75,9,52,53,3,No,3,No
4005,Neha,24,Female,Bangalore,MCA,8.9,92,16,77,76,5,No,0,Yes
4006,Anushka,21,Female,Hyderabad,BCA,5.6,79,11,58,52,3,No,1,No
4007,Ananya,22,Female,Noida,B.Sc,7.7,89,15,73,74,3,No,0,No
4008,Aditya,19,Male,Pune,B.Tech,7.5,87,14,69,71,3,Yes,1,Yes
4009,Isha,18,Female,Mumbai,B.Tech,6.4,81,10,67,62,1,Yes,0,No
4010,Rahul,22,Male,Chandigarh,B.Tech,5.0,73,9,52,43,1,No,2,No
4011,Diya,22,Female,Bangalore,M.Tech,6.4,83,14,64,58,3,No,0,No
4012,Rahul,18,Male,Hyderabad,B.Tech,4.7,71,8,46,44,2,No,1,No
4013,Arjun,21,Male,Kolkata,B.Sc,6.5,86,13,67,59,2,No,0,No
4014,Rahul,21,Male,Noida,B.Tech,7.7,89,14,74,74,3,Yes,0,Yes
4015,Meera,22,Female,Kolkata,B.Tech,9.1,94,16,81,78,4,Yes,0,Yes
4016,Kabir,19,Male,Jaipur,B.Tech,4.9,74,9,56,51,1,No,3,No
4017,Aadhya,21,Female,Jaipur,B.Sc,6.1,82,10,64,63,4,No,2,No
4018,Arjun,19,Male,Kolkata,B.Sc,5.7,78,12,62,58,2,No,0,Yes
4019,Kabir,25,Male,Chennai,M.Tech,6.9,85,11,71,73,4,No,0,Yes
4020,Aadhya,23,Female,Chennai,MCA,4.2,72,8,53,51,2,No,2,No
4021,Reyansh,19,Male,Kolkata,B.Tech,5.1,78,11,63,53,3,No,4,No
4022,Vivaan,22,Male,Hyderabad,MCA,4.0,70,8,49,45,1,No,4,No
4023,Aadhya,22,Female,Chennai,BCA,4.3,75,7,48,44,1,No,3,No
4024,Dhruv,23,Male,Noida,MCA,5.5,74,10,55,56,2,No,0,No
4025,Krishna,21,Male,Kolkata,B.Tech,9.0,97,15,82,82,4,Yes,0,Yes
4026,Ishaan,21,Male,Solan,MCA,7.0,85,12,65,62,4,Yes,2,No
4027,Meera,22,Female,Bangalore,B.Tech,6.6,83,11,56,58,4,Yes,0,Yes
4028,Priya,18,Female,Solan,B.Tech,8.5,92,14,80,77,4,No,0,Yes
4029,Priya,20,Female,Noida,B.Tech,7.1,81,14,68,64,3,No,1,No
4030,Neha,20,Female,Delhi,B.Tech,7.2,83,14,77,71,4,No,0,Yes
4031,Rohan,19,Male,Shimla,BCA,5.8,82,12,69,62,3,No,1,No
4032,Kabir,21,Male,Gurugram,MCA,5.5,80,10,62,60,3,Yes,2,No
4033,Priya,18,Female,Chennai,B.Sc,4.5,74,10,54,47,2,No,3,No
4034,Vivaan,20,Male,Noida,B.Tech,5.6,82,9,57,48,3,No,1,No
4035,Aarav,18,Male,Delhi,B.Tech,6.1,82,13,64,59,3,Yes,0,Yes
4036,Rahul,21,Male,Ahmedabad,BCA,7.0,86,14,69,67,3,Yes,1,Yes
4037,Vansh,23,Male,Delhi,MCA,6.4,84,12,66,63,2,No,0,No
4038,Ananya,19,Female,Chandigarh,B.Tech,6.0,79,11,59,56,1,No,1,No
4039,Aditya,19,Male,Pune,BCA,5.1,78,11,58,55,2,Yes,1,Yes
4040,Aditya,19,Male,Delhi,B.Tech,7.1,79,14,62,63,3,No,2,No
4041,Aarav,18,Male,Pune,BCA,5.8,79,11,73,66,3,No,1,No
4042,Isha,20,Female,Hyderabad,B.Tech,7.0,84,12,74,63,3,No,0,Yes
4043,Ishaan,19,Male,Gurugram,B.Tech,3.6,74,5,53,44,2,No,1,No
4044,Shaurya,20,Male,Hyderabad,B.Tech,7.0,86,13,64,62,3,No,0,No
4045,Isha,18,Female,Noida,B.Tech,7.6,84,12,65,71,4,Yes,0,Yes
4046,Diya,21,Female,Delhi,B.Tech,7.4,84,14,72,69,3,Yes,0,No
4047,Aarav,21,Male,Kolkata,B.Sc,6.2,86,8,64,58,2,No,0,No
4048,Aarav,21,Male,Solan,B.Tech,7.9,87,15,82,75,2,Yes,0,Yes
4049,Aditya,18,Male,Noida,B.Tech,4.6,76,8,56,53,2,No,3,No
4050,Reyansh,19,Male,Bangalore,B.Tech,6.4,85,11,66,60,1,Yes,0,No
4051,Aarav,21,Male,Ahmedabad,MCA,6.2,81,11,69,61,3,No,2,No
4052,Arjun,20,Male,Kolkata,B.Sc,8.1,88,10,76,77,4,No,0,No
4053,Vansh,21,Male,Chennai,B.Sc,3.5,71,6,47,42,1,No,2,No
4054,Vansh,20,Male,Chandigarh,BCA,4.9,76,8,59,52,2,Yes,2,No
4055,Ananya,18,Female,Chandigarh,B.Tech,9.1,92,15,80,76,4,Yes,0,Yes
4056,Riya,22,Female,Solan,B.Tech,3.0,65,10,45,40,1,No,2,No
4057,Isha,22,Female,Noida,BCA,7.7,86,12,75,74,3,Yes,0,Yes
4058,Shaurya,18,Male,Noida,BCA,5.4,81,10,56,50,3,No,2,No
4059,Aditya,22,Male,Pune,MCA,6.9,85,11,76,71,3,No,0,Yes
4060,Neha,23,Female,Chandigarh,MCA,8.6,94,14,79,77,3,No,0,Yes
4061,Krishna,18,Male,Shimla,BCA,6.9,87,10,63,59,3,Yes,1,No
4062,Shaurya,18,Male,Gurugram,BCA,8.7,92,17,77,75,4,No,0,Yes
4063,Anushka,22,Female,Mumbai,B.Tech,5.8,80,12,57,54,2,Yes,2,No
4064,Meera,21,Female,Kolkata,B.Tech,6.0,80,10,63,55,3,No,2,No
4065,Sanya,24,Female,Hyderabad,M.Tech,7.7,88,15,80,77,5,No,0,No
4066,Aditya,19,Male,Kolkata,B.Tech,5.8,81,9,62,55,3,No,0,Yes
4067,Reyansh,22,Male,Noida,M.Tech,7.4,85,13,77,70,4,No,0,No
4068,Meera,19,Female,Chennai,BCA,8.3,86,16,80,79,4,Yes,0,Yes
4069,Aarav,22,Male,Mumbai,BCA,7.8,87,13,63,64,5,No,1,No
4070,Ananya,18,Female,Solan,B.Tech,4.1,78,6,55,47,2,No,2,No
4071,Tara,19,Female,Delhi,B.Sc,6.0,81,11,60,57,2,No,0,No
4072,Anushka,22,Female,Jaipur,BCA,6.9,84,12,70,64,4,No,1,No
4073,Ishaan,20,Male,Bangalore,BCA,6.1,83,9,63,58,3,No,1,No
4074,Aarav,18,Male,Gurugram,B.Tech,6.6,85,15,78,70,3,Yes,0,Yes
4075,Anushka,20,Female,Hyderabad,B.Tech,6.9,85,11,70,66,4,No,1,No
4076,Diya,21,Female,Hyderabad,BCA,5.7,80,12,63,59,2,No,1,No
4077,Kavya,21,Female,Mumbai,B.Tech,6.2,80,12,67,64,3,No,0,Yes
4078,Dhruv,18,Male,Mumbai,B.Sc,4.7,79,7,49,50,2,No,2,No
4079,Arjun,19,Male,Hyderabad,B.Sc,5.8,79,11,65,55,1,No,2,No
4080,Meera,18,Female,Solan,B.Tech,4.2,79,6,52,49,2,No,1,No
4081,Sanya,19,Female,Pune,B.Sc,6.7,84,12,64,61,3,Yes,0,Yes
4082,Kavya,21,Female,Kolkata,B.Tech,6.2,82,12,67,64,2,No,0,Yes
4083,Dhruv,18,Male,Kolkata,B.Sc,5.1,80,8,52,50,1,Yes,1,No
4084,Diya,18,Female,Ahmedabad,B.Tech,9.2,90,17,86,82,5,No,0,No
4085,Isha,19,Female,Chennai,B.Tech,6.1,83,10,63,64,1,Yes,1,Yes
4086,Diya,21,Female,Bangalore,B.Tech,6.9,84,13,68,67,1,Yes,0,Yes
4087,Ayaan,21,Male,Mumbai,B.Sc,5.5,80,10,51,51,3,Yes,2,No
4088,Vansh,19,Male,Bangalore,B.Tech,5.9,79,10,65,66,3,No,0,Yes
4089,Tara,19,Female,Delhi,B.Tech,7.0,82,10,69,63,2,No,2,No
4090,Aditya,19,Male,Chennai,BCA,6.0,76,12,59,56,2,Yes,0,No
4091,Dhruv,21,Male,Chennai,B.Tech,6.5,81,15,61,61,3,No,0,No
4092,Aadhya,21,Female,Noida,B.Sc,7.7,85,14,76,69,3,No,0,No
4093,Reyansh,18,Male,Mumbai,BCA,5.7,78,9,61,55,3,No,0,No
4094,Priya,24,Female,Ahmedabad,MCA,4.5,75,8,53,51,2,No,2,No
4095,Kabir,20,Male,Chandigarh,B.Tech,4.2,75,9,47,41,1,No,1,No
4096,Tara,20,Female,Solan,B.Tech,8.7,92,18,82,82,3,Yes,0,Yes
4097,Tara,19,Female,Hyderabad,B.Sc,7.9,89,16,76,71,4,Yes,1,No
4098,Reyansh,19,Male,Delhi,B.Sc,7.5,88,14,78,79,3,Yes,0,Yes
4099,Rahul,19,Male,Ahmedabad,B.Tech,5.8,82,11,57,47,3,No,2,No
4100,Vivaan,18,Male,Hyderabad,BCA,4.5,77,8,50,49,3,No,4,No
4101,Ishaan,20,Male,Noida,B.Sc,6.1,82,10,71,65,3,No,0,Yes
4102,Priya,20,Female,Gurugram,B.Tech,6.4,85,11,67,58,3,No,1,No
4103,Isha,21,Female,Noida,B.Sc,4.8,79,8,57,50,2,No,4,No
4104,Ishaan,20,Male,Noida,B.Tech,4.3,71,8,54,42,2,No,2,No
4105,Dhruv,24,Male,Solan,M.Tech,3.9,73,5,56,48,1,No,1,No
4106,Ishaan,18,Male,Solan,BCA,7.5,81,14,65,63,3,Yes,1,No
4107,Riya,19,Female,Shimla,B.Tech,4.7,71,5,61,47,2,No,1,No
4108,Shaurya,19,Male,Chandigarh,BCA,7.0,83,13,68,66,4,No,1,No
4109,Priya,24,Female,Pune,M.Tech,5.9,80,12,63,59,2,No,0,No
4110,Priya,22,Female,Chennai,B.Sc,7.4,85,15,71,75,5,No,0,No
4111,Isha,21,Female,Pune,B.Tech,7.0,79,11,73,71,5,Yes,1,Yes
4112,Dhruv,18,Male,Delhi,BCA,6.2,84,12,68,55,2,No,0,Yes
4113,Meera,20,Female,Pune,BCA,6.7,81,13,65,61,3,No,0,Yes
4114,Aditya,21,Male,Chandigarh,B.Tech,6.3,84,14,61,62,2,Yes,0,No
4115,Krishna,18,Male,Noida,B.Tech,5.6,78,11,58,50,2,No,2,No
4116,Meera,19,Female,Chandigarh,BCA,8.0,87,16,69,67,4,No,0,Yes
4117,Priya,22,Female,Bangalore,BCA,5.9,82,10,66,60,3,No,0,No
4118,Ishaan,22,Male,Bangalore,B.Tech,6.4,81,10,62,58,2,Yes,0,Yes
4119,Krishna,21,Male,Chennai,B.Sc,4.4,76,9,52,51,2,Yes,3,No
4120,Ayaan,20,Male,Noida,BCA,6.9,85,14,73,68,4,Yes,0,Yes
4121,Arjun,21,Male,Shimla,B.Tech,5.6,75,9,61,56,2,No,1,No
4122,Ayaan,22,Male,Solan,B.Tech,5.8,82,9,63,55,4,No,0,No
4123,Shaurya,22,Male,Chandigarh,B.Sc,5.2,75,10,53,47,2,No,3,No
4124,Kabir,19,Male,Chandigarh,B.Sc,6.3,79,11,65,61,2,No,0,Yes
4125,Priya,20,Female,Kolkata,B.Sc,3.5,70,7,42,40,1,No,2,No
4126,Priya,20,Female,Solan,B.Tech,7.5,89,15,75,68,3,No,0,No
4127,Tara,22,Female,Delhi,BCA,6.4,78,13,58,58,2,No,2,No
4128,Dhruv,25,Male,Kolkata,MCA,5.8,82,10,67,61,1,Yes,0,Yes
4129,Sanya,21,Female,Hyderabad,BCA,4.2,76,6,52,45,2,No,4,No
4130,Simran,21,Female,Bangalore,B.Tech,7.1,85,12,69,70,4,Yes,1,Yes
4131,Anika,19,Female,Kolkata,B.Sc,5.5,80,9,61,56,2,Yes,0,Yes
4132,Sanya,22,Female,Gurugram,B.Tech,8.5,89,15,78,76,4,No,0,Yes
4133,Aadhya,21,Female,Chennai,B.Tech,7.2,87,12,71,71,4,No,0,No
4134,Isha,19,Female,Pune,B.Tech,8.8,90,15,85,81,4,No,0,Yes
4135,Vansh,20,Male,Chennai,B.Tech,6.7,79,12,69,64,2,No,1,No
4136,Aadhya,22,Female,Hyderabad,BCA,8.1,88,14,79,72,4,Yes,0,Yes
4137,Meera,18,Female,Hyderabad,B.Tech,7.2,88,13,72,69,3,No,0,Yes
4138,Anushka,25,Female,Pune,MCA,5.8,82,13,61,60,3,No,1,No
4139,Aadhya,21,Female,Solan,BCA,6.8,89,12,74,67,3,Yes,0,No
4140,Vivaan,22,Male,Pune,BCA,5.2,77,8,53,46,2,No,2,No
4141,Kabir,18,Male,Hyderabad,BCA,9.6,93,18,92,92,4,Yes,0,Yes
4142,Meera,22,Female,Shimla,B.Sc,6.3,81,10,67,65,3,Yes,1,Yes
4143,Isha,21,Female,Chennai,BCA,6.5,80,11,69,66,2,Yes,0,No
4144,Neha,20,Female,Chennai,B.Sc,7.1,83,12,71,68,2,Yes,0,Yes
4145,Krishna,24,Male,Bangalore,MCA,4.9,74,7,54,51,3,No,1,No
4146,Aditya,19,Male,Mumbai,B.Sc,8.5,83,14,79,72,5,Yes,0,Yes
4147,Simran,21,Female,Gurugram,BCA,5.0,76,8,50,46,2,No,2,No
4148,Anika,19,Female,Hyderabad,B.Sc,4.6,76,7,51,49,3,No,3,No
4149,Tara,22,Female,Chandigarh,BCA,6.3,84,13,64,61,4,No,1,No
4150,Kabir,19,Male,Mumbai,B.Tech,4.6,74,9,47,47,2,No,3,No
4151,Sanya,22,Female,Noida,B.Tech,8.8,89,17,82,85,3,Yes,0,Yes
4152,Aditya,22,Male,Hyderabad,M.Tech,6.2,85,9,70,60,3,No,0,Yes
4153,Ananya,21,Female,Mumbai,B.Tech,3.0,67,5,40,40,2,No,2,No
4154,Shaurya,21,Male,Pune,MCA,6.8,83,13,66,63,3,No,1,No
4155,Vivaan,22,Male,Solan,B.Tech,7.3,88,16,71,67,4,Yes,0,Yes
4156,Riya,19,Female,Noida,BCA,5.9,79,9,62,65,2,No,0,No
4157,Diya,18,Female,Noida,B.Sc,4.5,71,6,54,43,2,No,4,Yes
4158,Kabir,19,Male,Bangalore,B.Tech,6.3,87,12,65,61,3,No,1,No
4159,Isha,19,Female,Chandigarh,B.Sc,5.8,83,9,66,59,3,No,2,No
4160,Shaurya,19,Male,Hyderabad,B.Sc,5.0,80,12,57,52,1,No,4,No
4161,Kabir,21,Male,Solan,BCA,4.9,77,10,53,43,3,No,2,No
4162,Vansh,19,Male,Solan,BCA,6.7,85,12,68,61,2,Yes,1,Yes
4163,Krishna,18,Male,Chennai,B.Tech,7.9,80,14,66,67,3,No,0,Yes
4164,Kabir,19,Male,Shimla,BCA,7.2,84,13,69,62,4,No,1,No
4165,Aditya,20,Male,Hyderabad,B.Tech,3.9,76,5,49,46,4,No,2,No
4166,Aditya,22,Male,Shimla,B.Tech,7.4,82,13,67,68,3,Yes,0,Yes
4167,Diya,24,Female,Ahmedabad,MCA,7.7,86,13,83,72,5,No,0,Yes
4168,Shaurya,20,Male,Noida,BCA,8.6,91,16,85,80,5,Yes,0,Yes
4169,Diya,20,Female,Jaipur,B.Sc,5.1,75,8,56,53,3,No,2,No
4170,Ayaan,18,Male,Bangalore,BCA,6.4,82,13,67,58,2,No,0,Yes
4171,Sanya,18,Female,Chennai,B.Tech,7.4,87,14,74,66,4,No,0,No
4172,Aditya,21,Male,Mumbai,BCA,5.7,81,10,63,55,2,No,0,No
4173,Dhruv,21,Male,Mumbai,B.Sc,7.3,84,15,76,79,4,No,0,No
4174,Aditya,22,Male,Mumbai,B.Tech,6.5,80,9,68,67,1,No,0,No
4175,Vansh,22,Male,Bangalore,MCA,5.2,79,10,50,46,2,Yes,2,Yes
4176,Aditya,21,Male,Ahmedabad,BCA,5.4,80,10,62,52,2,Yes,2,No
4177,Simran,21,Female,Delhi,B.Tech,8.4,90,15,75,72,4,Yes,0,Yes
4178,Kavya,19,Female,Chandigarh,BCA,5.0,78,8,54,54,2,No,2,No
4179,Anika,22,Female,Delhi,BCA,4.7,77,6,58,57,2,No,0,No
4180,Ananya,18,Female,Shimla,B.Tech,7.0,87,14,62,59,3,Yes,2,No
4181,Dhruv,22,Male,Noida,B.Sc,6.5,84,13,73,67,2,No,0,No
4182,Ayaan,22,Male,Delhi,MCA,4.5,76,11,56,49,1,No,1,No
4183,Arjun,18,Male,Kolkata,B.Sc,5.7,78,13,61,60,2,Yes,0,Yes
4184,Dhruv,21,Male,Chennai,MCA,5.3,83,7,63,53,2,No,2,No
4185,Ayaan,21,Male,Ahmedabad,MCA,5.5,76,10,62,59,3,No,0,No
4186,Simran,25,Female,Chennai,MCA,10.0,94,18,88,84,4,Yes,0,Yes
4187,Dhruv,19,Male,Noida,B.Tech,6.0,79,12,65,63,3,Yes,1,No
4188,Ayaan,22,Male,Bangalore,BCA,5.2,73,12,51,46,2,No,2,No
4189,Simran,22,Female,Gurugram,B.Tech,9.5,94,16,88,85,4,Yes,0,Yes
4190,Simran,20,Female,Jaipur,BCA,7.8,87,13,76,71,2,No,0,Yes
4191,Rahul,24,Male,Gurugram,M.Tech,7.6,87,16,79,80,3,No,0,Yes
4192,Priya,22,Female,Mumbai,B.Tech,5.3,78,7,58,56,1,No,2,No
4193,Anika,20,Female,Gurugram,B.Sc,8.3,91,13,79,75,3,Yes,0,Yes
4194,Arjun,19,Male,Bangalore,B.Sc,7.7,90,15,71,67,2,No,0,No
4195,Shaurya,20,Male,Shimla,B.Tech,6.7,80,15,65,66,4,No,0,No
4196,Reyansh,22,Male,Pune,B.Tech,3.9,79,5,54,40,2,No,2,No
4197,Sanya,19,Female,Jaipur,BCA,6.5,82,12,68,65,4,No,0,No
4198,Sanya,20,Female,Gurugram,B.Tech,9.1,94,17,90,83,3,No,0,No
4199,Ayaan,22,Male,Bangalore,BCA,6.8,84,14,69,72,4,Yes,0,Yes
4200,Aarav,19,Male,Noida,BCA,5.9,81,11,62,66,2,No,0,Yes
4201,Neha,19,Female,Noida,BCA,6.2,83,8,66,61,4,No,0,No
4202,Reyansh,21,Male,Delhi,B.Tech,6.3,86,9,64,59,3,Yes,1,No
4203,Vivaan,22,Male,Jaipur,BCA,5.3,81,12,64,57,4,No,1,No
4204,Meera,21,Female,Chennai,B.Tech,6.4,82,12,62,58,5,No,0,No
4205,Isha,22,Female,Delhi,MCA,8.7,90,14,78,75,4,No,0,Yes
4206,Meera,19,Female,Kolkata,B.Tech,8.5,88,16,73,74,5,Yes,1,Yes
4207,Neha,23,Female,Mumbai,MCA,5.4,81,10,60,57,2,No,2,No
4208,Anika,21,Female,Chennai,B.Sc,8.4,91,11,81,78,5,No,0,Yes
4209,Reyansh,18,Male,Hyderabad,B.Sc,7.6,86,11,79,75,3,No,0,Yes
4210,Sanya,22,Female,Bangalore,B.Tech,7.5,90,14,73,68,4,Yes,0,Yes
4211,Shaurya,21,Male,Jaipur,B.Tech,7.1,88,16,70,64,4,No,1,No
4212,Kavya,19,Female,Solan,BCA,5.1,83,10,48,44,2,No,2,No
4213,Kabir,20,Male,Gurugram,B.Tech,5.9,78,7,62,60,1,No,0,No
4214,Ananya,25,Female,Mumbai,MCA,7.7,87,11,73,71,2,No,0,No
4215,Shaurya,22,Male,Solan,BCA,4.7,76,9,54,49,3,No,3,No
4216,Vivaan,23,Male,Delhi,M.Tech,4.9,85,10,65,57,2,Yes,2,No
4217,Vivaan,19,Male,Jaipur,B.Sc,7.0,85,12,71,67,4,Yes,0,Yes
4218,Dhruv,18,Male,Jaipur,B.Tech,5.3,82,9,58,54,2,No,1,No
4219,Tara,20,Female,Gurugram,B.Sc,7.7,90,15,71,73,3,No,0,No
4220,Anushka,18,Female,Mumbai,B.Tech,5.4,79,11,54,54,2,Yes,2,Yes
4221,Vansh,21,Male,Bangalore,B.Tech,6.9,84,13,66,63,2,No,0,No
4222,Dhruv,22,Male,Chennai,B.Tech,7.0,86,11,71,66,3,No,0,Yes
4223,Vivaan,22,Male,Jaipur,MCA,5.8,84,12,54,56,2,No,0,Yes
4224,Reyansh,18,Male,Hyderabad,BCA,6.1,81,10,62,60,3,No,0,Yes
4225,Shaurya,19,Male,Noida,B.Sc,5.5,78,9,62,56,2,No,2,No
4226,Priya,21,Female,Jaipur,B.Tech,6.5,86,11,63,57,4,No,2,No
4227,Reyansh,18,Male,Ahmedabad,BCA,5.1,74,9,54,55,2,No,0,No
4228,Arjun,19,Male,Gurugram,BCA,6.2,82,12,60,54,3,No,3,No
4229,Dhruv,19,Male,Gurugram,B.Tech,7.6,90,11,63,65,4,Yes,0,Yes
4230,Shaurya,21,Male,Pune,B.Tech,4.8,78,8,52,53,2,Yes,3,No
4231,Aarav,20,Male,Chandigarh,BCA,5.8,79,10,56,53,3,No,1,No
4232,Sanya,21,Female,Noida,B.Sc,7.3,83,15,73,69,3,No,0,Yes
4233,Vivaan,18,Male,Gurugram,B.Tech,3.4,75,5,49,44,1,No,2,No
4234,Krishna,21,Male,Ahmedabad,M.Tech,9.3,92,16,79,76,4,Yes,0,Yes
4235,Kabir,22,Male,Gurugram,B.Tech,8.1,86,16,80,71,4,No,0,Yes
4236,Vivaan,19,Male,Chennai,BCA,4.2,78,8,55,47,1,No,2,No
4237,Aditya,18,Male,Shimla,B.Tech,3.3,74,8,45,40,1,No,1,No
4238,Aadhya,20,Female,Delhi,B.Tech,6.5,80,11,66,63,3,Yes,1,No
4239,Ananya,23,Female,Kolkata,M.Tech,4.8,84,11,54,53,2,No,2,No
4240,Diya,24,Female,Gurugram,MCA,7.9,86,17,64,63,4,Yes,0,Yes
4241,Dhruv,18,Male,Hyderabad,B.Sc,7.1,87,13,71,67,4,Yes,0,Yes
4242,Ayaan,21,Male,Hyderabad,MCA,6.7,89,13,64,66,3,No,0,No
4243,Isha,25,Female,Mumbai,MCA,5.6,82,11,60,55,1,No,1,No
4244,Meera,22,Female,Hyderabad,B.Sc,8.9,92,17,83,87,5,Yes,0,Yes
4245,Priya,25,Female,Pune,MCA,7.6,82,14,63,64,5,No,0,Yes
4246,Rahul,18,Male,Jaipur,BCA,7.4,92,15,75,69,5,Yes,0,Yes
4247,Ayaan,21,Male,Gurugram,BCA,8.3,92,16,82,78,4,Yes,0,Yes
4248,Vivaan,21,Male,Shimla,B.Sc,5.0,73,11,46,46,2,Yes,2,No
4249,Tara,21,Female,Chennai,B.Tech,8.4,94,13,82,77,5,Yes,0,Yes
4250,Riya,24,Female,Chennai,MCA,6.1,82,11,71,65,3,No,0,Yes
4251,Simran,20,Female,Hyderabad,B.Tech,7.0,84,14,68,65,4,Yes,0,Yes
4252,Ishaan,21,Male,Delhi,MCA,6.3,80,10,66,65,2,No,0,No
4253,Anushka,19,Female,Solan,B.Tech,3.7,73,7,44,41,2,No,2,No
4254,Aarav,18,Male,Hyderabad,B.Tech,7.9,90,15,79,75,4,No,0,Yes
4255,Aarav,21,Male,Hyderabad,B.Tech,3.8,72,9,50,42,3,No,3,No
4256,Aarav,23,Male,Bangalore,MCA,5.1,78,9,58,55,3,Yes,0,Yes
4257,Ananya,20,Female,Pune,B.Tech,5.8,90,11,66,60,3,No,0,No
4258,Aarav,18,Male,Delhi,B.Sc,3.6,74,6,49,41,3,No,1,No
4259,Kabir,19,Male,Noida,B.Sc,4.8,80,8,56,48,2,No,4,No
4260,Kavya,21,Female,Shimla,B.Tech,6.9,81,15,63,64,4,No,0,No
4261,Reyansh,23,Male,Ahmedabad,M.Tech,6.0,77,11,60,56,3,No,2,No
4262,Ishaan,21,Male,Solan,B.Tech,6.1,86,10,65,59,3,No,1,No
4263,Kabir,21,Male,Solan,B.Sc,5.1,81,9,53,51,5,No,2,No
4264,Shaurya,21,Male,Pune,BCA,6.6,88,11,68,67,1,No,0,Yes
4265,Isha,22,Female,Shimla,B.Tech,6.0,81,10,62,60,2,No,1,No
4266,Aditya,21,Male,Hyderabad,B.Tech,4.0,78,6,49,46,3,No,2,No
4267,Dhruv,21,Male,Pune,B.Sc,6.2,74,10,62,61,4,Yes,0,Yes
4268,Anushka,22,Female,Jaipur,MCA,4.6,78,6,57,50,2,No,3,No
4269,Riya,19,Female,Mumbai,B.Tech,7.8,90,14,72,72,4,Yes,0,Yes
4270,Simran,22,Female,Gurugram,B.Tech,5.9,79,9,62,63,2,No,2,No
4271,Aarav,25,Male,Delhi,M.Tech,10.0,98,20,93,90,5,No,0,Yes
4272,Aarav,21,Male,Noida,B.Tech,8.0,87,14,71,67,5,No,0,No
4273,Isha,20,Female,Hyderabad,BCA,6.3,82,12,58,49,4,No,2,No
4274,Isha,20,Female,Hyderabad,BCA,7.4,85,14,67,72,2,No,0,Yes
4275,Priya,18,Female,Delhi,B.Tech,3.4,77,5,50,48,2,Yes,2,No
4276,Neha,20,Female,Noida,B.Sc,7.9,86,14,72,68,4,Yes,0,Yes
4277,Kavya,23,Female,Delhi,M.Tech,5.3,77,12,52,54,4,No,2,No
4278,Arjun,19,Male,Kolkata,BCA,6.6,81,11,70,68,3,Yes,0,Yes
4279,Krishna,18,Male,Shimla,B.Sc,5.4,78,13,53,53,2,No,1,No
4280,Diya,18,Female,Kolkata,B.Sc,5.6,80,11,59,57,3,No,0,Yes
4281,Vivaan,19,Male,Pune,BCA,6.2,84,12,68,60,1,No,1,No
4282,Rohan,20,Male,Pune,B.Tech,6.6,81,12,68,64,4,Yes,2,Yes
4283,Riya,20,Female,Noida,B.Sc,6.5,84,13,68,65,3,No,0,No
4284,Simran,18,Female,Mumbai,BCA,6.5,85,13,64,61,3,No,0,Yes
4285,Reyansh,20,Male,Mumbai,B.Tech,4.1,72,7,52,45,2,No,4,No
4286,Aarav,21,Male,Ahmedabad,M.Tech,10.0,95,17,88,92,4,Yes,0,Yes
4287,Rahul,20,Male,Solan,B.Sc,6.8,84,10,69,68,4,Yes,0,Yes
4288,Tara,24,Female,Hyderabad,M.Tech,7.2,85,14,75,73,3,Yes,0,No
4289,Aadhya,19,Female,Delhi,B.Tech,6.0,79,11,57,58,3,Yes,0,Yes
4290,Rohan,25,Male,Pune,MCA,5.2,78,8,59,54,3,No,2,No
4291,Kabir,21,Male,Chennai,B.Sc,6.7,84,11,68,68,3,Yes,0,Yes
4292,Isha,23,Female,Pune,M.Tech,6.9,90,12,74,65,2,No,0,Yes
4293,Krishna,25,Male,Chennai,M.Tech,8.5,90,14,86,82,2,Yes,0,Yes
4294,Tara,24,Female,Jaipur,M.Tech,9.6,98,17,94,92,5,Yes,0,Yes
4295,Simran,22,Female,Pune,M.Tech,8.7,95,13,85,83,3,No,0,Yes
4296,Ayaan,22,Male,Jaipur,B.Tech,3.9,70,6,45,42,3,No,3,No
4297,Anushka,22,Female,Chandigarh,B.Sc,5.8,79,9,59,58,2,No,1,No
4298,Vivaan,19,Male,Chandigarh,B.Tech,7.0,89,13,73,73,4,No,1,No
4299,Krishna,21,Male,Jaipur,B.Sc,5.9,81,9,57,52,3,No,2,No
4300,Kavya,25,Female,Kolkata,M.Tech,6.4,82,11,64,62,4,Yes,0,No
4301,Rahul,19,Male,Hyderabad,B.Tech,3.3,74,9,43,40,2,No,2,No
4302,Aadhya,21,Female,Shimla,BCA,7.9,91,16,71,73,4,Yes,0,Yes
4303,Aadhya,20,Female,Jaipur,B.Sc,3.7,73,8,49,45,1,No,3,No
4304,Ishaan,18,Male,Delhi,B.Tech,4.1,74,9,53,43,2,No,2,No
4305,Ayaan,20,Male,Mumbai,B.Tech,5.0,70,10,55,50,3,No,2,No
4306,Aditya,20,Male,Noida,B.Tech,6.4,83,9,66,57,3,No,2,No
4307,Rohan,18,Male,Hyderabad,B.Tech,4.1,73,5,48,46,3,No,1,No
4308,Rohan,20,Male,Hyderabad,B.Sc,4.9,74,5,52,47,3,No,2,No
4309,Rohan,20,Male,Hyderabad,BCA,8.2,88,15,80,73,5,Yes,0,Yes
4310,Ishaan,19,Male,Kolkata,B.Tech,6.3,81,10,62,58,3,No,0,Yes
4311,Isha,22,Female,Mumbai,M.Tech,7.2,86,12,68,68,4,Yes,0,Yes
4312,Neha,21,Female,Mumbai,B.Sc,4.6,75,8,55,50,2,No,1,No
4313,Diya,22,Female,Jaipur,BCA,6.4,84,11,62,58,5,No,1,No
4314,Vivaan,21,Male,Solan,B.Tech,6.3,83,11,65,61,3,No,0,Yes
4315,Dhruv,19,Male,Solan,B.Sc,5.3,82,9,57,52,2,No,4,No
4316,Anika,19,Female,Chennai,BCA,6.4,81,11,62,57,2,Yes,0,No
4317,Ishaan,18,Male,Bangalore,B.Sc,3.7,78,5,49,40,1,No,2,No
4318,Shaurya,18,Male,Jaipur,B.Sc,7.2,88,13,74,70,3,No,0,Yes
4319,Diya,19,Female,Jaipur,B.Tech,5.9,85,14,64,61,4,Yes,1,No
4320,Anushka,23,Female,Kolkata,MCA,6.1,82,11,64,60,4,Yes,0,No
4321,Tara,21,Female,Hyderabad,BCA,7.8,86,17,76,79,3,Yes,0,Yes
4322,Rahul,19,Male,Chennai,BCA,7.1,83,12,71,66,4,Yes,0,Yes
4323,Anika,22,Female,Chandigarh,M.Tech,6.0,86,10,64,59,3,No,2,No
4324,Kavya,18,Female,Kolkata,BCA,4.8,80,9,58,53,3,No,2,No
4325,Ananya,21,Female,Gurugram,B.Sc,8.5,87,15,77,77,5,No,0,No
4326,Tara,21,Female,Chennai,B.Sc,4.5,79,10,56,49,2,No,2,No
4327,Anushka,22,Female,Chandigarh,B.Tech,7.4,83,10,74,70,3,No,1,Yes
4328,Krishna,22,Male,Delhi,M.Tech,4.1,75,7,53,46,2,No,3,No
4329,Rahul,22,Male,Ahmedabad,BCA,7.9,90,17,71,72,3,Yes,0,Yes
4330,Tara,18,Female,Chennai,BCA,8.0,92,14,75,71,4,No,0,No
4331,Simran,25,Female,Solan,MCA,3.6,73,8,50,40,2,No,3,No
4332,Ananya,20,Female,Pune,BCA,7.2,85,14,61,61,4,Yes,1,No
4333,Dhruv,19,Male,Chandigarh,B.Sc,7.0,85,12,70,72,4,No,0,Yes
4334,Shaurya,22,Male,Kolkata,MCA,7.6,90,14,75,74,4,No,0,Yes
4335,Neha,21,Female,Delhi,B.Tech,7.0,87,12,81,68,4,Yes,0,Yes
4336,Simran,22,Female,Bangalore,B.Tech,5.1,78,6,58,55,4,No,0,No
4337,Diya,21,Female,Ahmedabad,B.Tech,6.2,76,12,61,59,3,No,0,Yes
4338,Riya,25,Female,Ahmedabad,MCA,9.0,84,15,83,80,5,No,0,Yes
4339,Anika,22,Female,Bangalore,B.Tech,4.8,77,7,53,45,1,No,3,No
4340,Isha,18,Female,Gurugram,B.Tech,7.0,81,13,68,63,3,No,2,No
4341,Anika,22,Female,Noida,B.Tech,8.2,87,15,76,73,4,No,0,No
4342,Anika,21,Female,Jaipur,B.Tech,5.0,77,10,58,58,4,Yes,0,No
4343,Aadhya,22,Female,Noida,B.Sc,4.4,82,8,51,48,1,No,3,No
4344,Ayaan,25,Male,Chandigarh,M.Tech,4.6,76,10,57,48,3,No,1,No
4345,Aarav,19,Male,Ahmedabad,B.Tech,7.1,87,13,68,64,4,No,0,No
4346,Anika,19,Female,Solan,BCA,4.6,78,9,62,53,3,Yes,2,No
4347,Vivaan,19,Male,Chennai,B.Sc,6.3,75,12,55,54,2,Yes,4,Yes
4348,Vivaan,20,Male,Hyderabad,BCA,8.6,89,13,76,76,4,Yes,0,Yes
4349,Aditya,22,Male,Chennai,M.Tech,6.4,79,12,55,55,4,No,0,No
4350,Vivaan,20,Male,Solan,BCA,5.3,84,10,72,62,1,Yes,1,No
4351,Arjun,20,Male,Jaipur,B.Tech,6.7,78,12,60,53,4,No,3,No
4352,Rohan,24,Male,Pune,M.Tech,6.4,81,12,67,65,2,No,0,No
4353,Riya,19,Female,Chandigarh,BCA,7.2,84,17,73,67,5,Yes,0,No
4354,Aarav,22,Male,Pune,B.Tech,8.9,88,13,76,79,5,Yes,0,Yes
4355,Vivaan,18,Male,Hyderabad,B.Tech,7.1,85,13,73,75,4,No,0,Yes
4356,Vivaan,25,Male,Jaipur,M.Tech,9.6,93,18,81,78,4,No,0,Yes
4357,Simran,19,Female,Solan,B.Sc,7.2,86,11,67,66,3,No,0,No
4358,Shaurya,22,Male,Chennai,BCA,5.3,80,10,52,48,2,No,3,No
4359,Anika,22,Female,Solan,MCA,9.9,95,18,90,90,4,No,0,No
4360,Anushka,19,Female,Gurugram,BCA,6.3,83,9,57,50,3,No,1,No
4361,Diya,22,Female,Gurugram,B.Tech,4.9,80,8,58,51,1,No,1,No
4362,Kabir,20,Male,Chennai,B.Sc,10.0,90,20,86,84,5,Yes,0,Yes
4363,Kavya,21,Female,Delhi,B.Sc,5.4,81,7,66,63,2,Yes,0,No
4364,Ayaan,21,Male,Noida,BCA,5.3,75,9,57,58,2,No,1,No
4365,Aadhya,21,Female,Jaipur,B.Tech,5.7,78,10,63,57,1,No,2,No
4366,Kavya,21,Female,Noida,B.Tech,6.7,84,12,69,61,3,No,1,No
4367,Dhruv,18,Male,Bangalore,B.Sc,7.9,89,14,75,70,5,Yes,1,No
4368,Ayaan,22,Male,Bangalore,MCA,3.0,72,6,48,40,1,No,4,No
4369,Vansh,18,Male,Solan,B.Sc,7.9,85,14,75,68,5,Yes,0,Yes
4370,Tara,24,Female,Solan,MCA,5.7,85,11,66,61,3,No,0,No
4371,Krishna,21,Male,Gurugram,B.Sc,5.9,79,12,57,54,3,No,3,No
4372,Priya,25,Female,Chandigarh,MCA,9.1,90,17,84,83,5,No,0,Yes
4373,Shaurya,21,Male,Ahmedabad,B.Tech,6.8,80,13,69,66,2,No,1,No
4374,Diya,19,Female,Chandigarh,BCA,7.2,81,11,64,68,3,Yes,1,No
4375,Anika,21,Female,Mumbai,BCA,6.4,78,12,63,62,3,No,1,Yes
4376,Isha,21,Female,Kolkata,B.Tech,7.6,88,15,66,67,4,No,1,No
4377,Isha,18,Female,Jaipur,B.Sc,8.9,93,14,75,77,3,No,0,Yes
4378,Aditya,22,Male,Chennai,MCA,3.0,68,5,42,40,2,No,3,No
4379,Reyansh,20,Male,Chandigarh,BCA,8.1,85,17,82,78,2,No,0,Yes
4380,Sanya,25,Female,Solan,M.Tech,8.8,90,14,88,85,4,No,0,Yes
4381,Krishna,20,Male,Hyderabad,BCA,7.3,86,13,70,67,3,Yes,0,No
4382,Shaurya,18,Male,Solan,BCA,5.5,80,9,56,58,3,No,0,Yes
4383,Dhruv,21,Male,Jaipur,B.Sc,4.8,74,11,57,47,2,No,3,No
4384,Ishaan,22,Male,Bangalore,B.Tech,10.0,94,18,80,81,4,No,0,Yes
4385,Vivaan,19,Male,Pune,BCA,5.1,83,10,57,50,4,Yes,3,No
4386,Diya,22,Female,Solan,BCA,8.8,87,16,76,76,5,Yes,0,Yes
4387,Vansh,21,Male,Ahmedabad,M.Tech,7.1,85,16,69,64,2,No,0,No
4388,Ananya,21,Female,Delhi,B.Sc,9.6,95,16,92,85,4,No,0,No
4389,Shaurya,18,Male,Jaipur,B.Tech,6.0,78,11,51,51,3,No,2,No
4390,Anushka,19,Female,Shimla,B.Tech,4.1,76,9,52,49,2,No,4,No
4391,Dhruv,23,Male,Solan,M.Tech,6.5,79,14,65,64,3,No,0,No
4392,Meera,21,Female,Delhi,BCA,4.3,77,7,52,44,3,No,1,No
4393,Diya,24,Female,Chandigarh,M.Tech,10.0,95,15,89,87,5,Yes,0,Yes
4394,Arjun,18,Male,Mumbai,BCA,7.4,82,13,72,67,3,Yes,0,Yes
4395,Meera,18,Female,Ahmedabad,B.Sc,7.7,89,16,75,68,4,Yes,0,No
4396,Isha,18,Female,Mumbai,B.Sc,7.7,84,13,64,67,3,No,0,Yes
4397,Neha,21,Female,Noida,B.Tech,5.5,79,10,56,49,2,No,3,No
4398,Diya,18,Female,Delhi,B.Sc,6.3,84,11,71,67,2,Yes,1,No
4399,Ayaan,22,Male,Bangalore,BCA,6.7,81,12,61,66,2,No,0,Yes
4400,Isha,22,Female,Jaipur,B.Sc,9.4,91,19,84,84,4,Yes,0,Yes
4401,Shaurya,25,Male,Chandigarh,MCA,4.8,80,9,53,50,1,No,1,No
4402,Arjun,21,Male,Delhi,B.Tech,5.4,73,13,59,56,1,No,0,No
4403,Tara,18,Female,Gurugram,B.Sc,6.0,85,12,63,57,3,No,1,Yes
4404,Krishna,19,Male,Hyderabad,B.Tech,5.5,75,10,60,56,2,No,1,No
4405,Diya,18,Female,Mumbai,B.Tech,4.3,73,8,52,47,1,No,2,No
4406,Diya,21,Female,Chandigarh,B.Sc,3.0,71,6,42,40,3,No,3,No
4407,Anushka,22,Female,Bangalore,B.Tech,3.8,75,5,40,40,1,No,3,No
4408,Simran,21,Female,Gurugram,BCA,8.1,89,13,73,69,3,No,0,Yes
4409,Aarav,18,Male,Chandigarh,B.Tech,6.5,83,13,61,57,2,Yes,1,Yes
4410,Kabir,21,Male,Kolkata,B.Tech,7.8,86,15,69,70,4,No,0,Yes
4411,Krishna,19,Male,Ahmedabad,B.Tech,5.6,84,8,64,54,4,No,1,No
4412,Rahul,21,Male,Delhi,B.Tech,6.4,85,13,74,72,2,Yes,0,Yes
4413,Vivaan,23,Male,Pune,MCA,8.9,95,16,73,80,5,No,0,Yes
4414,Ishaan,21,Male,Hyderabad,B.Sc,8.8,90,15,74,78,4,Yes,0,Yes
4415,Tara,21,Female,Jaipur,M.Tech,7.9,81,14,73,70,3,No,0,Yes
4416,Sanya,20,Female,Kolkata,B.Tech,6.8,87,14,68,58,3,No,0,No
4417,Aarav,22,Male,Jaipur,B.Sc,7.3,87,14,73,72,2,Yes,1,No
4418,Diya,18,Female,Solan,B.Sc,7.1,85,13,69,64,3,Yes,1,No
4419,Ayaan,19,Male,Delhi,B.Tech,6.2,80,12,68,65,2,Yes,0,No
4420,Aarav,21,Male,Delhi,B.Sc,5.9,80,9,64,61,2,No,0,Yes
4421,Priya,21,Female,Gurugram,B.Sc,8.2,87,16,79,75,4,Yes,0,Yes
4422,Ananya,18,Female,Jaipur,BCA,4.6,76,8,57,47,3,No,2,No
4423,Ananya,21,Female,Pune,B.Sc,8.7,87,19,74,75,4,No,0,Yes
4424,Reyansh,21,Male,Solan,BCA,6.1,84,10,66,56,2,Yes,1,No
4425,Isha,22,Female,Hyderabad,B.Tech,4.5,82,11,58,51,2,No,1,No
4426,Meera,21,Female,Chandigarh,BCA,5.7,78,10,58,56,1,No,0,No
4427,Anushka,24,Female,Kolkata,MCA,5.2,73,9,54,49,3,Yes,1,Yes
4428,Priya,22,Female,Shimla,BCA,5.6,79,10,58,50,2,No,3,No
4429,Tara,21,Female,Gurugram,BCA,5.6,81,8,57,59,4,No,1,No
4430,Ananya,22,Female,Bangalore,B.Sc,5.5,81,12,54,50,3,No,4,No
4431,Neha,19,Female,Chennai,B.Sc,6.0,86,11,73,64,3,No,1,No
4432,Riya,21,Female,Shimla,B.Sc,6.4,85,12,70,68,3,No,0,Yes
4433,Diya,18,Female,Kolkata,B.Tech,7.6,81,16,71,67,3,Yes,0,Yes
4434,Kabir,20,Male,Shimla,B.Sc,6.1,78,11,56,53,2,No,2,No
4435,Aadhya,19,Female,Gurugram,BCA,7.0,86,12,72,74,3,Yes,0,Yes
4436,Rahul,21,Male,Jaipur,BCA,6.5,81,12,63,58,3,No,0,Yes
4437,Reyansh,18,Male,Chennai,BCA,7.3,90,11,72,72,4,No,0,No
4438,Tara,20,Female,Ahmedabad,B.Sc,6.6,80,9,74,68,4,No,1,No
4439,Aadhya,25,Female,Ahmedabad,MCA,5.5,82,8,68,60,3,No,1,Yes
4440,Simran,21,Female,Chandigarh,B.Sc,5.1,76,11,46,44,3,No,2,Yes
4441,Vivaan,22,Male,Jaipur,BCA,6.8,85,12,69,65,2,Yes,0,No
4442,Isha,19,Female,Chennai,BCA,8.4,87,16,77,81,4,No,0,Yes
4443,Krishna,20,Male,Chandigarh,B.Tech,6.2,83,11,66,64,3,No,0,Yes
4444,Sanya,23,Female,Gurugram,M.Tech,5.4,82,7,58,50,1,No,2,No
4445,Neha,22,Female,Chennai,BCA,6.1,82,12,63,56,3,Yes,1,No
4446,Diya,22,Female,Solan,BCA,5.7,86,9,59,56,3,No,0,No
4447,Aadhya,19,Female,Delhi,B.Sc,5.5,77,11,62,58,1,Yes,0,Yes
4448,Tara,18,Female,Bangalore,B.Tech,4.3,75,9,56,51,2,No,2,No
4449,Simran,24,Female,Chennai,MCA,6.1,84,11,71,64,2,Yes,1,Yes
4450,Vansh,18,Male,Mumbai,B.Sc,6.9,81,13,64,60,3,No,0,No
4451,Rohan,20,Male,Ahmedabad,B.Sc,4.9,77,7,56,48,3,No,2,No
4452,Diya,21,Female,Chandigarh,B.Tech,5.2,80,14,66,51,3,No,2,No
4453,Riya,19,Female,Chennai,BCA,5.1,81,10,55,56,3,Yes,2,No
4454,Aditya,18,Male,Delhi,B.Tech,4.4,79,9,50,40,3,No,2,No
4455,Tara,18,Female,Chennai,BCA,5.1,75,11,57,51,2,No,3,No
4456,Kabir,21,Male,Bangalore,B.Sc,6.2,83,11,69,58,1,No,0,Yes
4457,Aditya,19,Male,Solan,B.Tech,4.5,72,8,49,43,3,No,2,No
4458,Diya,19,Female,Hyderabad,B.Sc,6.3,80,13,71,66,2,Yes,0,No
4459,Anushka,18,Female,Mumbai,BCA,5.4,78,9,55,45,3,No,4,No
4460,Aadhya,21,Female,Chennai,MCA,5.1,81,10,61,56,1,Yes,1,Yes
4461,Arjun,22,Male,Jaipur,BCA,7.1,86,13,67,68,3,No,0,No
4462,Shaurya,21,Male,Kolkata,B.Tech,5.5,79,9,57,52,3,No,2,No
4463,Neha,19,Female,Gurugram,B.Tech,5.8,82,11,65,68,2,Yes,0,Yes
4464,Simran,23,Female,Gurugram,MCA,8.4,91,13,78,69,2,No,1,No
4465,Vivaan,21,Male,Chandigarh,BCA,5.1,79,11,51,43,1,No,2,No
4466,Neha,22,Female,Ahmedabad,BCA,8.8,89,18,76,75,5,No,0,Yes
4467,Vivaan,21,Male,Bangalore,B.Tech,6.0,78,12,64,59,2,No,1,No
4468,Simran,18,Female,Bangalore,BCA,4.8,76,11,56,51,2,No,1,No
4469,Ananya,24,Female,Gurugram,MCA,5.7,78,9,63,61,2,No,1,No
4470,Dhruv,21,Male,Hyderabad,B.Sc,6.6,85,12,65,58,2,Yes,1,No
4471,Vansh,21,Male,Bangalore,B.Tech,8.4,94,15,75,70,4,Yes,0,Yes
4472,Riya,20,Female,Jaipur,BCA,7.7,89,14,71,67,4,Yes,0,Yes
4473,Tara,22,Female,Ahmedabad,B.Tech,6.6,78,11,61,63,2,No,1,No
4474,Neha,24,Female,Solan,M.Tech,8.4,88,14,77,78,2,No,0,Yes
4475,Isha,21,Female,Hyderabad,BCA,3.7,73,9,43,40,2,No,2,No
4476,Simran,20,Female,Hyderabad,B.Sc,6.9,80,11,71,65,3,No,1,No
4477,Meera,19,Female,Noida,B.Sc,7.0,85,15,71,67,3,No,0,No
4478,Diya,24,Female,Jaipur,MCA,7.0,86,13,66,65,3,No,0,Yes
4479,Aarav,24,Male,Ahmedabad,M.Tech,4.1,79,8,51,45,1,Yes,3,Yes
4480,Ayaan,19,Male,Chandigarh,B.Tech,5.0,83,10,55,46,2,No,1,No
4481,Rohan,24,Male,Pune,M.Tech,6.3,78,14,62,55,3,Yes,1,No
4482,Sanya,24,Female,Delhi,MCA,8.2,88,11,73,72,4,No,0,Yes
4483,Reyansh,21,Male,Shimla,BCA,9.4,93,17,93,91,4,No,0,Yes
4484,Riya,25,Female,Solan,MCA,5.5,77,10,52,47,3,No,2,Yes
4485,Kavya,18,Female,Pune,B.Sc,4.5,76,8,48,46,2,No,4,No
4486,Ananya,22,Female,Gurugram,B.Sc,7.7,87,15,72,65,4,Yes,0,Yes
4487,Kabir,19,Male,Bangalore,B.Tech,10.0,97,17,89,89,4,Yes,0,Yes
4488,Rahul,22,Male,Noida,B.Sc,8.2,93,13,79,74,2,Yes,0,Yes
4489,Rohan,22,Male,Bangalore,B.Tech,5.4,79,8,62,50,2,No,2,No
4490,Shaurya,23,Male,Noida,MCA,10.0,94,17,89,87,4,Yes,0,Yes
4491,Krishna,22,Male,Mumbai,M.Tech,7.5,83,15,67,63,3,Yes,1,No
4492,Priya,19,Female,Chennai,B.Sc,5.3,85,10,65,57,2,No,0,No
4493,Neha,19,Female,Mumbai,BCA,9.4,96,18,88,87,4,Yes,0,Yes
4494,Anika,22,Female,Mumbai,B.Sc,5.2,79,9,63,57,3,No,0,Yes
4495,Kavya,19,Female,Hyderabad,B.Tech,5.6,79,9,60,50,2,No,2,No
4496,Arjun,20,Male,Noida,B.Sc,7.6,91,16,79,76,3,Yes,0,Yes
4497,Riya,21,Female,Ahmedabad,B.Sc,6.5,82,13,54,56,4,No,0,No
4498,Priya,22,Female,Jaipur,B.Tech,6.6,78,13,62,59,2,Yes,0,No
4499,Krishna,21,Male,Pune,B.Tech,6.6,84,9,63,57,3,No,1,No
4500,Riya,21,Female,Delhi,B.Sc,8.2,85,18,78,74,2,Yes,1,No
4501,Aditya,22,Male,Kolkata,BCA,3.0,71,5,40,40,1,No,2,No
4502,Anushka,25,Female,Chennai,MCA,6.9,88,13,74,70,3,No,0,Yes
4503,Aadhya,19,Female,Chennai,B.Tech,6.1,76,12,64,63,1,No,1,No
4504,Ayaan,20,Male,Jaipur,B.Tech,5.4,76,10,55,49,3,No,2,No
4505,Ananya,22,Female,Noida,B.Sc,5.4,81,9,60,53,2,No,4,No
4506,Anika,21,Female,Kolkata,B.Sc,3.0,69,6,42,40,2,No,3,No
4507,Neha,22,Female,Shimla,BCA,5.3,80,10,59,52,3,No,2,No
4508,Vivaan,20,Male,Solan,B.Sc,8.4,91,16,81,82,3,Yes,0,Yes
4509,Ananya,18,Female,Chennai,BCA,7.7,90,16,73,69,3,Yes,0,Yes
4510,Rahul,21,Male,Solan,B.Sc,6.2,80,10,56,53,4,Yes,2,No
4511,Shaurya,18,Male,Chennai,B.Tech,4.4,68,7,52,47,2,No,2,No
4512,Ishaan,18,Male,Kolkata,BCA,7.7,88,15,78,72,2,No,0,Yes
4513,Anushka,20,Female,Jaipur,B.Tech,8.5,85,13,70,72,3,No,1,No
4514,Neha,22,Female,Noida,B.Tech,8.1,91,15,77,73,3,Yes,0,Yes
4515,Meera,18,Female,Hyderabad,B.Tech,5.0,77,8,52,49,3,No,4,No
4516,Anika,19,Female,Bangalore,B.Tech,5.2,77,10,61,54,2,No,2,No
4517,Ishaan,25,Male,Chennai,M.Tech,9.0,94,15,87,80,3,No,0,Yes
4518,Arjun,21,Male,Hyderabad,B.Tech,4.7,71,8,49,49,2,No,3,No
4519,Krishna,22,Male,Chennai,B.Tech,7.2,85,13,65,70,4,Yes,0,Yes
4520,Vansh,23,Male,Hyderabad,MCA,3.8,75,7,50,45,2,No,4,No
4521,Rohan,20,Male,Delhi,BCA,6.0,82,12,58,51,1,No,3,No
4522,Arjun,21,Male,Pune,BCA,7.4,84,15,74,70,4,No,0,Yes
4523,Aarav,21,Male,Kolkata,BCA,6.5,81,12,64,62,3,No,2,No
4524,Dhruv,21,Male,Ahmedabad,BCA,7.3,90,11,79,68,3,Yes,0,No
4525,Vivaan,20,Male,Shimla,B.Tech,4.7,79,12,62,52,3,No,1,No
4526,Aarav,22,Male,Shimla,B.Tech,5.3,77,9,64,53,3,No,1,No
4527,Tara,21,Female,Solan,MCA,7.2,89,13,73,66,3,Yes,0,No
4528,Diya,18,Female,Jaipur,B.Tech,7.5,89,14,69,69,4,No,0,Yes
4529,Anushka,19,Female,Chennai,B.Tech,6.8,85,13,62,61,2,Yes,0,No
4530,Vansh,20,Male,Solan,BCA,7.9,89,13,77,71,3,No,1,Yes
4531,Krishna,21,Male,Shimla,B.Tech,4.0,71,8,51,44,1,No,2,No
4532,Tara,22,Female,Jaipur,BCA,5.8,85,13,64,58,3,No,2,No
4533,Ishaan,23,Male,Chennai,MCA,9.2,95,14,79,82,5,Yes,0,Yes
4534,Rohan,22,Male,Solan,MCA,8.4,90,15,75,68,4,Yes,1,No
4535,Dhruv,18,Male,Jaipur,B.Sc,7.5,87,12,73,68,5,No,0,No
4536,Aditya,22,Male,Delhi,B.Tech,6.3,82,13,62,64,4,No,2,No
4537,Arjun,21,Male,Chandigarh,M.Tech,8.1,87,16,72,68,3,Yes,0,Yes
4538,Aditya,22,Male,Pune,BCA,7.1,86,13,66,61,4,No,0,No
4539,Ananya,21,Female,Ahmedabad,B.Tech,4.2,72,8,49,43,1,No,1,No
4540,Rahul,22,Male,Delhi,BCA,8.0,88,13,74,76,4,Yes,0,Yes
4541,Aditya,21,Male,Chennai,B.Sc,5.2,78,6,54,52,4,No,2,No
4542,Anushka,20,Female,Solan,B.Tech,7.6,88,13,73,67,4,No,0,Yes
4543,Krishna,18,Male,Bangalore,B.Sc,4.1,77,7,52,45,1,No,1,No
4544,Dhruv,25,Male,Gurugram,MCA,8.9,92,16,83,80,4,Yes,0,Yes
4545,Meera,22,Female,Ahmedabad,B.Tech,6.1,83,6,60,59,2,No,1,Yes
4546,Dhruv,19,Male,Noida,B.Sc,4.8,71,6,51,47,3,No,1,No
4547,Krishna,18,Male,Delhi,BCA,5.5,81,8,60,56,2,No,1,No
4548,Kabir,20,Male,Pune,BCA,6.0,81,11,63,58,1,No,0,Yes
4549,Aarav,21,Male,Kolkata,B.Tech,6.5,84,13,61,63,3,No,0,Yes
4550,Meera,20,Female,Kolkata,B.Sc,8.5,88,14,76,75,3,No,0,Yes
4551,Riya,19,Female,Chandigarh,BCA,6.6,87,11,70,63,3,No,2,No
4552,Ayaan,23,Male,Shimla,MCA,3.2,72,5,42,40,1,No,4,No
4553,Diya,24,Female,Gurugram,M.Tech,4.7,74,12,55,51,2,No,1,No
4554,Vivaan,21,Male,Delhi,M.Tech,10.0,93,17,87,84,4,Yes,0,Yes
4555,Arjun,19,Male,Noida,B.Tech,6.7,86,11,66,51,3,No,3,No
4556,Meera,22,Female,Shimla,B.Tech,7.9,87,13,79,77,4,No,0,Yes
4557,Aditya,22,Male,Gurugram,BCA,6.0,81,8,61,56,4,No,1,No
4558,Dhruv,18,Male,Solan,B.Sc,5.0,77,10,55,51,3,No,4,No
4559,Ayaan,23,Male,Pune,M.Tech,5.8,83,10,60,60,2,Yes,0,Yes
4560,Kabir,22,Male,Solan,B.Sc,6.7,85,11,73,64,3,Yes,1,No
4561,Reyansh,19,Male,Jaipur,BCA,5.8,77,11,65,56,3,Yes,0,No
4562,Anika,21,Female,Pune,B.Tech,9.4,90,15,88,82,5,No,0,Yes
4563,Aditya,23,Male,Delhi,MCA,5.6,80,13,63,64,2,No,0,No
4564,Dhruv,21,Male,Ahmedabad,B.Tech,4.9,75,6,51,51,1,Yes,2,No
4565,Krishna,20,Male,Mumbai,B.Tech,7.7,80,17,69,70,4,No,0,Yes
4566,Tara,22,Female,Pune,MCA,7.9,85,14,70,64,5,No,1,No
4567,Priya,21,Female,Chandigarh,BCA,6.5,82,11,69,60,3,No,0,Yes
4568,Isha,19,Female,Mumbai,B.Tech,5.6,78,11,69,63,2,No,0,No
4569,Kavya,21,Female,Chennai,BCA,3.6,75,6,51,44,3,No,1,No
4570,Anushka,20,Female,Ahmedabad,B.Tech,8.3,82,16,81,77,4,No,0,No
4571,Vansh,19,Male,Gurugram,B.Sc,7.8,85,15,75,68,3,Yes,0,No
4572,Neha,20,Female,Kolkata,B.Tech,5.8,83,12,63,61,3,No,0,No
4573,Kavya,23,Female,Ahmedabad,MCA,6.6,81,13,63,66,4,Yes,1,No
4574,Neha,21,Female,Hyderabad,BCA,6.2,78,11,65,62,2,No,1,No
4575,Diya,21,Female,Noida,BCA,8.9,89,17,84,79,4,Yes,0,Yes
4576,Rohan,19,Male,Jaipur,B.Tech,4.9,78,10,60,58,3,No,0,Yes
4577,Arjun,22,Male,Jaipur,B.Tech,5.6,79,12,60,56,2,No,0,Yes
4578,Rohan,18,Male,Chandigarh,B.Sc,5.4,77,9,59,59,3,No,1,Yes
4579,Riya,21,Female,Chennai,B.Sc,7.0,86,15,69,65,3,Yes,0,Yes
4580,Rohan,20,Male,Hyderabad,B.Tech,6.6,84,11,64,68,4,Yes,0,Yes
4581,Rohan,18,Male,Kolkata,BCA,6.8,80,9,70,64,2,No,2,No
4582,Priya,22,Female,Jaipur,MCA,5.2,78,7,50,46,2,No,2,No
4583,Arjun,18,Male,Ahmedabad,BCA,8.7,87,15,72,76,5,No,0,Yes
4584,Anushka,18,Female,Mumbai,B.Tech,5.8,84,11,60,56,2,No,0,Yes
4585,Ishaan,22,Male,Pune,BCA,8.3,93,15,74,75,3,No,0,No
4586,Rohan,22,Male,Jaipur,B.Sc,10.0,94,19,92,87,4,Yes,0,Yes
4587,Arjun,18,Male,Ahmedabad,B.Tech,5.2,81,8,57,49,3,No,3,No
4588,Sanya,22,Female,Pune,B.Tech,7.0,82,15,71,66,3,No,0,No
4589,Vansh,22,Male,Kolkata,B.Sc,6.3,82,13,70,65,2,Yes,0,Yes
4590,Aditya,21,Male,Noida,M.Tech,9.5,91,19,84,81,5,No,0,No
4591,Priya,21,Female,Pune,BCA,6.1,81,13,64,63,5,No,0,No
4592,Vansh,22,Male,Ahmedabad,B.Tech,6.9,84,10,73,68,3,Yes,0,Yes
4593,Ananya,18,Female,Pune,BCA,6.8,84,13,72,72,5,No,0,No
4594,Aadhya,21,Female,Delhi,B.Tech,6.3,82,12,56,52,3,No,4,No
4595,Vansh,22,Male,Mumbai,B.Tech,7.6,87,15,71,70,3,No,0,No
4596,Meera,18,Female,Gurugram,BCA,6.6,87,13,70,66,4,Yes,0,Yes
4597,Aditya,25,Male,Solan,MCA,7.2,79,14,68,67,3,No,0,Yes
4598,Meera,24,Female,Noida,MCA,6.8,90,13,66,63,2,No,0,No
4599,Reyansh,18,Male,Noida,B.Tech,5.6,79,12,53,54,3,No,2,No
4600,Meera,21,Female,Chennai,B.Sc,6.1,81,10,65,57,2,No,0,No
4601,Aditya,20,Male,Gurugram,B.Tech,7.3,90,14,69,68,5,Yes,0,Yes
4602,Tara,19,Female,Delhi,B.Tech,7.3,87,12,71,65,4,No,0,No
4603,Kabir,23,Male,Ahmedabad,M.Tech,8.4,91,15,79,75,3,No,0,No
4604,Vivaan,25,Male,Hyderabad,MCA,9.3,96,13,84,84,5,Yes,0,Yes
4605,Dhruv,21,Male,Pune,B.Tech,5.7,79,9,56,56,3,No,2,No
4606,Arjun,18,Male,Solan,B.Tech,6.7,86,11,68,60,3,No,0,Yes
4607,Sanya,21,Female,Noida,B.Tech,6.2,78,11,60,63,1,Yes,0,Yes
4608,Reyansh,22,Male,Solan,BCA,4.8,78,8,62,57,1,No,0,No
4609,Aadhya,21,Female,Jaipur,MCA,7.3,87,11,72,69,3,No,0,Yes
4610,Sanya,20,Female,Kolkata,B.Tech,7.7,90,13,85,75,2,Yes,0,No
4611,Neha,21,Female,Hyderabad,BCA,4.9,79,10,51,52,2,No,4,No
4612,Ayaan,19,Male,Delhi,B.Tech,5.9,81,10,61,59,3,No,1,No
4613,Aarav,22,Male,Hyderabad,B.Tech,5.8,79,12,59,57,3,No,2,No
4614,Simran,22,Female,Shimla,B.Sc,4.2,74,9,47,41,3,No,2,No
4615,Aarav,24,Male,Chennai,MCA,6.4,81,11,63,61,3,No,2,No
4616,Aditya,20,Male,Mumbai,B.Tech,4.8,73,9,51,46,2,No,2,No
4617,Anika,20,Female,Gurugram,B.Tech,6.7,89,10,65,66,4,Yes,0,Yes
4618,Ananya,19,Female,Kolkata,B.Tech,6.9,87,11,76,73,3,No,0,Yes
4619,Sanya,19,Female,Kolkata,BCA,7.1,86,13,70,66,2,Yes,0,Yes
4620,Arjun,21,Male,Delhi,B.Tech,7.2,88,14,75,68,5,Yes,0,Yes
4621,Meera,18,Female,Chandigarh,BCA,8.8,93,18,85,84,4,Yes,0,Yes
4622,Shaurya,20,Male,Hyderabad,BCA,5.3,76,9,63,58,3,No,0,Yes
4623,Ishaan,18,Male,Jaipur,B.Tech,5.4,81,10,55,48,3,No,2,No
4624,Meera,18,Female,Mumbai,B.Sc,7.5,90,14,79,73,4,No,0,Yes
4625,Aarav,21,Male,Mumbai,B.Tech,6.3,80,14,63,66,3,No,1,No
4626,Rahul,19,Male,Mumbai,B.Sc,8.2,84,17,83,78,3,No,0,No
4627,Rahul,18,Male,Noida,BCA,7.3,82,14,71,69,3,No,0,No
4628,Kavya,24,Female,Solan,MCA,9.4,93,18,80,83,5,No,0,No
4629,Diya,19,Female,Gurugram,B.Tech,6.4,79,12,69,62,3,No,0,No
4630,Anika,18,Female,Kolkata,B.Sc,4.3,75,9,56,51,2,No,2,No
4631,Aadhya,18,Female,Pune,B.Tech,7.0,83,14,63,63,3,No,0,Yes
4632,Reyansh,22,Male,Noida,M.Tech,6.4,82,11,68,67,3,No,0,No
4633,Vansh,19,Male,Pune,B.Sc,7.3,84,13,77,67,2,No,1,No
4634,Vansh,22,Male,Mumbai,B.Tech,7.5,86,14,74,72,4,Yes,0,Yes
4635,Rohan,22,Male,Mumbai,B.Tech,5.7,82,10,57,55,2,No,1,Yes
4636,Rahul,24,Male,Solan,MCA,5.0,75,8,59,49,2,No,2,No
4637,Kavya,24,Female,Ahmedabad,MCA,6.3,83,12,67,61,3,No,2,No
4638,Aditya,23,Male,Gurugram,MCA,3.0,68,5,41,40,2,No,3,No
4639,Rohan,25,Male,Pune,MCA,6.6,83,11,64,62,3,No,0,Yes
4640,Arjun,22,Male,Pune,MCA,5.9,80,10,64,59,3,No,2,No
4641,Rahul,22,Male,Kolkata,BCA,7.8,88,14,71,70,3,Yes,0,Yes
4642,Meera,21,Female,Chandigarh,B.Tech,3.5,73,8,48,40,2,No,1,No
4643,Rahul,21,Male,Gurugram,B.Tech,6.5,86,13,72,72,3,Yes,0,Yes
4644,Reyansh,21,Male,Delhi,B.Sc,8.9,91,18,87,84,3,Yes,0,Yes
4645,Anushka,19,Female,Kolkata,BCA,7.5,84,16,69,69,3,No,0,Yes
4646,Ayaan,18,Male,Delhi,BCA,8.0,91,14,70,66,3,No,0,Yes
4647,Aarav,21,Male,Jaipur,B.Tech,7.0,85,14,66,63,3,No,1,No
4648,Kabir,22,Male,Gurugram,B.Sc,4.0,77,8,54,45,1,No,1,No
4649,Kavya,18,Female,Gurugram,B.Tech,6.7,83,12,64,62,4,No,2,No
4650,Diya,22,Female,Solan,BCA,7.1,81,14,72,67,3,No,1,No
4651,Ananya,21,Female,Jaipur,BCA,4.9,84,9,55,48,2,No,2,No
4652,Ishaan,19,Male,Pune,B.Tech,6.3,80,12,61,58,3,No,0,No
4653,Ananya,21,Female,Kolkata,MCA,3.0,67,5,41,40,1,No,2,No
4654,Aarav,18,Male,Mumbai,BCA,6.0,83,11,67,63,4,Yes,0,Yes
4655,Dhruv,24,Male,Kolkata,MCA,5.8,77,12,53,55,2,No,0,Yes
4656,Vivaan,21,Male,Hyderabad,B.Tech,8.6,89,17,80,80,5,No,0,No
4657,Arjun,21,Male,Solan,B.Tech,5.6,80,9,61,59,3,No,1,No
4658,Rohan,20,Male,Solan,B.Tech,6.1,81,11,59,59,1,No,1,No
4659,Tara,19,Female,Delhi,B.Tech,6.4,81,10,66,58,3,No,0,No
4660,Ananya,19,Female,Bangalore,B.Tech,5.6,84,9,61,61,2,No,0,No
4661,Kabir,21,Male,Hyderabad,B.Tech,7.6,86,14,68,70,5,Yes,1,Yes
4662,Dhruv,23,Male,Hyderabad,MCA,3.5,70,8,45,40,2,No,2,No
4663,Aarav,24,Male,Hyderabad,MCA,8.2,92,16,74,71,2,Yes,1,Yes
4664,Rohan,24,Male,Hyderabad,M.Tech,6.5,81,12,62,56,4,No,1,No
4665,Diya,22,Female,Chandigarh,M.Tech,8.5,89,14,82,80,4,No,0,Yes
4666,Ayaan,20,Male,Noida,BCA,3.0,68,5,41,40,2,No,1,No
4667,Priya,19,Female,Hyderabad,BCA,3.0,71,9,47,40,1,No,2,No
4668,Kabir,21,Male,Chandigarh,B.Tech,6.1,81,9,62,64,2,Yes,1,No
4669,Vansh,22,Male,Chandigarh,B.Tech,7.3,85,11,67,70,5,Yes,0,Yes
4670,Kabir,18,Male,Noida,B.Sc,5.7,80,11,62,54,2,No,1,No
4671,Aditya,24,Male,Shimla,MCA,7.4,88,14,74,72,4,Yes,0,Yes
4672,Dhruv,20,Male,Kolkata,B.Sc,8.0,90,16,71,76,4,No,0,No
4673,Simran,25,Female,Noida,MCA,7.5,83,14,75,69,3,No,0,No
4674,Vansh,20,Male,Jaipur,B.Tech,6.7,81,10,72,70,2,Yes,0,Yes
4675,Riya,21,Female,Ahmedabad,BCA,6.6,86,12,70,65,2,Yes,0,Yes
4676,Arjun,21,Male,Bangalore,BCA,5.6,77,7,59,52,4,No,2,No
4677,Shaurya,21,Male,Jaipur,M.Tech,6.4,84,12,74,71,3,No,0,Yes
4678,Ayaan,23,Male,Jaipur,M.Tech,5.0,80,10,59,52,3,No,2,No
4679,Sanya,22,Female,Delhi,BCA,5.3,74,9,57,52,3,No,4,No
4680,Vivaan,18,Male,Kolkata,B.Tech,7.3,84,11,77,71,3,Yes,0,Yes
4681,Anushka,20,Female,Delhi,B.Tech,5.8,83,9,69,65,2,Yes,0,No
4682,Ayaan,21,Male,Chennai,BCA,5.4,78,7,52,53,2,No,1,No
4683,Anika,21,Female,Mumbai,MCA,7.2,84,13,68,64,3,No,0,No
4684,Dhruv,21,Male,Kolkata,B.Tech,7.1,87,18,73,69,3,No,0,No
4685,Anushka,19,Female,Pune,B.Tech,6.2,85,11,70,65,2,No,0,No
4686,Isha,19,Female,Hyderabad,B.Tech,6.3,80,11,59,60,3,Yes,0,Yes
4687,Neha,21,Female,Delhi,M.Tech,7.1,90,13,75,68,3,Yes,0,No
4688,Krishna,18,Male,Chandigarh,BCA,8.0,83,13,72,75,3,No,0,No
4689,Vansh,20,Male,Gurugram,B.Sc,6.8,79,11,68,67,2,No,0,No
4690,Rahul,22,Male,Delhi,BCA,4.7,75,8,51,44,1,No,2,No
4691,Anika,22,Female,Solan,B.Tech,6.2,81,12,54,56,3,Yes,0,Yes
4692,Priya,19,Female,Shimla,B.Tech,5.9,80,11,54,55,1,No,0,No
4693,Meera,22,Female,Jaipur,MCA,4.9,76,9,50,45,3,No,1,No
4694,Aditya,22,Male,Kolkata,MCA,7.2,83,14,67,67,4,No,0,Yes
4695,Vivaan,21,Male,Ahmedabad,BCA,7.4,85,16,71,69,4,Yes,0,No
4696,Arjun,22,Male,Shimla,BCA,7.6,85,15,70,64,4,Yes,0,No
4697,Meera,21,Female,Chandigarh,MCA,5.0,80,7,57,42,1,No,1,No
4698,Isha,19,Female,Gurugram,B.Sc,6.7,84,9,65,69,3,No,0,No
4699,Anika,20,Female,Shimla,B.Tech,6.5,82,9,65,61,4,No,2,No
4700,Krishna,18,Male,Chandigarh,BCA,7.0,84,14,72,68,2,No,0,Yes
4701,Diya,18,Female,Bangalore,B.Sc,6.7,87,11,68,61,5,No,1,No
4702,Meera,18,Female,Delhi,BCA,6.5,81,13,67,61,4,No,0,Yes
4703,Rahul,25,Male,Mumbai,M.Tech,6.3,78,11,66,68,2,No,1,No
4704,Sanya,22,Female,Jaipur,MCA,8.2,86,15,75,81,3,Yes,0,Yes
4705,Sanya,20,Female,Chandigarh,B.Tech,5.2,78,10,50,43,2,No,1,No
4706,Anika,21,Female,Shimla,B.Sc,6.2,83,10,65,61,3,No,1,No
4707,Ananya,20,Female,Ahmedabad,B.Tech,8.1,91,16,74,78,3,No,0,Yes
4708,Vansh,20,Male,Delhi,B.Sc,5.3,83,9,63,57,1,No,1,No
4709,Kabir,20,Male,Chandigarh,B.Sc,5.4,81,9,65,60,1,No,1,No
4710,Riya,21,Female,Delhi,BCA,7.6,84,15,71,69,3,Yes,0,No
4711,Ayaan,23,Male,Chennai,MCA,4.4,75,9,53,49,2,No,1,No
4712,Ananya,20,Female,Hyderabad,B.Sc,7.5,80,14,72,74,4,No,0,Yes
4713,Sanya,22,Female,Solan,MCA,5.8,79,9,57,56,2,No,0,No
4714,Priya,19,Female,Delhi,B.Tech,7.1,83,12,69,63,3,No,1,No
4715,Anushka,19,Female,Ahmedabad,B.Tech,4.7,70,9,45,42,2,No,1,No
4716,Vansh,18,Male,Kolkata,B.Sc,8.3,95,18,84,82,3,No,0,Yes
4717,Krishna,23,Male,Pune,M.Tech,4.7,75,11,60,52,3,No,2,No
4718,Krishna,22,Male,Chennai,BCA,7.6,80,13,70,67,4,No,0,No
4719,Dhruv,22,Male,Jaipur,B.Tech,4.7,76,7,51,44,4,No,3,No
4720,Ishaan,22,Male,Kolkata,BCA,9.2,97,19,86,81,5,Yes,0,Yes
4721,Ayaan,21,Male,Hyderabad,BCA,6.4,88,12,62,57,2,Yes,0,Yes
4722,Aadhya,22,Female,Jaipur,MCA,9.4,93,16,82,83,5,Yes,0,Yes
4723,Priya,19,Female,Chandigarh,B.Sc,5.3,79,10,56,51,1,No,2,No
4724,Arjun,22,Male,Pune,M.Tech,5.8,84,9,61,57,4,Yes,1,Yes
4725,Rohan,21,Male,Pune,B.Sc,8.3,89,16,78,76,3,Yes,0,Yes
4726,Riya,20,Female,Gurugram,B.Tech,4.4,77,10,55,51,2,No,1,No
4727,Rahul,18,Male,Pune,B.Sc,5.5,82,12,60,53,4,No,2,No
4728,Ayaan,19,Male,Ahmedabad,B.Sc,7.2,82,15,72,73,4,Yes,0,Yes
4729,Ayaan,23,Male,Jaipur,M.Tech,5.0,82,9,59,48,3,Yes,4,No
4730,Tara,22,Female,Shimla,B.Tech,7.3,83,14,68,65,3,No,0,No
4731,Arjun,18,Male,Chennai,B.Tech,6.8,82,14,66,62,2,Yes,1,No
4732,Kavya,22,Female,Bangalore,B.Tech,4.2,75,9,51,43,2,No,4,No
4733,Rahul,20,Male,Mumbai,BCA,8.0,91,16,75,66,4,Yes,0,Yes
4734,Rahul,20,Male,Pune,B.Tech,4.6,78,9,56,53,2,No,1,No
4735,Aarav,22,Male,Kolkata,B.Sc,7.7,87,13,65,68,5,No,0,No
4736,Rohan,21,Male,Solan,MCA,6.7,84,15,67,65,3,Yes,1,No
4737,Diya,22,Female,Shimla,BCA,5.8,84,10,64,57,2,No,1,No
4738,Riya,22,Female,Mumbai,BCA,4.8,77,10,57,49,2,No,1,No
4739,Kavya,25,Female,Pune,MCA,7.0,82,16,72,67,3,Yes,1,No
4740,Priya,18,Female,Mumbai,BCA,5.2,76,11,56,51,3,No,1,No
4741,Sanya,21,Female,Mumbai,B.Tech,8.3,92,17,82,81,3,No,0,No
4742,Priya,18,Female,Kolkata,B.Tech,8.4,87,14,79,75,4,No,0,Yes
4743,Riya,22,Female,Mumbai,BCA,9.0,87,15,81,78,5,Yes,0,Yes
4744,Vansh,19,Male,Hyderabad,B.Tech,6.9,83,14,62,62,3,No,2,No
4745,Aarav,19,Male,Chandigarh,B.Sc,5.9,80,10,66,60,3,Yes,2,No
4746,Vivaan,23,Male,Chandigarh,M.Tech,6.1,84,9,64,61,3,No,1,No
4747,Diya,21,Female,Mumbai,B.Sc,5.9,76,8,59,60,4,No,0,No
4748,Aditya,20,Male,Hyderabad,BCA,6.9,85,12,64,61,3,No,0,Yes
4749,Aditya,20,Male,Chandigarh,B.Tech,7.2,89,13,62,65,4,Yes,0,Yes
4750,Simran,22,Female,Kolkata,M.Tech,8.3,87,16,84,80,3,Yes,0,Yes
4751,Neha,21,Female,Chennai,MCA,6.5,83,10,67,66,2,No,0,Yes
4752,Anushka,20,Female,Chennai,BCA,4.4,69,10,45,46,3,No,2,No
4753,Vivaan,20,Male,Chennai,BCA,5.9,83,9,58,53,4,Yes,2,No
4754,Riya,21,Female,Chandigarh,B.Sc,8.8,93,14,80,85,3,Yes,0,Yes
4755,Ishaan,19,Male,Solan,B.Tech,4.2,75,8,54,48,3,No,1,No
4756,Arjun,18,Male,Ahmedabad,B.Tech,7.6,83,14,74,68,5,No,0,No
4757,Aditya,21,Male,Pune,B.Tech,5.9,83,11,65,56,2,Yes,1,No
4758,Arjun,18,Male,Delhi,BCA,5.2,77,8,53,54,2,Yes,2,No
4759,Vansh,18,Male,Gurugram,B.Tech,7.1,77,13,66,68,5,No,0,No
4760,Ananya,20,Female,Delhi,B.Tech,8.8,93,13,82,83,5,No,0,Yes
4761,Ayaan,21,Male,Hyderabad,B.Tech,7.0,88,9,70,65,3,No,1,No
4762,Neha,20,Female,Noida,B.Sc,6.1,85,14,67,60,2,Yes,0,Yes
4763,Ananya,22,Female,Mumbai,B.Sc,4.6,72,10,58,46,2,No,1,No
4764,Aarav,18,Male,Delhi,B.Tech,6.4,77,12,64,60,3,No,0,No
4765,Aditya,24,Male,Delhi,M.Tech,4.5,75,5,50,46,2,No,2,Yes
4766,Rohan,19,Male,Gurugram,BCA,6.0,83,10,57,60,2,Yes,0,No
4767,Anika,20,Female,Gurugram,B.Tech,6.4,80,12,65,61,2,No,2,No
4768,Ishaan,22,Male,Hyderabad,B.Tech,3.0,66,5,40,40,1,No,4,Yes
4769,Dhruv,22,Male,Shimla,B.Sc,8.6,92,18,82,80,4,Yes,0,Yes
4770,Shaurya,22,Male,Hyderabad,B.Tech,4.6,75,9,54,51,2,No,3,No
4771,Isha,20,Female,Ahmedabad,B.Tech,6.2,84,10,71,69,3,No,0,No
4772,Aadhya,19,Female,Ahmedabad,B.Sc,7.3,86,11,72,67,3,No,0,Yes
4773,Vansh,21,Male,Chandigarh,BCA,8.5,89,17,80,77,4,Yes,0,Yes
4774,Diya,18,Female,Delhi,B.Sc,5.3,78,11,55,52,3,No,3,No
4775,Isha,19,Female,Chandigarh,B.Sc,3.0,69,7,40,40,1,No,1,No
4776,Riya,23,Female,Delhi,M.Tech,8.1,87,17,80,74,3,Yes,0,Yes
4777,Neha,21,Female,Chandigarh,B.Tech,4.6,73,9,57,50,1,No,1,No
4778,Neha,18,Female,Shimla,B.Tech,7.0,86,13,68,62,1,Yes,2,No
4779,Ananya,24,Female,Chennai,M.Tech,7.1,89,14,63,61,5,No,0,No
4780,Neha,18,Female,Noida,B.Sc,3.0,69,7,48,40,2,No,2,No
4781,Aditya,18,Male,Chennai,B.Sc,4.1,80,8,57,49,1,No,3,No
4782,Vivaan,22,Male,Gurugram,B.Tech,5.8,81,10,61,56,3,Yes,0,Yes
4783,Dhruv,20,Male,Gurugram,B.Tech,3.0,71,7,48,40,1,No,1,No
4784,Sanya,19,Female,Jaipur,B.Tech,4.5,78,8,54,48,2,Yes,1,No
4785,Riya,22,Female,Chandigarh,BCA,6.7,86,11,69,57,5,No,1,Yes
4786,Ayaan,22,Male,Chandigarh,B.Tech,6.4,81,12,58,56,4,No,0,No
4787,Anushka,21,Female,Noida,BCA,7.0,86,12,74,69,2,No,0,No
4788,Shaurya,18,Male,Kolkata,BCA,7.2,88,13,64,67,2,No,0,No
4789,Ishaan,18,Male,Chennai,B.Tech,4.0,73,6,56,49,1,No,3,No
4790,Meera,21,Female,Kolkata,B.Tech,4.6,76,10,61,57,2,No,0,No
4791,Ayaan,20,Male,Bangalore,BCA,7.6,84,14,61,59,3,No,0,Yes
4792,Aditya,18,Male,Hyderabad,B.Tech,8.8,89,17,86,86,5,No,0,Yes
4793,Simran,22,Female,Shimla,B.Tech,5.0,76,10,54,51,1,No,3,No
4794,Priya,22,Female,Hyderabad,B.Tech,6.9,81,11,69,64,3,Yes,0,No
4795,Vivaan,18,Male,Solan,BCA,7.7,87,16,68,68,1,Yes,0,No
4796,Isha,18,Female,Noida,B.Sc,6.9,85,12,67,74,2,Yes,0,Yes
4797,Diya,20,Female,Kolkata,B.Tech,6.1,83,10,59,57,2,No,0,No
4798,Dhruv,18,Male,Delhi,B.Sc,5.5,77,10,55,52,1,Yes,1,No
4799,Vansh,23,Male,Pune,MCA,9.5,91,17,89,89,5,Yes,0,Yes
4800,Meera,22,Female,Chennai,B.Sc,6.6,86,16,71,65,2,Yes,0,Yes
4801,Rahul,20,Male,Pune,B.Tech,7.1,83,14,72,66,3,No,1,Yes
4802,Kavya,18,Female,Hyderabad,BCA,7.0,87,12,68,70,2,Yes,0,Yes
4803,Diya,19,Female,Delhi,B.Sc,5.3,76,12,54,47,3,No,1,No
4804,Priya,21,Female,Gurugram,M.Tech,6.6,84,9,60,59,2,No,2,No
4805,Rohan,22,Male,Delhi,M.Tech,6.0,83,10,66,60,4,No,0,No
4806,Meera,22,Female,Gurugram,BCA,6.0,73,10,67,59,4,No,1,No
4807,Aarav,21,Male,Kolkata,B.Sc,7.0,87,13,76,66,3,Yes,1,No
4808,Shaurya,25,Male,Pune,MCA,5.1,82,10,58,52,3,No,2,No
4809,Aditya,25,Male,Shimla,MCA,4.7,76,9,56,51,1,No,2,No
4810,Aarav,22,Male,Kolkata,BCA,7.3,87,14,72,72,2,Yes,0,Yes
4811,Simran,20,Female,Ahmedabad,B.Tech,5.7,77,11,63,55,3,Yes,0,No
4812,Kabir,22,Male,Solan,B.Tech,6.0,82,11,70,61,3,No,2,No
4813,Reyansh,21,Male,Chandigarh,BCA,3.6,80,8,48,46,1,No,3,No
4814,Simran,18,Female,Mumbai,B.Sc,7.9,81,12,70,68,3,Yes,0,No
4815,Rahul,22,Male,Kolkata,M.Tech,7.3,84,9,69,66,3,Yes,0,Yes
4816,Simran,25,Female,Shimla,MCA,7.6,89,15,73,74,2,Yes,0,Yes
4817,Reyansh,19,Male,Pune,B.Tech,7.1,89,12,74,64,4,Yes,0,No
4818,Kavya,22,Female,Delhi,B.Sc,4.2,71,10,49,40,1,No,3,No
4819,Neha,20,Female,Kolkata,B.Tech,6.8,82,14,63,66,2,Yes,0,No
4820,Aarav,19,Male,Ahmedabad,B.Sc,5.6,78,11,56,51,3,No,2,Yes
4821,Vansh,22,Male,Kolkata,B.Sc,5.1,76,8,51,47,2,No,1,No
4822,Aarav,22,Male,Hyderabad,B.Tech,7.3,85,14,70,66,3,No,0,Yes
4823,Aadhya,21,Female,Bangalore,B.Tech,9.0,87,16,84,81,5,Yes,0,Yes
4824,Ishaan,21,Male,Bangalore,B.Tech,8.7,90,16,81,78,3,Yes,0,Yes
4825,Kabir,21,Male,Gurugram,B.Tech,7.4,83,13,72,70,2,No,0,Yes
4826,Dhruv,23,Male,Bangalore,MCA,6.5,83,12,61,63,1,No,0,No
4827,Vivaan,19,Male,Solan,B.Tech,6.2,80,11,58,54,3,No,1,No
4828,Rahul,20,Male,Chennai,B.Tech,5.1,77,11,57,50,2,No,2,No
4829,Diya,18,Female,Delhi,B.Tech,6.1,78,12,67,62,4,Yes,0,No
4830,Shaurya,25,Male,Shimla,MCA,7.9,91,13,79,80,3,No,0,Yes
4831,Ayaan,22,Male,Hyderabad,B.Tech,9.2,91,16,80,79,5,No,0,Yes
4832,Anushka,22,Female,Delhi,B.Tech,5.3,79,8,67,56,2,No,1,No
4833,Sanya,21,Female,Solan,B.Sc,3.5,72,5,40,40,2,No,1,No
4834,Vivaan,22,Male,Noida,B.Tech,5.7,80,12,61,54,4,No,1,No
4835,Aarav,21,Male,Shimla,B.Tech,7.9,88,14,75,70,3,Yes,0,Yes
4836,Shaurya,18,Male,Jaipur,B.Sc,9.6,96,15,86,82,4,Yes,0,Yes
4837,Aadhya,20,Female,Delhi,B.Tech,8.5,89,16,80,78,4,No,0,Yes
4838,Rahul,23,Male,Jaipur,MCA,8.4,87,14,76,74,4,Yes,0,Yes
4839,Tara,20,Female,Gurugram,BCA,5.2,78,9,51,53,3,No,2,No
4840,Diya,21,Female,Jaipur,BCA,5.3,77,8,57,53,2,No,4,No
4841,Sanya,19,Female,Delhi,B.Tech,4.5,76,9,54,51,3,No,1,No
4842,Aarav,22,Male,Kolkata,MCA,5.5,76,10,62,56,3,No,2,No
4843,Aditya,18,Male,Noida,BCA,7.9,91,15,82,74,5,No,0,Yes
4844,Aditya,19,Male,Kolkata,B.Tech,8.9,89,15,77,79,4,No,0,No
4845,Shaurya,18,Male,Bangalore,B.Tech,7.0,88,13,77,67,2,No,0,Yes
4846,Riya,22,Female,Delhi,BCA,6.1,81,9,61,61,3,No,0,Yes
4847,Ananya,20,Female,Pune,B.Sc,4.9,80,12,54,47,2,No,1,No
4848,Meera,24,Female,Pune,M.Tech,6.3,80,12,62,61,3,No,0,No
4849,Isha,18,Female,Kolkata,B.Sc,6.8,78,15,57,59,3,Yes,1,Yes
4850,Aarav,21,Male,Delhi,BCA,4.3,70,7,48,41,1,No,2,No
4851,Aditya,21,Male,Gurugram,B.Tech,7.9,95,13,83,81,3,Yes,0,Yes
4852,Dhruv,20,Male,Jaipur,B.Sc,5.9,79,10,63,64,2,No,2,No
4853,Kavya,25,Female,Gurugram,M.Tech,7.8,91,14,76,71,4,No,0,Yes
4854,Meera,22,Female,Ahmedabad,BCA,6.5,79,12,66,60,3,No,0,Yes
4855,Meera,19,Female,Noida,B.Tech,6.9,85,15,74,69,3,No,1,No
4856,Rohan,22,Male,Chennai,B.Tech,5.4,80,8,55,55,3,No,0,Yes
4857,Vivaan,20,Male,Jaipur,B.Tech,6.0,90,10,70,67,3,No,0,No
4858,Riya,21,Female,Pune,BCA,7.5,85,15,72,68,3,Yes,0,Yes
4859,Ayaan,21,Male,Ahmedabad,M.Tech,6.3,80,9,60,58,4,No,0,No
4860,Aadhya,18,Female,Bangalore,B.Tech,4.8,78,9,57,50,3,No,3,No
4861,Anika,22,Female,Delhi,B.Tech,6.7,81,12,66,62,5,Yes,0,No
4862,Ananya,19,Female,Chennai,BCA,7.1,86,13,67,63,2,Yes,2,No
4863,Ayaan,21,Male,Hyderabad,MCA,8.6,90,16,75,71,4,Yes,0,Yes
4864,Ayaan,19,Male,Chennai,BCA,8.2,86,18,74,76,2,Yes,0,Yes
4865,Aarav,18,Male,Jaipur,B.Tech,6.4,84,10,64,61,2,No,0,Yes
4866,Dhruv,19,Male,Ahmedabad,B.Tech,5.7,80,9,65,64,3,Yes,0,Yes
4867,Reyansh,19,Male,Solan,BCA,6.2,84,12,64,63,3,No,1,No
4868,Neha,24,Female,Shimla,MCA,5.7,85,11,61,55,2,No,1,No
4869,Anika,20,Female,Solan,B.Tech,7.3,84,14,75,67,4,Yes,0,No
4870,Reyansh,18,Male,Solan,BCA,8.1,87,12,81,83,4,Yes,0,Yes
4871,Vansh,22,Male,Gurugram,B.Sc,8.4,85,18,73,68,2,No,1,No
4872,Arjun,20,Male,Noida,BCA,5.9,82,11,57,54,4,No,2,No
4873,Aarav,21,Male,Hyderabad,B.Tech,5.7,78,8,62,56,3,No,1,No
4874,Anika,24,Female,Chandigarh,M.Tech,5.9,82,12,61,55,2,No,0,No
4875,Vivaan,21,Male,Shimla,BCA,3.6,76,5,46,40,1,No,2,No
4876,Rohan,22,Male,Shimla,B.Sc,4.7,74,10,57,47,2,No,3,No
4877,Aarav,18,Male,Jaipur,B.Sc,6.4,81,10,63,58,2,No,1,No
4878,Sanya,21,Female,Solan,M.Tech,7.1,88,14,78,71,3,Yes,0,Yes
4879,Tara,19,Female,Bangalore,BCA,7.2,87,11,71,69,3,No,1,No
4880,Aarav,19,Male,Hyderabad,BCA,5.3,80,8,59,52,3,No,4,No
4881,Vivaan,19,Male,Mumbai,BCA,5.8,79,11,70,61,3,No,0,No
4882,Priya,22,Female,Kolkata,BCA,6.1,77,10,63,56,4,No,0,No
4883,Riya,20,Female,Jaipur,B.Tech,5.9,79,10,58,56,1,No,1,No
4884,Dhruv,21,Male,Jaipur,M.Tech,7.5,83,11,67,67,3,No,1,No
4885,Riya,22,Female,Hyderabad,MCA,4.5,77,8,51,47,3,No,1,No
4886,Tara,22,Female,Solan,B.Tech,4.8,78,10,56,49,4,No,2,No
4887,Aadhya,22,Female,Solan,B.Tech,6.1,80,14,66,58,4,Yes,0,Yes
4888,Riya,19,Female,Chandigarh,B.Tech,4.5,74,9,46,43,2,No,4,No
4889,Meera,24,Female,Noida,MCA,3.6,74,8,48,43,2,Yes,3,No
4890,Kabir,21,Male,Chennai,BCA,4.3,74,5,56,46,3,No,1,No
4891,Diya,21,Female,Mumbai,BCA,6.1,80,11,64,58,2,No,1,No
4892,Neha,22,Female,Kolkata,MCA,7.4,92,12,79,70,4,No,0,Yes
4893,Riya,22,Female,Bangalore,BCA,7.5,85,11,65,62,3,No,1,No
4894,Shaurya,25,Male,Jaipur,MCA,8.9,93,14,81,78,4,Yes,0,Yes
4895,Anushka,18,Female,Shimla,BCA,6.7,85,13,68,62,3,No,0,No
4896,Tara,21,Female,Solan,B.Sc,6.9,80,12,69,68,3,No,0,No
4897,Kabir,19,Male,Hyderabad,BCA,6.1,79,9,59,57,2,No,1,No
4898,Anika,18,Female,Solan,BCA,6.2,84,10,66,65,3,No,0,No
4899,Anika,25,Female,Chennai,M.Tech,9.6,93,18,87,90,4,Yes,0,Yes
4900,Neha,18,Female,Hyderabad,B.Sc,6.9,80,11,66,64,3,No,1,No
4901,Shaurya,21,Male,Shimla,BCA,7.0,86,11,71,61,4,No,0,No
4902,Aarav,20,Male,Chennai,B.Tech,4.8,75,7,55,51,1,No,1,No
4903,Ananya,21,Female,Mumbai,B.Tech,7.1,86,14,67,68,3,Yes,1,No
4904,Vivaan,21,Male,Gurugram,B.Sc,7.5,94,10,74,73,4,No,0,No
4905,Isha,19,Female,Bangalore,BCA,8.2,90,14,72,73,4,Yes,0,Yes
4906,Ayaan,23,Male,Shimla,MCA,7.4,88,13,66,65,3,No,0,No
4907,Aditya,20,Male,Gurugram,BCA,6.3,81,10,65,58,3,No,1,No
4908,Kabir,20,Male,Chennai,BCA,6.2,78,10,55,57,2,No,1,No
4909,Anika,22,Female,Shimla,B.Sc,6.4,85,13,65,61,3,Yes,1,No
4910,Reyansh,18,Male,Hyderabad,BCA,6.7,82,14,68,65,4,No,1,No
4911,Reyansh,25,Male,Chandigarh,MCA,8.4,89,15,78,74,4,No,0,Yes
4912,Kabir,20,Male,Jaipur,BCA,8.1,94,14,87,87,4,Yes,0,Yes
4913,Shaurya,19,Male,Bangalore,B.Tech,7.6,86,14,74,72,3,No,0,Yes
4914,Sanya,21,Female,Kolkata,BCA,9.5,97,18,85,83,3,Yes,0,Yes
4915,Neha,21,Female,Solan,B.Tech,3.0,72,5,46,40,2,No,2,No
4916,Aarav,22,Male,Bangalore,B.Tech,5.8,79,11,55,49,5,No,4,No
4917,Simran,22,Female,Kolkata,B.Tech,6.5,84,11,70,67,3,Yes,0,Yes
4918,Aarav,19,Male,Shimla,B.Sc,5.5,77,5,56,51,3,No,2,No
4919,Meera,21,Female,Hyderabad,B.Tech,5.1,81,9,62,54,1,No,1,No
4920,Sanya,22,Female,Pune,B.Tech,3.9,77,8,52,43,2,No,1,No
4921,Riya,18,Female,Noida,B.Tech,6.0,81,11,65,57,2,Yes,0,Yes
4922,Rohan,22,Male,Hyderabad,B.Tech,7.8,91,15,73,70,5,No,0,No
4923,Priya,22,Female,Ahmedabad,B.Tech,7.7,87,13,69,69,4,Yes,0,Yes
4924,Aarav,20,Male,Hyderabad,B.Tech,5.4,82,9,55,49,2,No,2,No
4925,Simran,18,Female,Chennai,B.Tech,6.8,93,12,64,63,3,Yes,2,Yes
4926,Rahul,18,Male,Chennai,B.Tech,8.5,97,18,80,74,5,Yes,0,Yes
4927,Aadhya,19,Female,Bangalore,B.Tech,4.2,74,9,48,42,3,No,2,No
4928,Anika,23,Female,Bangalore,MCA,6.3,83,12,69,65,2,No,0,No
4929,Priya,18,Female,Bangalore,B.Sc,6.9,81,13,63,62,4,No,0,No
4930,Vansh,20,Male,Gurugram,BCA,6.5,85,10,75,63,4,No,1,No
4931,Anika,23,Female,Shimla,MCA,7.8,88,16,70,61,4,No,0,Yes
4932,Vansh,21,Male,Hyderabad,B.Tech,4.3,73,9,47,45,3,No,1,No
4933,Anika,18,Female,Bangalore,B.Tech,5.0,81,10,51,50,3,No,2,No
4934,Kabir,24,Male,Ahmedabad,MCA,7.5,85,13,72,71,3,Yes,1,Yes
4935,Aditya,22,Male,Pune,B.Sc,3.9,72,8,47,41,2,No,3,No
4936,Simran,25,Female,Noida,M.Tech,7.7,88,14,73,70,3,No,0,Yes
4937,Ishaan,24,Male,Gurugram,M.Tech,7.2,84,14,71,67,2,No,1,No
4938,Reyansh,22,Male,Mumbai,B.Tech,7.6,87,12,77,75,3,Yes,0,Yes
4939,Ishaan,24,Male,Chennai,M.Tech,5.8,86,8,59,55,1,No,1,No
4940,Aarav,22,Male,Kolkata,M.Tech,7.3,84,11,70,69,2,No,0,No
4941,Diya,20,Female,Pune,BCA,4.7,78,9,58,55,2,No,0,No
4942,Kavya,22,Female,Chandigarh,M.Tech,5.9,79,10,57,52,4,No,4,No
4943,Rohan,18,Male,Hyderabad,B.Tech,6.6,80,12,76,68,2,Yes,0,Yes
4944,Aditya,19,Male,Hyderabad,B.Sc,5.2,78,7,67,56,1,No,0,No
4945,Kabir,19,Male,Pune,B.Tech,6.8,92,13,70,65,5,No,0,No
4946,Kabir,22,Male,Hyderabad,B.Tech,4.8,79,7,51,47,1,No,1,No
4947,Aadhya,21,Female,Hyderabad,BCA,6.9,86,13,65,61,3,No,0,No
4948,Tara,18,Female,Gurugram,B.Tech,9.1,90,14,82,76,4,No,0,Yes
4949,Aarav,22,Male,Solan,B.Sc,4.6,75,7,56,46,2,No,2,No
4950,Aarav,18,Male,Kolkata,BCA,6.5,78,10,56,58,3,No,1,No
4951,Ayaan,20,Male,Bangalore,BCA,4.1,80,8,49,42,1,No,2,No
4952,Ananya,21,Female,Chennai,B.Tech,5.3,79,9,59,53,2,Yes,2,No
4953,Ananya,22,Female,Noida,B.Sc,7.6,87,14,67,67,4,Yes,0,Yes
4954,Aarav,22,Male,Pune,MCA,5.9,81,12,61,60,2,No,1,No
4955,Vivaan,20,Male,Shimla,B.Sc,7.6,93,16,77,72,5,No,0,Yes
4956,Neha,19,Female,Mumbai,B.Sc,7.0,85,13,68,66,2,No,0,No
4957,Neha,18,Female,Chennai,BCA,6.4,82,10,62,56,3,No,0,No
4958,Ayaan,20,Male,Shimla,BCA,5.0,83,11,59,52,1,No,3,No
4959,Ayaan,22,Male,Kolkata,BCA,7.5,86,16,74,68,4,Yes,0,Yes
4960,Reyansh,22,Male,Chandigarh,M.Tech,7.0,79,13,63,62,2,Yes,2,No
4961,Diya,19,Female,Pune,B.Sc,4.2,70,10,50,45,2,No,3,No
4962,Kabir,18,Male,Noida,BCA,5.1,77,10,58,52,3,No,2,No
4963,Krishna,18,Male,Gurugram,BCA,3.0,71,5,45,40,2,No,1,No
4964,Neha,21,Female,Shimla,BCA,4.5,78,7,55,50,2,No,1,Yes
4965,Vivaan,21,Male,Chandigarh,B.Sc,6.0,78,10,62,57,4,No,0,No
4966,Anika,18,Female,Gurugram,BCA,4.9,76,8,54,48,2,No,2,No
4967,Aarav,21,Male,Gurugram,B.Sc,5.3,76,8,56,49,2,No,1,No
4968,Aditya,19,Male,Gurugram,B.Tech,8.6,93,14,83,81,4,Yes,0,Yes
4969,Sanya,18,Female,Solan,BCA,8.0,92,16,76,73,2,Yes,0,Yes
4970,Reyansh,23,Male,Mumbai,MCA,5.5,85,7,64,56,2,No,0,No
4971,Anushka,18,Female,Chennai,B.Tech,7.7,88,13,76,69,4,Yes,0,Yes
4972,Sanya,25,Female,Gurugram,M.Tech,8.3,95,16,76,82,3,No,0,Yes
4973,Aditya,22,Male,Hyderabad,B.Tech,7.4,84,12,69,58,3,No,0,No
4974,Meera,18,Female,Gurugram,B.Tech,6.9,85,13,68,63,4,No,0,Yes
4975,Arjun,20,Male,Shimla,BCA,8.1,85,14,75,72,3,No,1,No
4976,Meera,18,Female,Pune,B.Sc,7.7,89,15,76,75,4,Yes,0,Yes
4977,Kabir,20,Male,Ahmedabad,B.Sc,4.7,77,7,55,49,2,No,2,No
4978,Isha,19,Female,Ahmedabad,B.Tech,6.2,74,8,61,59,3,Yes,2,No
4979,Vansh,19,Male,Mumbai,B.Tech,5.7,83,10,60,55,3,No,0,No
4980,Ishaan,20,Male,Hyderabad,BCA,8.2,91,12,82,83,4,Yes,0,Yes
4981,Simran,21,Female,Bangalore,B.Tech,5.6,78,10,61,57,3,Yes,1,No
4982,Tara,19,Female,Solan,BCA,5.4,80,8,59,52,3,No,2,No
4983,Kabir,22,Male,Chandigarh,BCA,8.0,84,13,72,73,3,Yes,0,Yes
4984,Ayaan,18,Male,Solan,BCA,6.9,82,15,68,64,3,No,1,No
4985,Neha,21,Female,Hyderabad,B.Tech,9.7,99,18,88,92,5,Yes,0,Yes
4986,Riya,22,Female,Pune,B.Tech,5.2,75,7,50,52,1,No,2,No
4987,Dhruv,18,Male,Chandigarh,BCA,5.7,80,10,57,55,2,No,1,No
4988,Vansh,22,Male,Jaipur,B.Tech,8.2,85,15,80,76,3,No,0,Yes
4989,Dhruv,21,Male,Pune,BCA,4.6,77,5,55,47,2,No,1,No
4990,Meera,23,Female,Shimla,MCA,8.5,91,16,76,78,5,No,0,No
4991,Aarav,18,Male,Noida,B.Tech,4.7,79,10,54,53,2,No,2,No
4992,Krishna,22,Male,Noida,B.Tech,7.4,87,13,68,66,3,No,0,Yes
4993,Kavya,22,Female,Solan,B.Tech,3.7,77,6,47,42,2,No,4,No
4994,Ayaan,24,Male,Hyderabad,MCA,6.6,81,11,69,66,3,No,0,No
4995,Shaurya,21,Male,Chennai,B.Tech,4.4,72,8,50,48,2,No,2,No
4996,Rahul,24,Male,Shimla,M.Tech,9.4,91,17,87,83,5,No,0,Yes
4997,Ayaan,20,Male,Mumbai,BCA,4.9,73,9,60,54,3,No,3,No
4998,Ayaan,19,Male,Ahmedabad,B.Tech,5.3,79,8,57,59,5,No,2,No
4999,Meera,22,Female,Kolkata,B.Tech,7.3,85,16,65,65,2,No,0,Yes
5000,Vivaan,20,Male,Delhi,BCA,5.6,81,10,62,58,4,Yes,2,No
5001,Kavya,22,Female,Jaipur,BCA,7.5,81,15,67,68,5,Yes,0,Yes
5002,Priya,20,Female,Shimla,BCA,5.4,79,10,59,56,2,No,1,Yes
5003,Anushka,18,Female,Kolkata,B.Tech,5.3,82,6,60,51,2,Yes,3,No
5004,Arjun,19,Male,Chandigarh,BCA,6.5,84,11,74,73,3,No,0,Yes
5005,Rohan,22,Male,Pune,B.Tech,4.7,71,7,53,49,2,No,1,No
5006,Rohan,21,Male,Chandigarh,BCA,7.1,85,14,68,67,3,No,0,No
5007,Ishaan,19,Male,Hyderabad,B.Tech,7.8,85,12,76,73,5,Yes,1,Yes
5008,Vivaan,22,Male,Ahmedabad,B.Sc,7.3,86,14,74,73,3,Yes,0,Yes
5009,Diya,18,Female,Pune,B.Tech,7.5,85,15,76,70,4,Yes,0,Yes
5010,Vivaan,22,Male,Mumbai,BCA,3.6,78,7,46,40,2,No,3,No
5011,Krishna,22,Male,Chandigarh,BCA,5.8,81,10,67,60,3,No,0,No
5012,Dhruv,22,Male,Jaipur,B.Tech,6.2,83,11,73,67,2,No,0,No
5013,Anushka,19,Female,Pune,BCA,8.7,90,15,85,80,5,Yes,0,Yes
5014,Vansh,22,Male,Chennai,B.Tech,5.6,81,8,66,57,2,No,0,Yes
5015,Tara,21,Female,Chandigarh,B.Tech,3.0,70,6,41,40,1,No,1,No
5016,Arjun,23,Male,Jaipur,MCA,5.0,80,11,64,53,2,No,2,No
5017,Anushka,21,Female,Noida,B.Tech,5.5,78,9,57,56,3,No,0,No
5018,Isha,18,Female,Kolkata,BCA,3.3,76,6,47,40,2,No,1,No
5019,Reyansh,22,Male,Mumbai,MCA,8.0,89,14,74,74,3,No,0,Yes
5020,Kabir,20,Male,Mumbai,B.Tech,4.1,74,8,48,40,2,No,3,No
5021,Rahul,22,Male,Pune,MCA,7.2,88,12,71,72,3,No,0,Yes
5022,Rahul,19,Male,Chennai,B.Tech,4.9,79,7,51,49,2,No,2,No
5023,Kavya,22,Female,Jaipur,BCA,8.8,93,14,78,79,4,No,0,Yes
5024,Sanya,21,Female,Solan,B.Sc,6.1,82,8,59,53,2,No,2,No
5025,Neha,23,Female,Mumbai,MCA,5.8,80,12,67,58,3,No,0,No
5026,Kavya,22,Female,Gurugram,B.Sc,7.3,86,14,77,72,3,Yes,0,Yes
5027,Aditya,20,Male,Hyderabad,BCA,5.0,76,9,66,54,2,Yes,2,No
5028,Vansh,21,Male,Solan,BCA,7.4,89,12,72,67,4,No,1,No
5029,Anika,22,Female,Chandigarh,B.Tech,5.8,85,10,63,60,3,No,1,No
5030,Dhruv,20,Male,Noida,B.Sc,5.6,81,10,63,56,3,No,0,Yes
5031,Anika,22,Female,Kolkata,B.Tech,6.4,87,11,62,61,3,No,0,Yes
5032,Rahul,19,Male,Mumbai,BCA,4.9,81,8,53,46,2,No,2,No
5033,Rahul,18,Male,Kolkata,B.Sc,6.2,81,13,57,58,4,No,0,No
5034,Meera,23,Female,Mumbai,MCA,7.0,87,11,73,65,3,Yes,0,Yes
5035,Aditya,21,Male,Delhi,BCA,3.0,67,7,40,40,1,No,2,No
5036,Aadhya,20,Female,Hyderabad,B.Sc,8.1,89,12,80,83,2,No,0,Yes
5037,Kavya,18,Female,Bangalore,B.Tech,7.7,83,16,70,67,4,No,0,Yes
5038,Diya,20,Female,Chennai,B.Tech,3.7,73,5,48,40,1,No,1,No
5039,Simran,20,Female,Bangalore,BCA,3.5,68,7,44,42,2,No,1,No
5040,Ananya,20,Female,Shimla,BCA,7.8,91,13,76,73,3,Yes,0,Yes
5041,Riya,21,Female,Noida,B.Sc,7.6,85,13,70,65,4,Yes,0,Yes
5042,Vivaan,18,Male,Mumbai,B.Sc,7.4,89,13,77,73,4,No,0,Yes
5043,Rahul,18,Male,Noida,B.Tech,4.4,75,9,51,47,3,No,2,No
5044,Ananya,21,Female,Hyderabad,B.Sc,9.2,87,14,82,80,4,No,0,Yes
5045,Vansh,20,Male,Ahmedabad,B.Tech,5.4,77,10,58,52,2,No,2,No
5046,Vivaan,20,Male,Chennai,B.Tech,6.9,83,13,64,65,2,No,0,No
5047,Aditya,18,Male,Chandigarh,B.Tech,6.9,84,11,73,65,3,No,1,No
5048,Sanya,20,Female,Noida,B.Sc,8.9,96,16,80,75,4,No,0,Yes
5049,Isha,19,Female,Bangalore,BCA,6.7,88,11,72,64,3,No,2,No
5050,Dhruv,20,Male,Shimla,B.Tech,7.1,84,14,72,71,3,Yes,1,Yes
5051,Meera,20,Female,Solan,BCA,6.4,79,12,58,56,2,No,1,No
5052,Simran,22,Female,Chennai,BCA,4.7,74,9,52,46,1,No,2,No
5053,Ananya,21,Female,Kolkata,MCA,3.0,72,6,46,40,3,No,3,No
5054,Anika,18,Female,Solan,BCA,6.5,82,14,64,63,3,No,0,Yes
5055,Diya,19,Female,Hyderabad,B.Tech,4.4,71,6,50,50,4,No,1,No
5056,Shaurya,22,Male,Chennai,M.Tech,7.0,83,16,69,67,3,Yes,0,No
5057,Simran,19,Female,Jaipur,B.Tech,6.7,87,13,67,70,4,Yes,0,Yes
5058,Aarav,18,Male,Mumbai,B.Sc,6.7,84,11,69,67,2,Yes,0,Yes
5059,Isha,22,Female,Ahmedabad,BCA,4.9,77,12,55,49,3,No,2,No
5060,Ananya,22,Female,Gurugram,B.Tech,8.1,87,14,75,76,2,No,0,Yes
5061,Vansh,21,Male,Bangalore,B.Sc,7.2,84,11,66,67,4,No,0,No
5062,Ishaan,18,Male,Chennai,B.Tech,4.7,78,8,56,54,2,Yes,2,No
5063,Priya,24,Female,Chennai,MCA,9.6,94,16,76,81,5,Yes,0,Yes
5064,Aditya,20,Male,Bangalore,B.Tech,6.2,84,13,66,62,3,No,1,No
5065,Meera,19,Female,Solan,BCA,4.5,77,8,53,46,2,No,4,No
5066,Ishaan,21,Male,Bangalore,B.Sc,5.4,79,10,55,52,1,No,1,No
5067,Aarav,21,Male,Gurugram,B.Tech,4.2,76,8,46,40,1,No,2,No
5068,Sanya,18,Female,Solan,BCA,8.5,88,17,79,77,4,No,0,Yes
5069,Simran,22,Female,Mumbai,MCA,8.1,88,14,75,70,5,No,0,Yes
5070,Ananya,19,Female,Solan,B.Sc,7.6,91,13,75,73,4,Yes,0,Yes
5071,Aditya,22,Male,Delhi,BCA,7.3,86,12,64,66,3,No,0,No
5072,Meera,21,Female,Chandigarh,B.Sc,8.4,89,14,80,78,4,No,0,No
5073,Aadhya,25,Female,Gurugram,M.Tech,6.1,82,12,67,61,3,No,1,No
5074,Riya,21,Female,Pune,B.Tech,7.1,81,14,67,64,4,Yes,0,Yes
5075,Sanya,18,Female,Shimla,BCA,5.3,79,12,55,55,2,No,1,No
5076,Diya,18,Female,Jaipur,B.Tech,6.3,87,11,68,66,3,No,1,No
5077,Aditya,23,Male,Chandigarh,MCA,7.2,83,13,68,63,2,No,2,No
5078,Rohan,21,Male,Pune,B.Sc,3.0,71,6,47,40,2,No,1,Yes
5079,Priya,24,Female,Gurugram,MCA,5.6,80,9,60,57,2,No,1,No
5080,Aarav,22,Male,Mumbai,M.Tech,6.7,83,11,58,58,3,No,0,Yes
5081,Anushka,19,Female,Gurugram,B.Tech,6.4,82,12,55,51,3,No,1,No
5082,Arjun,22,Male,Jaipur,B.Tech,5.8,82,10,59,50,2,No,4,No
5083,Sanya,20,Female,Noida,B.Tech,7.4,83,13,72,70,3,Yes,0,Yes
5084,Priya,18,Female,Chandigarh,BCA,5.4,81,11,57,48,4,Yes,3,No
5085,Krishna,21,Male,Noida,B.Sc,4.7,77,9,56,48,3,No,1,No
5086,Ishaan,22,Male,Bangalore,B.Sc,8.3,84,18,72,74,4,No,0,Yes
5087,Rahul,20,Male,Mumbai,B.Tech,8.1,89,16,84,80,4,Yes,0,Yes
5088,Riya,19,Female,Pune,BCA,5.6,80,9,59,53,1,No,1,No
5089,Tara,20,Female,Noida,B.Sc,6.4,80,11,65,64,3,No,0,No
5090,Reyansh,22,Male,Shimla,B.Tech,7.8,88,12,70,71,5,Yes,0,Yes
5091,Ananya,18,Female,Bangalore,B.Tech,6.6,79,10,63,59,3,No,1,No
5092,Aditya,19,Male,Mumbai,BCA,7.3,83,15,72,73,5,Yes,1,No
5093,Krishna,19,Male,Chandigarh,BCA,7.2,85,13,70,69,3,Yes,1,Yes
5094,Priya,21,Female,Chandigarh,M.Tech,6.0,76,9,49,48,3,No,1,No
5095,Rohan,19,Male,Shimla,BCA,7.3,82,10,71,62,2,No,0,No
5096,Vansh,22,Male,Delhi,B.Sc,5.1,75,7,58,53,3,Yes,2,Yes
5097,Reyansh,19,Male,Noida,BCA,7.1,85,12,72,67,3,Yes,0,No
5098,Ayaan,21,Male,Bangalore,B.Tech,6.4,84,12,70,64,3,No,1,No
5099,Arjun,20,Male,Chennai,B.Tech,6.0,78,10,62,57,2,Yes,1,No
5100,Aditya,22,Male,Bangalore,B.Tech,4.6,73,9,62,47,2,No,3,No
5101,Isha,18,Female,Shimla,B.Tech,6.7,84,11,68,63,3,No,1,No
5102,Arjun,22,Male,Jaipur,B.Tech,6.6,83,14,57,54,4,No,1,No
5103,Meera,21,Female,Solan,BCA,5.2,76,9,57,51,3,No,1,No
5104,Vansh,19,Male,Hyderabad,B.Sc,4.1,80,8,57,47,1,No,2,No
5105,Ayaan,19,Male,Gurugram,BCA,4.0,75,6,44,41,3,No,3,No
5106,Riya,22,Female,Shimla,B.Tech,6.1,81,13,62,59,2,No,0,No
5107,Sanya,19,Female,Pune,B.Sc,7.0,83,11,73,70,4,Yes,0,Yes
5108,Ayaan,19,Male,Hyderabad,BCA,9.3,96,15,83,75,4,No,0,Yes
5109,Anika,24,Female,Hyderabad,MCA,6.4,84,10,65,66,1,Yes,0,Yes
5110,Anushka,21,Female,Jaipur,MCA,4.1,69,9,51,40,2,No,2,No
5111,Riya,20,Female,Mumbai,B.Sc,6.2,80,11,58,56,3,Yes,2,No
5112,Kabir,22,Male,Noida,B.Sc,8.4,88,14,77,73,4,Yes,1,Yes
5113,Ishaan,18,Male,Delhi,B.Tech,5.5,79,10,55,53,3,No,3,No
5114,Kabir,20,Male,Bangalore,B.Tech,8.2,91,15,76,69,4,No,0,No
5115,Riya,21,Female,Mumbai,MCA,6.8,81,11,67,69,3,Yes,0,No
5116,Vivaan,22,Male,Chennai,BCA,7.5,86,14,76,71,5,Yes,0,Yes
5117,Tara,21,Female,Jaipur,BCA,9.3,98,17,87,86,5,Yes,0,Yes
5118,Arjun,24,Male,Noida,MCA,3.7,73,6,45,40,1,No,2,No
5119,Vivaan,21,Male,Solan,B.Sc,7.8,85,12,78,79,2,No,0,No
5120,Priya,18,Female,Mumbai,B.Tech,6.4,78,13,66,58,3,No,0,No
5121,Reyansh,22,Male,Chennai,B.Tech,5.1,76,8,48,40,2,No,2,No
5122,Riya,19,Female,Ahmedabad,B.Tech,6.3,79,7,66,66,4,Yes,0,No
5123,Aadhya,19,Female,Solan,B.Sc,9.0,90,17,81,77,4,No,0,No
5124,Sanya,21,Female,Mumbai,BCA,8.5,91,16,79,77,4,No,0,Yes
5125,Anushka,21,Female,Bangalore,M.Tech,3.5,72,8,51,48,1,No,2,No
5126,Diya,19,Female,Jaipur,B.Sc,5.3,77,10,56,51,3,No,3,No
5127,Diya,18,Female,Mumbai,B.Tech,7.9,82,14,76,74,4,No,0,Yes
5128,Aadhya,22,Female,Bangalore,B.Tech,6.5,85,11,72,68,2,No,0,Yes
5129,Rohan,21,Male,Bangalore,BCA,6.5,82,11,66,62,2,No,1,No
5130,Rahul,23,Male,Delhi,M.Tech,4.1,75,8,52,49,3,No,2,No
5131,Kabir,21,Male,Kolkata,B.Tech,5.4,76,9,60,57,3,No,1,No
5132,Aarav,23,Male,Ahmedabad,MCA,4.5,75,6,54,45,2,No,4,No
5133,Riya,19,Female,Jaipur,B.Tech,4.0,72,7,52,47,1,No,2,No
5134,Kavya,20,Female,Ahmedabad,B.Tech,4.6,72,8,48,45,2,No,2,No
5135,Anika,21,Female,Gurugram,MCA,5.1,75,6,53,50,3,No,3,No
5136,Kabir,20,Male,Shimla,B.Tech,5.4,79,11,54,52,1,No,2,No
5137,Meera,19,Female,Pune,B.Sc,5.2,79,9,64,59,2,No,0,No
5138,Vansh,19,Male,Shimla,B.Tech,8.0,86,12,68,66,2,Yes,0,Yes
5139,Priya,24,Female,Jaipur,MCA,5.1,74,9,60,58,2,Yes,0,Yes
5140,Diya,22,Female,Hyderabad,MCA,8.6,89,15,80,82,5,No,0,Yes
5141,Aditya,21,Male,Mumbai,MCA,5.8,83,12,59,54,2,No,4,No
5142,Arjun,20,Male,Mumbai,B.Tech,7.2,82,14,64,69,3,Yes,1,No
5143,Ayaan,22,Male,Chandigarh,B.Tech,7.2,85,15,70,67,3,No,0,No
5144,Riya,19,Female,Gurugram,BCA,5.2,76,10,56,54,1,No,1,No
5145,Tara,20,Female,Shimla,B.Tech,6.0,84,10,65,59,2,No,0,No
5146,Neha,21,Female,Chennai,B.Sc,5.7,78,9,51,53,2,Yes,4,No
5147,Arjun,22,Male,Noida,BCA,7.1,87,12,70,66,2,Yes,0,Yes
5148,Vivaan,21,Male,Bangalore,B.Tech,6.3,85,11,62,60,3,No,1,No
5149,Sanya,18,Female,Solan,B.Sc,5.4,84,10,66,51,3,No,1,No
5150,Priya,24,Female,Hyderabad,MCA,6.7,79,14,67,62,3,Yes,1,No
5151,Ishaan,23,Male,Noida,M.Tech,7.0,80,12,65,62,4,Yes,0,Yes
5152,Aarav,22,Male,Hyderabad,BCA,9.3,96,14,91,81,5,No,0,Yes
5153,Priya,21,Female,Pune,B.Tech,6.6,86,10,66,65,5,No,0,Yes
5154,Ishaan,21,Male,Bangalore,B.Tech,6.5,81,10,64,60,3,Yes,1,Yes
5155,Kabir,18,Male,Gurugram,B.Tech,7.1,75,11,67,60,2,Yes,0,Yes
5156,Kabir,20,Male,Shimla,B.Tech,5.1,78,5,60,56,2,No,1,No
5157,Sanya,24,Female,Chennai,M.Tech,3.9,69,9,47,45,3,No,3,No
5158,Priya,20,Female,Hyderabad,B.Tech,6.0,79,8,67,61,2,No,1,No
5159,Kavya,19,Female,Kolkata,B.Tech,8.1,89,14,74,68,4,Yes,1,No
5160,Meera,18,Female,Pune,B.Tech,8.4,90,16,74,68,3,Yes,0,Yes
5161,Krishna,18,Male,Delhi,B.Tech,3.7,78,8,56,43,1,No,4,No
5162,Aarav,18,Male,Jaipur,B.Tech,7.5,85,11,70,66,3,No,0,No
5163,Riya,20,Female,Shimla,BCA,3.2,68,8,46,44,1,Yes,1,No
5164,Ayaan,21,Male,Pune,BCA,7.2,88,15,74,69,4,Yes,0,Yes
5165,Tara,21,Female,Chennai,B.Tech,7.1,86,13,78,68,4,Yes,0,No
5166,Reyansh,20,Male,Mumbai,B.Tech,3.9,73,7,48,41,2,No,3,No
5167,Aditya,20,Male,Ahmedabad,B.Sc,8.0,88,13,77,77,4,No,0,Yes
5168,Shaurya,19,Male,Chandigarh,BCA,9.1,91,17,79,81,3,Yes,0,Yes
5169,Ishaan,22,Male,Delhi,B.Tech,6.4,84,12,64,61,3,Yes,2,No
5170,Vivaan,25,Male,Mumbai,M.Tech,6.7,89,11,66,63,4,No,2,No
5171,Aarav,18,Male,Chennai,BCA,8.7,88,17,82,80,4,Yes,0,Yes
5172,Diya,21,Female,Solan,BCA,4.8,78,9,59,53,3,No,3,No
5173,Dhruv,21,Male,Mumbai,MCA,4.8,72,13,54,49,2,No,2,No
5174,Ananya,21,Female,Noida,BCA,5.2,75,8,53,50,2,No,2,No
5175,Aadhya,24,Female,Bangalore,MCA,6.6,85,14,64,61,4,No,0,No
5176,Priya,22,Female,Bangalore,MCA,6.6,83,11,63,58,4,No,0,Yes
5177,Meera,20,Female,Bangalore,B.Tech,5.7,77,11,61,56,4,No,1,No
5178,Simran,23,Female,Ahmedabad,MCA,6.0,81,7,56,56,3,Yes,1,Yes
5179,Aarav,20,Male,Chennai,B.Tech,5.7,83,9,60,54,2,Yes,1,No
5180,Krishna,22,Male,Gurugram,B.Tech,5.8,76,11,54,54,1,No,4,No
5181,Arjun,23,Male,Chandigarh,MCA,5.3,84,10,62,58,1,No,0,No
5182,Ananya,25,Female,Chennai,MCA,5.4,81,7,55,53,2,No,1,No
5183,Isha,18,Female,Chandigarh,B.Sc,3.5,74,6,55,44,3,No,2,No
5184,Ishaan,22,Male,Hyderabad,B.Tech,6.2,82,13,68,63,4,No,1,No
5185,Rohan,21,Male,Pune,BCA,3.6,78,8,49,42,1,No,2,No
5186,Meera,19,Female,Noida,BCA,7.6,89,15,75,72,4,No,0,No
5187,Ayaan,19,Male,Noida,B.Tech,5.7,79,14,62,62,1,No,2,No
5188,Diya,24,Female,Shimla,M.Tech,6.3,84,9,61,55,4,No,1,No
5189,Meera,18,Female,Bangalore,B.Tech,5.9,78,10,66,61,2,No,1,No
5190,Anushka,19,Female,Ahmedabad,B.Tech,6.1,81,11,63,58,3,No,2,No
5191,Simran,21,Female,Jaipur,B.Tech,8.4,94,14,77,72,4,Yes,0,Yes
5192,Diya,19,Female,Chandigarh,BCA,4.5,77,8,55,45,2,No,1,No
5193,Kabir,22,Male,Kolkata,B.Sc,4.1,76,9,46,45,1,No,2,No
5194,Tara,19,Female,Kolkata,B.Tech,6.7,87,12,71,62,3,No,0,Yes
5195,Meera,22,Female,Chandigarh,B.Sc,5.8,82,7,63,59,3,No,0,Yes
5196,Ishaan,22,Male,Bangalore,B.Tech,7.0,82,14,65,64,4,No,0,No
5197,Kabir,19,Male,Solan,BCA,7.6,92,14,79,71,3,Yes,0,Yes
5198,Dhruv,19,Male,Shimla,B.Sc,4.8,78,5,58,54,2,Yes,3,No
5199,Ishaan,22,Male,Jaipur,B.Tech,7.4,88,12,71,65,2,No,0,No
5200,Ananya,19,Female,Hyderabad,BCA,5.0,78,6,58,51,1,No,2,No
5201,Priya,18,Female,Kolkata,B.Sc,6.6,86,11,62,57,2,Yes,2,No
5202,Rohan,20,Male,Ahmedabad,BCA,4.6,82,8,58,53,2,Yes,2,Yes
5203,Krishna,20,Male,Kolkata,BCA,6.7,82,10,60,63,2,No,1,No
5204,Ananya,24,Female,Solan,MCA,6.5,86,12,67,64,4,No,0,Yes
5205,Aarav,23,Male,Solan,M.Tech,4.8,77,7,58,59,2,No,0,Yes
5206,Aarav,18,Male,Chennai,B.Tech,4.5,70,10,52,48,2,No,4,No
5207,Ananya,20,Female,Chandigarh,B.Sc,7.6,82,14,77,75,4,Yes,0,Yes
5208,Aadhya,20,Female,Kolkata,B.Tech,5.8,82,10,59,59,4,No,1,No
5209,Shaurya,18,Male,Delhi,B.Tech,8.0,91,16,78,73,4,No,0,No
5210,Reyansh,22,Male,Ahmedabad,B.Tech,5.7,82,11,53,53,2,No,2,No
5211,Shaurya,23,Male,Chandigarh,M.Tech,8.5,92,16,77,73,3,Yes,0,Yes
5212,Aadhya,21,Female,Pune,BCA,5.1,86,9,59,49,1,No,3,No
5213,Diya,20,Female,Pune,B.Tech,8.7,92,15,87,86,3,No,0,Yes
5214,Reyansh,20,Male,Solan,B.Tech,6.8,83,13,67,61,3,No,0,Yes
5215,Sanya,21,Female,Bangalore,M.Tech,7.1,84,15,73,69,4,No,0,No
5216,Aadhya,18,Female,Shimla,BCA,5.0,82,5,54,55,2,No,0,No
5217,Krishna,21,Male,Jaipur,B.Tech,7.6,83,16,70,63,3,No,1,No
5218,Vansh,22,Male,Shimla,MCA,7.6,90,12,71,71,4,No,0,No
5219,Priya,18,Female,Hyderabad,B.Sc,6.0,81,11,58,56,4,No,1,No
5220,Ayaan,19,Male,Bangalore,B.Tech,3.3,69,5,40,40,1,No,2,No
5221,Rahul,21,Male,Solan,BCA,4.8,72,11,50,47,3,No,2,No
5222,Tara,23,Female,Ahmedabad,M.Tech,4.8,81,7,65,56,2,Yes,1,Yes
5223,Priya,23,Female,Gurugram,MCA,7.2,83,15,69,68,3,Yes,0,Yes
5224,Simran,19,Female,Hyderabad,B.Tech,5.8,80,10,56,51,3,No,3,No
5225,Kavya,21,Female,Bangalore,B.Tech,5.8,77,10,58,57,4,No,1,No
5226,Anika,21,Female,Chandigarh,B.Tech,5.7,86,8,67,57,3,Yes,0,Yes
5227,Krishna,18,Male,Noida,BCA,8.7,91,17,77,83,5,Yes,0,Yes
5228,Sanya,19,Female,Chandigarh,B.Sc,6.6,79,12,71,65,3,No,0,No
5229,Vivaan,18,Male,Hyderabad,B.Tech,6.8,83,13,71,67,2,No,0,No
5230,Aditya,19,Male,Pune,B.Sc,5.6,84,7,61,62,2,No,2,No
5231,Ananya,18,Female,Noida,B.Sc,6.5,80,10,62,58,5,No,0,No
5232,Diya,18,Female,Delhi,B.Sc,5.0,76,9,52,49,2,Yes,4,No
5233,Kabir,24,Male,Delhi,M.Tech,7.0,88,10,71,63,3,Yes,1,Yes
5234,Diya,21,Female,Delhi,BCA,4.8,78,9,57,48,2,No,1,No
5235,Ayaan,20,Male,Bangalore,B.Tech,7.6,83,13,77,69,3,No,1,No
5236,Reyansh,20,Male,Shimla,B.Sc,5.4,80,9,60,57,1,No,2,No
5237,Kabir,24,Male,Gurugram,MCA,7.9,87,15,73,73,2,No,0,Yes
5238,Tara,21,Female,Bangalore,B.Tech,9.4,93,17,90,86,4,Yes,0,Yes
5239,Sanya,21,Female,Gurugram,MCA,6.5,86,10,70,63,3,Yes,2,Yes
5240,Vivaan,20,Male,Gurugram,B.Tech,8.5,90,17,76,78,4,Yes,0,Yes
5241,Ananya,21,Female,Delhi,B.Tech,7.6,86,14,72,70,3,No,0,No
5242,Dhruv,19,Male,Shimla,B.Tech,4.4,75,5,55,46,2,No,3,No
5243,Neha,22,Female,Shimla,M.Tech,6.7,87,12,70,69,2,No,0,No
5244,Rahul,20,Male,Mumbai,BCA,7.3,83,14,66,65,2,No,0,No
5245,Arjun,19,Male,Delhi,B.Tech,7.4,79,13,69,69,4,No,0,Yes
5246,Tara,21,Female,Noida,M.Tech,6.8,83,7,64,62,4,Yes,1,No
5247,Ayaan,20,Male,Jaipur,B.Sc,6.7,85,12,68,70,4,Yes,0,Yes
5248,Kabir,24,Male,Bangalore,MCA,6.5,82,13,60,58,4,No,1,Yes
5249,Simran,19,Female,Shimla,B.Tech,6.7,82,12,63,55,4,No,2,No
5250,Aadhya,18,Female,Mumbai,B.Tech,4.7,75,9,62,53,3,No,1,No
5251,Aarav,21,Male,Ahmedabad,BCA,6.1,81,13,61,59,2,Yes,1,Yes
5252,Reyansh,22,Male,Noida,B.Sc,4.3,71,5,54,49,2,No,4,No
5253,Ayaan,18,Male,Solan,B.Sc,5.8,82,12,61,59,2,No,0,Yes
5254,Ishaan,19,Male,Kolkata,B.Sc,5.6,72,11,52,49,2,No,3,No
5255,Aarav,18,Male,Pune,B.Sc,5.5,81,7,56,58,3,No,0,No
5256,Tara,22,Female,Shimla,B.Tech,4.9,78,10,53,52,3,No,4,No
5257,Diya,22,Female,Solan,B.Sc,6.9,86,15,77,71,4,Yes,0,Yes
5258,Aditya,18,Male,Jaipur,BCA,6.0,75,11,59,54,3,Yes,1,No
5259,Vivaan,21,Male,Chennai,B.Tech,5.9,82,11,63,64,3,No,0,No
5260,Arjun,21,Male,Noida,B.Tech,4.4,74,6,54,50,2,No,3,No
5261,Kabir,22,Male,Solan,B.Sc,6.1,86,10,67,60,4,No,0,Yes
5262,Ananya,23,Female,Ahmedabad,MCA,8.2,90,13,80,81,5,Yes,0,Yes
5263,Kabir,20,Male,Bangalore,B.Tech,8.2,85,15,73,73,4,No,1,No
5264,Vansh,21,Male,Noida,B.Tech,7.1,80,12,63,67,3,No,0,Yes
5265,Neha,20,Female,Hyderabad,B.Tech,6.1,80,10,59,54,3,No,1,No
5266,Ishaan,24,Male,Bangalore,M.Tech,7.3,88,14,66,65,4,No,0,No
5267,Aadhya,19,Female,Jaipur,B.Sc,5.5,83,12,59,59,3,No,1,No
5268,Arjun,24,Male,Noida,M.Tech,6.1,82,11,48,48,2,No,4,No
5269,Anushka,22,Female,Chennai,MCA,5.4,79,7,61,55,2,No,0,Yes
5270,Isha,22,Female,Solan,B.Tech,7.9,87,14,77,66,4,No,0,No
5271,Isha,20,Female,Delhi,B.Tech,7.7,87,14,69,70,3,No,0,Yes
5272,Anika,22,Female,Shimla,BCA,6.4,86,13,61,62,2,Yes,1,No
5273,Aarav,18,Male,Chandigarh,B.Tech,9.1,91,16,88,82,3,Yes,0,Yes
5274,Dhruv,18,Male,Mumbai,B.Tech,7.1,87,14,74,71,3,Yes,0,Yes
5275,Ananya,22,Female,Pune,B.Tech,7.0,83,14,67,63,4,No,0,Yes
5276,Anika,21,Female,Noida,B.Sc,6.9,87,12,67,60,4,No,1,No
5277,Rohan,21,Male,Noida,BCA,4.6,78,10,54,48,2,No,1,No
5278,Shaurya,20,Male,Pune,B.Tech,5.2,81,11,53,48,4,No,2,No
5279,Krishna,22,Male,Jaipur,BCA,6.4,88,10,68,64,3,No,1,No
5280,Rahul,18,Male,Hyderabad,B.Tech,6.4,75,13,57,56,3,No,0,Yes
5281,Krishna,22,Male,Solan,B.Sc,7.4,88,13,63,68,2,Yes,0,Yes
5282,Sanya,22,Female,Delhi,B.Sc,5.5,81,10,57,52,3,No,2,No
5283,Vansh,20,Male,Bangalore,B.Tech,6.6,84,12,63,61,2,No,0,No
5284,Rohan,21,Male,Bangalore,B.Sc,6.6,84,14,74,68,4,Yes,0,No
5285,Neha,18,Female,Chennai,BCA,6.7,84,14,74,68,2,Yes,0,Yes
5286,Simran,20,Female,Jaipur,B.Tech,6.5,84,12,62,58,4,No,0,No
5287,Neha,18,Female,Noida,B.Tech,4.4,78,8,53,47,2,No,1,No
5288,Kavya,21,Female,Hyderabad,M.Tech,3.1,73,5,42,40,1,No,2,No
5289,Vansh,21,Male,Mumbai,B.Tech,5.1,78,13,64,59,1,No,1,No
5290,Priya,21,Female,Chennai,BCA,5.7,79,9,53,45,3,No,1,No
5291,Meera,23,Female,Kolkata,MCA,4.7,77,8,56,52,1,No,2,No
5292,Aditya,19,Male,Chennai,B.Tech,6.4,81,12,70,62,1,No,1,No
5293,Isha,20,Female,Noida,B.Tech,8.1,94,13,76,77,5,Yes,0,Yes
5294,Tara,23,Female,Bangalore,MCA,7.6,83,15,71,72,4,No,0,Yes
5295,Kabir,19,Male,Delhi,B.Tech,7.2,87,11,75,73,2,Yes,0,Yes
5296,Aditya,18,Male,Kolkata,B.Sc,8.0,90,13,72,69,2,Yes,0,Yes
5297,Reyansh,22,Male,Jaipur,B.Sc,5.1,76,9,58,48,3,No,2,No
5298,Dhruv,19,Male,Hyderabad,B.Sc,5.8,81,9,55,57,2,Yes,1,No
5299,Krishna,25,Male,Delhi,M.Tech,7.4,90,15,67,70,3,Yes,0,Yes
5300,Aadhya,21,Female,Jaipur,MCA,5.8,79,8,64,53,3,No,1,No
5301,Shaurya,19,Male,Noida,B.Sc,5.9,85,9,60,61,2,No,0,No
5302,Ananya,24,Female,Pune,MCA,9.3,96,16,86,85,3,Yes,0,Yes
5303,Riya,23,Female,Solan,MCA,6.6,81,13,61,60,1,No,1,No
5304,Meera,22,Female,Noida,M.Tech,9.1,89,19,82,79,4,Yes,0,Yes
5305,Neha,19,Female,Bangalore,B.Sc,3.8,74,8,42,42,4,No,2,No
5306,Kabir,18,Male,Shimla,B.Tech,5.6,76,8,64,57,2,No,1,No
5307,Aarav,21,Male,Kolkata,B.Sc,7.1,76,12,69,65,2,Yes,0,Yes
5308,Riya,19,Female,Kolkata,B.Tech,6.6,82,14,63,54,4,No,2,No
5309,Anushka,21,Female,Noida,B.Tech,3.4,78,6,41,40,1,No,2,No
5310,Neha,22,Female,Hyderabad,B.Tech,6.2,80,9,62,56,2,No,1,No
5311,Vivaan,22,Male,Gurugram,M.Tech,10.0,96,20,87,81,5,Yes,0,Yes
5312,Ananya,21,Female,Delhi,B.Tech,6.9,86,12,67,69,2,No,0,No
5313,Aditya,20,Male,Ahmedabad,B.Sc,7.4,86,13,76,71,4,No,1,No
5314,Neha,18,Female,Kolkata,BCA,5.5,78,9,64,53,3,Yes,2,No
5315,Ananya,21,Female,Chandigarh,B.Tech,6.9,88,11,71,64,3,No,0,No
5316,Arjun,18,Male,Ahmedabad,BCA,6.5,83,14,72,64,2,Yes,1,Yes
5317,Isha,19,Female,Mumbai,B.Sc,8.2,88,15,65,66,3,No,0,No
5318,Kabir,22,Male,Shimla,MCA,8.1,91,15,76,76,4,Yes,0,Yes
5319,Rohan,22,Male,Shimla,B.Tech,7.1,82,11,67,64,3,Yes,2,No
5320,Vivaan,18,Male,Kolkata,B.Tech,6.6,79,11,68,64,4,No,0,No
5321,Anika,20,Female,Shimla,B.Sc,4.0,69,6,46,41,2,No,4,No
5322,Simran,20,Female,Solan,B.Tech,3.9,75,6,52,48,1,No,1,No
5323,Ananya,21,Female,Bangalore,B.Tech,6.6,83,13,64,66,3,Yes,0,Yes
5324,Rohan,20,Male,Shimla,B.Tech,7.8,90,14,72,70,4,No,0,Yes
5325,Kavya,18,Female,Delhi,B.Sc,8.5,90,16,82,76,3,Yes,0,Yes
5326,Riya,19,Female,Noida,B.Tech,5.2,74,10,56,51,3,Yes,4,No
5327,Shaurya,18,Male,Mumbai,BCA,4.2,74,7,52,40,2,No,3,No
5328,Diya,21,Female,Chandigarh,M.Tech,7.9,90,15,71,71,4,No,0,No
5329,Arjun,19,Male,Shimla,B.Sc,5.3,78,9,60,50,3,No,4,No
5330,Meera,18,Female,Solan,B.Tech,4.1,78,6,47,42,3,No,4,No
5331,Vivaan,20,Male,Noida,BCA,5.8,79,9,67,62,2,No,0,Yes
5332,Kabir,21,Male,Hyderabad,B.Tech,5.7,82,10,60,54,2,No,2,Yes
5333,Dhruv,21,Male,Hyderabad,B.Tech,8.5,84,14,74,73,5,No,0,Yes
5334,Ananya,18,Female,Chandigarh,B.Tech,7.8,87,16,77,74,5,No,0,Yes
5335,Arjun,19,Male,Chennai,BCA,5.4,78,12,58,52,3,No,3,No
5336,Vansh,22,Male,Delhi,BCA,8.6,86,16,80,81,4,Yes,0,Yes
5337,Sanya,21,Female,Chennai,M.Tech,6.7,87,12,67,66,3,No,0,Yes
5338,Simran,21,Female,Chennai,M.Tech,8.1,86,15,78,77,3,No,0,Yes
5339,Kabir,22,Male,Jaipur,B.Tech,8.5,88,19,77,74,4,Yes,0,Yes
5340,Arjun,21,Male,Jaipur,B.Sc,6.1,85,14,68,64,3,Yes,0,No
5341,Reyansh,21,Male,Noida,B.Tech,7.4,86,13,76,69,3,Yes,0,Yes
5342,Kabir,22,Male,Shimla,B.Sc,5.9,83,10,56,54,2,No,1,No
5343,Riya,19,Female,Pune,B.Tech,7.9,83,15,74,64,4,No,0,No
5344,Diya,21,Female,Shimla,M.Tech,6.6,81,10,73,70,3,No,1,No
5345,Anika,23,Female,Gurugram,MCA,7.9,94,12,80,81,4,Yes,0,Yes
5346,Ishaan,21,Male,Chandigarh,B.Tech,8.8,93,14,91,86,3,Yes,0,Yes
5347,Tara,21,Female,Pune,B.Sc,7.3,82,13,66,60,2,No,0,Yes
5348,Anushka,21,Female,Gurugram,B.Sc,6.4,83,10,66,61,2,Yes,1,No
5349,Anushka,19,Female,Bangalore,BCA,6.4,79,14,66,62,3,No,0,No
5350,Anika,22,Female,Delhi,B.Sc,3.0,75,5,43,40,1,No,2,No
5351,Simran,19,Female,Kolkata,B.Sc,5.4,72,8,51,57,2,No,1,No
5352,Tara,24,Female,Ahmedabad,MCA,7.9,88,11,83,77,4,Yes,0,Yes
5353,Rahul,18,Male,Mumbai,B.Sc,8.0,89,13,80,74,3,No,0,No
5354,Ananya,21,Female,Noida,BCA,5.4,76,9,60,55,3,No,2,No
5355,Neha,21,Female,Chandigarh,MCA,6.7,83,12,67,63,2,Yes,2,No
5356,Simran,21,Female,Solan,M.Tech,6.2,83,11,65,58,3,Yes,0,Yes
5357,Dhruv,21,Male,Chandigarh,B.Tech,7.5,81,13,72,64,4,Yes,0,No
5358,Anushka,21,Female,Chandigarh,B.Tech,9.8,90,16,91,91,5,Yes,0,Yes
5359,Aadhya,18,Female,Jaipur,B.Sc,7.6,86,14,70,66,3,No,0,No
5360,Vansh,22,Male,Gurugram,M.Tech,5.5,77,9,59,52,2,Yes,3,No
5361,Shaurya,19,Male,Shimla,B.Tech,6.4,81,13,63,58,4,Yes,1,No
5362,Anika,19,Female,Noida,BCA,8.6,90,13,75,71,4,No,0,No
5363,Meera,20,Female,Noida,B.Tech,4.4,73,7,49,47,2,No,2,No
5364,Kavya,18,Female,Hyderabad,B.Sc,5.6,80,13,61,58,4,No,1,No
5365,Vivaan,23,Male,Mumbai,M.Tech,7.6,87,17,72,70,4,No,0,Yes
5366,Meera,20,Female,Solan,BCA,8.4,92,13,79,79,3,Yes,0,Yes
5367,Dhruv,18,Male,Mumbai,BCA,7.4,82,15,73,71,4,Yes,0,Yes
5368,Rahul,23,Male,Hyderabad,MCA,5.6,78,13,64,60,2,No,0,Yes
5369,Reyansh,18,Male,Chennai,B.Tech,7.3,87,15,82,80,3,Yes,0,Yes
5370,Krishna,25,Male,Ahmedabad,MCA,7.1,80,13,71,70,3,No,1,No
5371,Rahul,22,Male,Jaipur,BCA,7.0,85,10,67,65,2,Yes,0,Yes
5372,Aditya,18,Male,Chandigarh,BCA,6.4,82,12,69,61,3,No,2,No
5373,Krishna,18,Male,Gurugram,BCA,6.6,75,12,62,56,3,Yes,1,No
5374,Dhruv,18,Male,Mumbai,B.Sc,5.1,76,10,53,44,2,No,1,No
5375,Aditya,22,Male,Chandigarh,M.Tech,10.0,96,19,91,92,5,No,0,Yes
5376,Rahul,21,Male,Chandigarh,M.Tech,6.7,83,11,72,65,2,Yes,0,Yes
5377,Arjun,24,Male,Delhi,MCA,7.3,84,12,68,67,4,No,0,Yes
5378,Diya,22,Female,Chandigarh,B.Tech,6.2,82,8,65,58,2,No,2,No
5379,Aditya,22,Male,Chandigarh,B.Tech,7.8,90,15,77,80,5,Yes,0,Yes
5380,Aditya,18,Male,Shimla,BCA,4.6,78,7,50,41,2,No,2,No
5381,Kabir,25,Male,Noida,MCA,3.9,71,7,42,40,1,No,1,No
5382,Aarav,18,Male,Jaipur,BCA,6.5,78,12,58,56,3,No,2,No
5383,Neha,21,Female,Kolkata,M.Tech,9.6,95,16,91,88,5,Yes,0,Yes
5384,Aadhya,25,Female,Delhi,M.Tech,8.3,86,13,74,72,4,No,0,No
5385,Anika,22,Female,Delhi,BCA,5.3,77,10,55,49,3,No,1,No
5386,Meera,24,Female,Bangalore,MCA,7.3,86,10,72,65,4,No,0,No
5387,Anushka,23,Female,Delhi,M.Tech,5.5,83,11,66,65,3,Yes,0,Yes
5388,Rahul,24,Male,Ahmedabad,MCA,7.1,89,14,66,64,4,Yes,0,No
5389,Kabir,21,Male,Solan,B.Sc,7.3,86,12,63,64,3,Yes,0,No
5390,Shaurya,25,Male,Gurugram,MCA,7.9,86,13,80,71,3,No,0,No
5391,Arjun,21,Male,Ahmedabad,B.Tech,4.2,71,6,51,40,2,No,1,No
5392,Tara,22,Female,Delhi,B.Sc,4.6,82,8,52,45,1,No,3,No
5393,Simran,19,Female,Noida,B.Tech,6.4,82,11,63,63,4,No,1,No
5394,Dhruv,18,Male,Jaipur,B.Tech,5.0,80,9,53,49,3,No,2,Yes
5395,Diya,23,Female,Ahmedabad,MCA,4.8,77,11,57,49,3,No,4,No
5396,Anika,19,Female,Solan,B.Sc,6.9,83,10,72,69,2,Yes,0,Yes
5397,Aditya,18,Male,Bangalore,B.Tech,5.1,76,8,59,52,3,No,3,No
5398,Reyansh,18,Male,Shimla,BCA,9.9,91,19,87,91,4,Yes,0,Yes
5399,Kabir,23,Male,Noida,M.Tech,5.7,83,13,63,62,3,No,0,Yes
5400,Rahul,24,Male,Jaipur,MCA,6.1,81,10,60,56,3,No,0,Yes
5401,Reyansh,18,Male,Ahmedabad,B.Tech,6.9,88,14,68,63,2,No,0,No
5402,Shaurya,23,Male,Kolkata,M.Tech,4.2,73,6,50,44,3,Yes,4,No
5403,Ayaan,22,Male,Kolkata,BCA,7.3,85,13,69,68,2,Yes,0,Yes
5404,Krishna,18,Male,Delhi,B.Sc,7.0,81,13,67,64,3,Yes,1,No
5405,Anika,18,Female,Gurugram,B.Sc,6.0,80,10,56,58,3,No,0,No
5406,Aadhya,24,Female,Pune,MCA,6.9,80,12,70,67,4,No,0,Yes
5407,Isha,24,Female,Shimla,MCA,7.1,86,11,66,68,4,No,0,No
5408,Rahul,22,Male,Noida,B.Tech,8.7,91,17,71,70,3,Yes,1,No
5409,Shaurya,18,Male,Noida,B.Sc,10.0,99,17,87,85,4,No,0,Yes
5410,Diya,21,Female,Hyderabad,BCA,4.9,73,8,53,51,2,Yes,3,Yes
5411,Vivaan,20,Male,Chennai,BCA,4.6,80,7,63,54,2,No,4,No
5412,Shaurya,18,Male,Jaipur,BCA,6.7,81,11,64,61,4,No,0,No
5413,Isha,20,Female,Pune,BCA,3.4,73,6,47,40,1,No,3,No
5414,Isha,19,Female,Delhi,BCA,7.5,83,14,72,70,3,Yes,0,Yes
5415,Shaurya,22,Male,Delhi,B.Tech,6.7,84,16,61,64,3,Yes,1,Yes
5416,Aditya,21,Male,Delhi,B.Sc,7.1,77,12,66,58,4,No,2,No
5417,Krishna,19,Male,Mumbai,B.Sc,6.0,79,11,61,57,3,No,1,No
5418,Rahul,21,Male,Hyderabad,BCA,6.9,84,14,68,65,4,Yes,0,Yes
5419,Vansh,22,Male,Mumbai,M.Tech,7.2,90,13,74,66,4,No,0,No
5420,Vansh,21,Male,Kolkata,B.Tech,6.8,77,12,68,64,3,No,1,No
5421,Ishaan,22,Male,Solan,BCA,4.5,76,8,49,40,2,No,1,No
5422,Neha,18,Female,Delhi,BCA,6.8,82,13,69,63,3,Yes,0,Yes
5423,Anika,20,Female,Pune,B.Tech,9.3,87,18,78,79,4,Yes,0,Yes
5424,Kavya,19,Female,Hyderabad,B.Tech,6.9,81,14,63,62,4,No,0,Yes
5425,Rahul,23,Male,Mumbai,MCA,6.7,82,14,73,73,3,Yes,1,Yes
5426,Shaurya,20,Male,Chandigarh,BCA,8.8,92,17,74,73,4,No,0,Yes
5427,Shaurya,21,Male,Shimla,BCA,5.4,79,10,57,49,3,No,2,No
5428,Rahul,18,Male,Chandigarh,BCA,7.8,83,17,73,74,4,No,0,Yes
5429,Reyansh,24,Male,Chandigarh,MCA,5.7,74,10,56,40,3,No,2,No
5430,Aadhya,20,Female,Kolkata,BCA,8.1,90,16,77,73,4,No,0,Yes
5431,Sanya,25,Female,Ahmedabad,MCA,7.7,86,16,68,67,3,Yes,0,No
5432,Isha,18,Female,Shimla,B.Tech,5.9,85,12,56,51,2,No,2,No
5433,Aditya,18,Male,Jaipur,BCA,6.1,80,10,59,56,3,No,1,No
5434,Sanya,20,Female,Delhi,B.Tech,8.0,91,19,77,72,3,Yes,0,Yes
5435,Ishaan,24,Male,Noida,MCA,3.7,75,9,48,40,1,No,2,No
5436,Reyansh,22,Male,Bangalore,B.Sc,5.8,83,12,65,61,2,No,0,No
5437,Rahul,19,Male,Delhi,BCA,7.4,87,12,66,67,3,Yes,0,Yes
5438,Meera,21,Female,Solan,B.Tech,6.0,82,12,60,54,4,No,1,No
5439,Aadhya,18,Female,Pune,BCA,6.7,77,9,64,60,2,No,1,No
5440,Kabir,21,Male,Noida,B.Tech,3.4,71,6,42,43,1,No,1,No
5441,Kavya,19,Female,Ahmedabad,BCA,5.2,76,10,57,54,3,No,3,No
5442,Neha,25,Female,Delhi,MCA,7.5,90,13,72,69,3,No,0,No
5443,Ayaan,22,Male,Kolkata,B.Sc,5.4,76,12,59,59,2,Yes,0,Yes
5444,Krishna,19,Male,Ahmedabad,B.Tech,4.5,75,8,54,43,2,No,2,No
5445,Rahul,22,Male,Chennai,M.Tech,8.1,91,13,69,64,3,Yes,1,No
5446,Riya,23,Female,Kolkata,MCA,7.3,86,14,77,72,5,Yes,0,Yes
5447,Shaurya,18,Male,Bangalore,BCA,4.9,78,9,47,48,2,No,2,No
5448,Anushka,20,Female,Gurugram,BCA,6.7,87,9,62,56,3,No,0,Yes
5449,Krishna,24,Male,Mumbai,MCA,4.9,78,11,55,46,3,No,2,No
5450,Anika,19,Female,Mumbai,B.Sc,6.3,80,11,65,63,4,Yes,2,Yes
5451,Rohan,20,Male,Kolkata,BCA,6.8,80,14,65,59,2,No,0,Yes
5452,Ananya,18,Female,Noida,B.Sc,5.3,80,10,56,51,3,No,2,No
5453,Neha,18,Female,Gurugram,B.Tech,7.6,84,13,71,70,2,Yes,0,Yes
5454,Aadhya,22,Female,Gurugram,MCA,7.8,87,15,76,76,4,No,0,No
5455,Simran,20,Female,Shimla,BCA,6.9,87,12,65,62,3,No,0,No
5456,Rahul,22,Male,Bangalore,B.Sc,7.1,84,13,65,65,4,No,1,No
5457,Priya,19,Female,Noida,B.Tech,4.3,74,9,48,40,2,No,3,No
5458,Rohan,21,Male,Hyderabad,B.Tech,8.5,89,16,83,81,4,No,0,No
5459,Rohan,20,Male,Mumbai,BCA,6.4,82,12,66,59,3,No,1,No
5460,Tara,20,Female,Shimla,BCA,5.1,75,9,58,49,1,No,2,No
5461,Dhruv,19,Male,Mumbai,B.Sc,6.7,88,11,75,75,2,Yes,0,Yes
5462,Kabir,20,Male,Chandigarh,B.Tech,7.6,85,15,75,77,5,Yes,0,Yes
5463,Anika,20,Female,Mumbai,B.Tech,7.3,88,15,72,69,3,Yes,1,No
5464,Ayaan,21,Male,Gurugram,BCA,4.9,74,8,60,58,3,No,1,No
5465,Neha,21,Female,Jaipur,B.Sc,7.6,88,14,69,67,3,No,0,No
5466,Rahul,22,Male,Solan,B.Tech,6.4,83,9,64,60,4,No,0,No
5467,Aarav,21,Male,Solan,B.Tech,7.3,86,16,76,71,3,Yes,0,Yes
5468,Vansh,25,Male,Jaipur,MCA,5.3,79,11,49,45,1,No,2,No
5469,Anika,21,Female,Chennai,B.Tech,8.1,90,14,73,65,4,No,0,Yes
5470,Anika,25,Female,Jaipur,MCA,6.8,83,12,70,65,4,Yes,0,No
5471,Riya,21,Female,Noida,BCA,8.3,89,17,78,80,2,No,0,No
5472,Anushka,21,Female,Pune,B.Sc,4.2,76,8,53,47,2,No,2,No
5473,Aarav,19,Male,Solan,B.Tech,4.4,72,9,43,44,2,No,2,No
5474,Vivaan,24,Male,Pune,MCA,6.1,77,10,58,57,5,No,1,Yes
5475,Sanya,22,Female,Noida,B.Tech,8.7,91,17,82,77,5,No,0,Yes
5476,Rohan,19,Male,Delhi,BCA,9.4,87,17,78,80,3,Yes,0,Yes
5477,Shaurya,22,Male,Chandigarh,B.Tech,5.2,73,10,58,52,3,Yes,1,No
5478,Reyansh,24,Male,Chandigarh,MCA,6.6,89,11,70,62,3,Yes,0,Yes
5479,Anushka,24,Female,Mumbai,MCA,6.7,88,12,64,65,3,No,0,No
5480,Aadhya,22,Female,Bangalore,BCA,7.6,85,14,73,66,3,No,0,No
5481,Shaurya,20,Male,Chandigarh,B.Tech,7.8,90,13,78,72,3,Yes,0,Yes
5482,Krishna,19,Male,Shimla,B.Sc,4.8,80,12,57,58,3,Yes,1,No
5483,Sanya,22,Female,Chandigarh,MCA,6.6,85,10,69,67,1,No,0,No
5484,Meera,21,Female,Pune,B.Sc,3.5,72,7,40,40,1,No,1,No
5485,Ayaan,22,Male,Shimla,M.Tech,7.7,89,14,83,70,4,No,1,Yes
5486,Diya,22,Female,Solan,BCA,6.0,83,12,74,65,1,Yes,0,No
5487,Rohan,21,Male,Gurugram,B.Tech,4.7,78,5,60,49,2,No,2,No
5488,Rahul,19,Male,Pune,B.Tech,7.0,80,10,67,64,2,No,1,No
5489,Riya,18,Female,Shimla,B.Sc,5.9,87,10,63,58,3,Yes,2,No
5490,Tara,19,Female,Gurugram,BCA,8.4,97,17,79,74,4,No,1,Yes
5491,Kabir,22,Male,Bangalore,B.Tech,5.2,72,9,58,57,3,No,0,No
5492,Neha,19,Female,Kolkata,B.Tech,9.8,96,17,92,92,3,Yes,0,Yes
5493,Meera,20,Female,Bangalore,BCA,7.8,93,14,74,68,4,Yes,0,No
5494,Meera,20,Female,Solan,B.Tech,8.4,92,14,79,82,3,No,0,Yes
5495,Diya,21,Female,Ahmedabad,B.Tech,5.0,81,10,62,51,3,No,3,No
5496,Sanya,23,Female,Gurugram,MCA,9.2,88,17,81,86,4,No,0,Yes
5497,Dhruv,22,Male,Noida,B.Tech,4.7,79,9,56,49,1,No,1,No
5498,Vivaan,18,Male,Delhi,B.Tech,6.2,82,13,69,62,2,No,0,No
5499,Rohan,18,Male,Jaipur,B.Sc,8.5,92,15,84,85,4,Yes,0,Yes
5500,Vivaan,24,Male,Solan,MCA,7.3,82,13,73,69,4,No,0,Yes
5501,Aadhya,21,Female,Solan,B.Sc,4.6,73,7,48,48,2,Yes,1,No
5502,Krishna,20,Male,Chandigarh,B.Tech,8.2,88,13,72,68,3,Yes,0,Yes
5503,Shaurya,25,Male,Hyderabad,MCA,7.0,83,13,65,64,2,Yes,0,Yes
5504,Vivaan,20,Male,Ahmedabad,BCA,5.9,80,11,59,57,3,No,1,No
5505,Rohan,22,Male,Mumbai,BCA,4.2,73,9,51,49,2,Yes,1,No
5506,Ayaan,22,Male,Delhi,B.Sc,7.2,85,14,70,69,4,Yes,0,Yes
5507,Aadhya,18,Female,Kolkata,B.Sc,6.3,80,12,63,60,4,Yes,2,No
5508,Ayaan,22,Male,Solan,BCA,6.7,83,15,66,64,2,Yes,2,No
5509,Ananya,22,Female,Hyderabad,M.Tech,4.1,70,7,45,40,3,No,3,No
5510,Kavya,22,Female,Ahmedabad,B.Sc,5.9,82,10,60,58,3,Yes,2,No
5511,Arjun,21,Male,Shimla,MCA,7.2,86,13,80,75,3,No,0,No
5512,Reyansh,20,Male,Pune,BCA,9.3,89,15,85,81,4,Yes,0,Yes
5513,Aditya,22,Male,Noida,B.Tech,6.2,86,12,65,61,2,No,0,No
5514,Neha,19,Female,Shimla,BCA,8.7,88,16,73,77,3,Yes,0,Yes
5515,Simran,21,Female,Chennai,B.Tech,7.7,91,14,71,77,3,No,0,Yes
5516,Vivaan,20,Male,Mumbai,B.Tech,6.9,85,13,68,69,4,No,0,No
5517,Tara,21,Female,Kolkata,B.Sc,5.0,81,10,63,56,2,No,0,No
5518,Priya,19,Female,Jaipur,B.Sc,5.0,78,10,57,53,4,Yes,3,Yes
5519,Vivaan,18,Male,Ahmedabad,B.Tech,7.4,88,13,73,69,3,Yes,1,No
5520,Rohan,18,Male,Shimla,BCA,5.7,83,13,66,60,2,Yes,1,No
5521,Meera,20,Female,Jaipur,B.Tech,5.6,85,8,58,57,1,No,0,Yes
5522,Neha,25,Female,Ahmedabad,MCA,6.2,85,10,71,67,2,No,0,Yes
5523,Isha,22,Female,Noida,B.Tech,6.3,83,11,63,60,4,No,1,No
5524,Isha,21,Female,Kolkata,B.Sc,7.9,84,13,78,71,5,No,0,No
5525,Isha,18,Female,Mumbai,B.Sc,5.7,73,8,64,58,3,No,0,No
5526,Ayaan,22,Male,Shimla,BCA,7.7,87,16,70,66,4,No,0,Yes
5527,Riya,22,Female,Chennai,B.Tech,7.2,83,14,69,63,2,Yes,0,Yes
5528,Sanya,18,Female,Bangalore,BCA,4.0,72,6,52,47,1,No,4,No
5529,Meera,21,Female,Pune,MCA,6.9,84,13,67,65,3,No,0,Yes
5530,Aarav,19,Male,Solan,B.Sc,3.0,72,5,43,40,1,No,3,No
5531,Aarav,21,Male,Hyderabad,B.Sc,5.2,76,9,55,50,2,No,2,No
5532,Aarav,18,Male,Ahmedabad,B.Sc,7.2,88,12,64,65,4,Yes,0,Yes
5533,Kabir,19,Male,Hyderabad,B.Tech,6.5,83,12,70,66,2,No,1,No
5534,Dhruv,18,Male,Noida,B.Tech,3.8,73,6,44,41,3,No,2,No
5535,Neha,23,Female,Pune,MCA,4.8,82,7,48,43,4,No,1,No
5536,Isha,23,Female,Gurugram,MCA,3.0,71,7,48,40,2,No,1,No
5537,Krishna,20,Male,Chennai,B.Sc,4.5,76,7,55,49,2,No,1,No
5538,Anushka,18,Female,Shimla,B.Sc,7.4,87,15,67,68,3,No,0,Yes
5539,Rohan,22,Male,Jaipur,BCA,5.7,85,9,67,63,2,No,1,No
5540,Vivaan,22,Male,Chandigarh,B.Tech,6.8,84,10,70,75,3,No,0,No
5541,Dhruv,20,Male,Noida,B.Sc,6.5,84,12,66,66,4,No,0,No
5542,Vivaan,24,Male,Chandigarh,MCA,6.5,82,11,64,62,3,No,1,No
5543,Vansh,19,Male,Solan,BCA,8.0,88,12,75,73,5,No,0,Yes
5544,Reyansh,20,Male,Bangalore,B.Tech,6.2,80,12,64,57,3,Yes,0,No
5545,Ishaan,19,Male,Chandigarh,B.Tech,7.9,86,12,71,68,4,No,0,No
5546,Kavya,19,Female,Hyderabad,B.Tech,3.0,76,5,50,41,1,No,1,No
5547,Aarav,20,Male,Mumbai,BCA,8.2,87,16,78,76,3,Yes,0,Yes
5548,Aadhya,25,Female,Solan,M.Tech,4.6,71,11,51,55,3,Yes,0,Yes
5549,Sanya,24,Female,Hyderabad,MCA,4.9,78,8,63,53,4,Yes,2,No
5550,Neha,23,Female,Bangalore,MCA,5.4,82,12,59,52,3,No,2,No
5551,Priya,19,Female,Chandigarh,B.Sc,8.1,92,16,83,79,3,No,0,Yes
5552,Kabir,18,Male,Pune,BCA,5.2,75,10,57,51,3,Yes,2,Yes
5553,Rahul,21,Male,Chandigarh,M.Tech,5.5,83,10,64,59,2,No,0,No
5554,Simran,19,Female,Ahmedabad,BCA,5.1,84,8,58,51,2,No,3,No
5555,Vivaan,23,Male,Noida,MCA,6.9,82,13,60,59,3,No,0,No
5556,Riya,22,Female,Mumbai,B.Sc,7.6,86,15,74,72,3,No,0,Yes
5557,Tara,20,Female,Gurugram,B.Tech,9.1,88,14,76,76,4,No,0,Yes
5558,Tara,21,Female,Noida,BCA,10.0,100,18,88,87,4,Yes,0,Yes
5559,Neha,18,Female,Hyderabad,BCA,7.5,82,13,71,70,3,Yes,0,Yes
5560,Kavya,19,Female,Shimla,B.Tech,7.0,83,12,66,64,4,No,2,No
5561,Riya,22,Female,Chandigarh,BCA,4.7,79,7,55,48,2,No,1,No
5562,Kabir,23,Male,Pune,MCA,9.4,91,15,84,82,5,No,0,Yes
5563,Sanya,21,Female,Jaipur,B.Sc,6.8,81,12,61,64,3,No,1,No
5564,Rohan,20,Male,Chandigarh,B.Tech,6.1,81,11,64,61,2,No,0,No
5565,Kabir,21,Male,Bangalore,BCA,7.1,92,12,70,66,2,Yes,0,Yes
5566,Kavya,20,Female,Delhi,B.Sc,5.5,78,11,54,54,3,Yes,1,No
5567,Kabir,22,Male,Solan,BCA,3.0,70,5,40,40,1,No,2,No
5568,Vansh,22,Male,Mumbai,BCA,7.4,83,14,64,68,3,No,0,No
5569,Reyansh,19,Male,Delhi,B.Sc,8.5,91,13,79,80,5,No,0,Yes
5570,Neha,22,Female,Noida,BCA,7.3,88,13,72,72,3,No,0,No
5571,Aarav,21,Male,Pune,B.Tech,6.5,81,8,67,62,1,No,1,No
5572,Diya,19,Female,Hyderabad,BCA,6.5,84,10,73,64,3,Yes,1,No
5573,Reyansh,22,Male,Shimla,BCA,6.8,82,12,72,69,3,Yes,1,No
5574,Diya,18,Female,Solan,B.Tech,6.7,78,10,69,67,2,No,0,No
5575,Neha,21,Female,Mumbai,B.Tech,6.4,84,9,70,64,3,Yes,1,No
5576,Rohan,19,Male,Jaipur,BCA,6.5,89,13,69,61,1,Yes,1,Yes
5577,Vivaan,24,Male,Chennai,MCA,8.8,87,13,79,79,2,No,0,Yes
5578,Ayaan,19,Male,Noida,B.Sc,7.2,86,13,77,73,3,No,0,Yes
5579,Anushka,21,Female,Hyderabad,B.Sc,6.7,87,14,69,61,3,No,1,No
5580,Aadhya,18,Female,Gurugram,BCA,7.5,86,14,73,71,3,No,0,Yes
5581,Isha,22,Female,Chandigarh,B.Tech,7.5,82,14,75,75,3,No,0,No
5582,Kabir,20,Male,Pune,B.Tech,7.9,88,13,74,68,4,No,0,No
5583,Anushka,23,Female,Chennai,MCA,5.4,83,9,60,56,3,No,1,No
5584,Tara,20,Female,Delhi,BCA,5.8,79,10,55,57,3,No,2,No
5585,Diya,19,Female,Hyderabad,BCA,5.3,79,7,56,56,2,Yes,0,No
5586,Anika,22,Female,Delhi,B.Tech,7.7,84,15,71,64,3,Yes,1,No
5587,Ayaan,22,Male,Gurugram,MCA,7.6,86,14,71,72,3,No,0,Yes
5588,Reyansh,22,Male,Pune,M.Tech,4.6,77,6,57,49,2,No,2,No
5589,Aadhya,19,Female,Delhi,B.Tech,7.1,85,14,65,63,4,Yes,0,No
5590,Sanya,19,Female,Ahmedabad,B.Sc,8.6,89,16,85,89,4,Yes,0,Yes
5591,Simran,22,Female,Kolkata,B.Tech,6.1,83,12,55,55,2,No,1,No
5592,Rahul,20,Male,Kolkata,BCA,7.0,87,16,72,67,3,No,1,No
5593,Reyansh,21,Male,Jaipur,B.Tech,7.6,89,14,77,75,4,Yes,0,Yes
5594,Reyansh,19,Male,Jaipur,B.Tech,4.5,75,10,55,54,2,No,2,No
5595,Ayaan,22,Male,Shimla,B.Tech,6.7,82,12,71,67,2,Yes,0,Yes
5596,Kavya,21,Female,Shimla,M.Tech,8.4,95,16,79,75,4,Yes,0,Yes
5597,Ananya,24,Female,Solan,MCA,5.6,80,9,65,59,2,No,1,No
5598,Kabir,19,Male,Kolkata,B.Tech,7.7,86,11,70,72,3,No,0,Yes
5599,Vivaan,19,Male,Chandigarh,BCA,6.5,78,9,61,58,3,No,0,Yes
5600,Shaurya,21,Male,Shimla,B.Tech,5.5,76,10,66,62,2,Yes,1,No
5601,Dhruv,21,Male,Hyderabad,B.Tech,6.4,80,11,65,61,4,No,1,No
5602,Priya,22,Female,Solan,MCA,5.7,81,8,65,53,3,Yes,2,No
5603,Aadhya,22,Female,Pune,B.Tech,5.2,77,9,59,58,3,No,0,No
5604,Rahul,18,Male,Solan,B.Sc,6.1,81,12,66,62,3,No,1,No
5605,Sanya,22,Female,Kolkata,BCA,6.6,79,14,57,60,3,No,1,No
5606,Ananya,20,Female,Bangalore,B.Tech,6.3,86,10,67,63,2,No,0,Yes
5607,Ananya,20,Female,Chandigarh,BCA,6.1,79,12,62,59,2,No,1,No
5608,Shaurya,23,Male,Bangalore,M.Tech,6.8,85,15,72,69,3,Yes,0,Yes
5609,Sanya,19,Female,Bangalore,B.Sc,7.3,84,14,67,65,2,No,0,No
5610,Ayaan,18,Male,Ahmedabad,B.Tech,4.8,76,7,59,58,2,No,1,No
5611,Ishaan,21,Male,Hyderabad,MCA,6.1,79,11,57,55,2,No,0,Yes
5612,Reyansh,22,Male,Delhi,M.Tech,3.5,73,7,45,45,3,No,2,No
5613,Aditya,19,Male,Pune,B.Tech,6.3,79,12,57,58,3,No,0,Yes
5614,Vivaan,19,Male,Chandigarh,B.Tech,6.7,84,12,63,54,4,No,2,No
5615,Rahul,18,Male,Delhi,B.Tech,7.4,86,14,71,66,3,Yes,0,Yes
5616,Aarav,19,Male,Delhi,B.Tech,6.7,85,14,73,70,2,Yes,0,Yes
5617,Isha,21,Female,Solan,B.Sc,7.3,88,12,72,66,3,Yes,0,No
5618,Ananya,21,Female,Gurugram,B.Tech,6.6,82,10,61,56,3,Yes,0,Yes
5619,Rohan,21,Male,Hyderabad,B.Tech,5.5,80,11,51,54,2,No,2,No
5620,Tara,19,Female,Hyderabad,B.Tech,4.8,75,8,57,46,2,No,3,No
5621,Meera,21,Female,Mumbai,BCA,6.1,85,12,62,61,3,No,1,No
5622,Riya,19,Female,Mumbai,BCA,5.4,78,11,56,51,3,No,2,No
5623,Shaurya,21,Male,Ahmedabad,B.Sc,6.3,81,9,68,65,3,No,0,No
5624,Kavya,19,Female,Shimla,B.Tech,5.8,79,9,60,57,3,Yes,1,No
5625,Isha,22,Female,Hyderabad,BCA,7.1,83,13,68,59,4,Yes,2,No
5626,Ananya,20,Female,Chennai,B.Tech,6.6,89,10,69,64,2,Yes,1,No
5627,Rohan,25,Male,Ahmedabad,M.Tech,7.2,87,12,77,71,5,No,0,No
5628,Rohan,20,Male,Ahmedabad,BCA,7.2,85,11,71,69,5,No,0,Yes
5629,Anika,20,Female,Pune,B.Tech,6.2,80,11,54,55,2,Yes,2,No
5630,Aditya,21,Male,Jaipur,B.Tech,6.3,85,10,62,59,3,Yes,1,No
5631,Vivaan,20,Male,Chennai,B.Tech,7.3,84,14,69,64,5,No,2,No
5632,Shaurya,20,Male,Hyderabad,B.Tech,10.0,95,19,91,91,5,No,0,No
5633,Anushka,22,Female,Pune,B.Sc,5.0,84,10,54,53,1,No,2,No
5634,Aadhya,23,Female,Kolkata,MCA,6.6,80,16,66,64,3,Yes,0,No
5635,Vansh,19,Male,Pune,B.Tech,4.7,78,10,54,48,2,No,1,No
5636,Isha,19,Female,Shimla,BCA,6.5,84,13,70,64,4,Yes,2,No
5637,Vansh,21,Male,Kolkata,B.Sc,5.5,81,10,56,50,3,No,2,No
5638,Aadhya,22,Female,Kolkata,BCA,6.3,81,11,65,62,2,No,0,No
5639,Anushka,18,Female,Chandigarh,B.Tech,6.7,82,14,72,67,2,Yes,1,No
5640,Priya,22,Female,Hyderabad,B.Tech,5.8,81,10,65,62,1,Yes,0,No
5641,Aadhya,21,Female,Gurugram,MCA,3.8,72,7,50,41,2,No,1,No
5642,Ayaan,23,Male,Jaipur,MCA,8.6,83,15,75,75,4,No,0,Yes
5643,Sanya,18,Female,Delhi,B.Tech,7.8,85,15,74,68,4,No,0,Yes
5644,Aarav,20,Male,Mumbai,B.Tech,6.3,81,13,63,59,4,No,1,No
5645,Diya,22,Female,Jaipur,B.Sc,5.2,75,11,59,52,3,No,2,No
5646,Ananya,22,Female,Noida,BCA,6.6,84,11,69,68,3,No,0,No
5647,Neha,21,Female,Jaipur,B.Sc,7.0,82,13,65,69,4,No,0,Yes
5648,Reyansh,21,Male,Bangalore,B.Tech,7.7,87,14,80,71,3,No,0,Yes
5649,Diya,23,Female,Jaipur,M.Tech,7.8,94,16,81,79,3,No,0,No
5650,Kabir,20,Male,Gurugram,B.Sc,8.1,92,12,74,75,4,Yes,0,No
5651,Dhruv,19,Male,Gurugram,B.Tech,3.9,75,7,48,41,1,No,1,No
5652,Ananya,19,Female,Jaipur,BCA,6.0,86,10,64,57,2,No,0,Yes
5653,Ishaan,19,Male,Mumbai,B.Tech,8.0,88,14,78,73,3,Yes,0,Yes
5654,Meera,22,Female,Chandigarh,BCA,5.1,78,8,53,49,3,Yes,2,No
5655,Vansh,18,Male,Pune,B.Sc,8.3,86,16,73,72,3,Yes,0,Yes
5656,Vivaan,20,Male,Chandigarh,B.Tech,9.2,96,13,88,85,3,Yes,0,Yes
5657,Anika,21,Female,Noida,B.Sc,8.3,95,15,82,77,3,No,0,Yes
5658,Sanya,20,Female,Chennai,B.Tech,7.5,89,11,65,68,3,No,0,No
5659,Rahul,18,Male,Mumbai,B.Sc,5.8,85,9,66,61,4,Yes,1,No
5660,Diya,20,Female,Bangalore,BCA,6.9,76,12,59,59,4,Yes,0,No
5661,Ayaan,21,Male,Mumbai,B.Sc,4.5,83,7,53,46,2,Yes,3,No
5662,Anika,21,Female,Gurugram,B.Tech,5.3,78,11,56,50,2,No,2,No
5663,Shaurya,18,Male,Mumbai,BCA,5.4,86,12,60,56,2,No,0,Yes
5664,Meera,21,Female,Chennai,BCA,6.6,88,15,66,63,4,No,0,Yes
5665,Simran,22,Female,Mumbai,BCA,5.9,83,11,59,57,2,Yes,0,Yes
5666,Aadhya,21,Female,Shimla,BCA,6.9,83,14,70,69,2,No,0,Yes
5667,Vansh,18,Male,Gurugram,BCA,7.8,88,16,68,68,4,No,0,Yes
5668,Priya,21,Female,Pune,M.Tech,5.4,73,9,54,55,2,No,1,Yes
5669,Isha,20,Female,Bangalore,B.Tech,6.7,86,14,71,60,3,No,0,Yes
5670,Neha,21,Female,Solan,B.Sc,5.9,73,7,60,53,2,No,2,No
5671,Krishna,21,Male,Shimla,BCA,6.8,83,13,62,66,3,No,0,Yes
5672,Neha,18,Female,Mumbai,BCA,7.5,91,16,66,65,4,Yes,0,Yes
5673,Anushka,20,Female,Chennai,B.Sc,7.9,90,14,71,71,3,No,0,Yes
5674,Dhruv,23,Male,Jaipur,MCA,7.5,82,13,62,67,4,Yes,1,No
5675,Ishaan,22,Male,Noida,BCA,7.1,81,12,68,67,4,No,0,Yes
5676,Tara,25,Female,Ahmedabad,MCA,4.4,74,10,50,48,3,No,3,No
5677,Rohan,18,Male,Mumbai,B.Tech,4.9,77,6,54,51,1,No,2,No
5678,Neha,20,Female,Chennai,B.Sc,5.3,81,9,61,58,3,No,2,No
5679,Tara,20,Female,Jaipur,B.Tech,7.0,86,14,73,70,4,Yes,0,Yes
5680,Kavya,22,Female,Hyderabad,BCA,4.6,73,9,53,50,3,No,2,No
5681,Vansh,22,Male,Gurugram,BCA,7.0,86,14,69,64,3,Yes,0,No
5682,Ishaan,18,Male,Shimla,BCA,6.9,86,13,66,65,3,No,0,No
5683,Riya,20,Female,Ahmedabad,BCA,3.6,74,6,46,40,1,No,2,No
5684,Reyansh,18,Male,Solan,B.Tech,4.9,85,10,59,52,2,No,1,No
5685,Ananya,22,Female,Chennai,B.Sc,8.1,91,13,81,72,5,Yes,0,Yes
5686,Kabir,21,Male,Delhi,BCA,7.5,89,10,68,66,4,No,0,Yes
5687,Reyansh,22,Male,Mumbai,B.Tech,5.2,84,8,55,51,2,No,2,No
5688,Dhruv,20,Male,Chennai,B.Tech,4.9,80,9,56,55,3,No,1,No
5689,Aadhya,18,Female,Jaipur,B.Sc,3.0,69,5,40,40,1,No,3,Yes
5690,Isha,20,Female,Delhi,B.Sc,8.7,94,16,82,80,4,Yes,0,Yes
5691,Vivaan,22,Male,Chandigarh,B.Tech,6.6,82,12,70,69,4,No,0,Yes
5692,Ayaan,22,Male,Mumbai,B.Tech,9.3,90,14,92,84,5,Yes,0,Yes
5693,Ishaan,19,Male,Hyderabad,B.Tech,6.2,79,10,63,58,2,No,1,No
5694,Meera,25,Female,Solan,MCA,6.9,88,14,73,71,5,Yes,0,Yes
5695,Rohan,20,Male,Ahmedabad,B.Sc,7.8,89,15,75,80,2,No,0,No
5696,Riya,18,Female,Shimla,B.Tech,9.0,95,15,89,79,4,No,0,Yes
5697,Krishna,21,Male,Shimla,MCA,7.3,87,14,70,67,4,No,0,No
5698,Ayaan,19,Male,Noida,B.Tech,6.5,83,14,67,65,4,Yes,0,Yes
5699,Vivaan,20,Male,Shimla,B.Tech,6.5,84,11,69,67,3,No,0,No
5700,Priya,25,Female,Chennai,MCA,4.9,79,10,58,59,3,Yes,0,Yes
5701,Ayaan,24,Male,Shimla,MCA,5.9,79,11,58,54,3,No,2,No
5702,Dhruv,18,Male,Shimla,B.Sc,6.6,79,11,59,58,4,No,0,No
5703,Ananya,20,Female,Bangalore,BCA,8.6,89,14,83,75,4,Yes,0,Yes
5704,Meera,19,Female,Mumbai,B.Tech,5.9,82,13,63,59,4,No,0,No
5705,Dhruv,24,Male,Noida,MCA,8.1,86,16,75,75,3,Yes,0,Yes
5706,Krishna,20,Male,Noida,B.Sc,6.4,89,11,71,71,3,Yes,0,Yes
5707,Ananya,22,Female,Shimla,B.Tech,8.4,91,17,82,84,4,No,0,Yes
5708,Rohan,18,Male,Gurugram,BCA,7.5,87,14,74,75,4,No,0,Yes
5709,Sanya,25,Female,Pune,MCA,7.4,84,15,73,68,3,No,0,No
5710,Anushka,22,Female,Pune,MCA,8.0,91,12,74,74,2,No,0,Yes
5711,Krishna,18,Male,Delhi,B.Sc,7.7,83,13,74,73,2,No,0,Yes
5712,Ishaan,21,Male,Hyderabad,B.Sc,8.1,89,17,70,72,3,No,0,Yes
5713,Dhruv,18,Male,Ahmedabad,B.Tech,9.7,93,20,86,85,5,Yes,0,Yes
5714,Neha,22,Female,Kolkata,B.Sc,8.9,92,15,84,85,2,Yes,0,Yes
5715,Dhruv,20,Male,Pune,B.Sc,7.2,87,12,68,65,3,No,0,Yes
5716,Aditya,20,Male,Chennai,B.Tech,5.8,77,11,60,57,2,No,1,No
5717,Kavya,23,Female,Bangalore,MCA,7.0,79,13,68,70,3,No,0,Yes
5718,Aadhya,22,Female,Gurugram,M.Tech,3.6,70,7,42,44,2,No,1,No
5719,Ayaan,19,Male,Mumbai,B.Tech,7.7,90,11,79,72,3,Yes,0,Yes
5720,Neha,23,Female,Bangalore,MCA,4.9,78,8,57,53,3,No,1,Yes
5721,Aarav,21,Male,Solan,B.Sc,8.2,87,16,69,71,2,No,1,Yes
5722,Krishna,22,Male,Kolkata,BCA,9.5,99,14,87,89,5,No,0,Yes
5723,Rohan,24,Male,Ahmedabad,MCA,4.3,79,5,59,55,2,Yes,0,Yes
5724,Shaurya,20,Male,Delhi,B.Tech,6.4,86,9,66,61,2,No,2,No
5725,Aarav,22,Male,Solan,B.Sc,4.9,75,10,52,48,2,No,4,No
5726,Ishaan,19,Male,Chandigarh,B.Tech,3.9,77,6,48,43,3,Yes,2,No
5727,Kavya,18,Female,Kolkata,B.Sc,6.3,83,10,64,62,2,No,0,Yes
5728,Tara,18,Female,Ahmedabad,BCA,7.5,84,14,66,68,3,No,0,No
5729,Riya,22,Female,Delhi,B.Tech,7.6,86,12,78,72,3,Yes,0,Yes
5730,Shaurya,21,Male,Bangalore,BCA,6.7,80,13,69,70,3,No,0,Yes
5731,Reyansh,22,Male,Chandigarh,B.Tech,4.0,72,11,53,40,2,No,2,No
5732,Rahul,21,Male,Delhi,B.Tech,6.7,80,12,59,55,4,No,1,No
5733,Isha,21,Female,Chennai,B.Tech,4.3,78,5,53,49,2,Yes,2,No
5734,Tara,18,Female,Chandigarh,B.Sc,4.4,75,7,56,49,3,No,2,No
5735,Reyansh,22,Male,Mumbai,MCA,5.0,75,10,51,46,2,No,4,No
5736,Reyansh,23,Male,Hyderabad,M.Tech,8.1,90,15,76,77,3,No,0,Yes
5737,Rohan,22,Male,Ahmedabad,MCA,7.3,86,14,67,68,2,Yes,0,No
5738,Rahul,23,Male,Ahmedabad,MCA,7.0,88,12,74,73,3,No,0,No
5739,Rohan,18,Male,Ahmedabad,B.Tech,5.2,79,9,57,49,3,No,1,No
5740,Kavya,20,Female,Jaipur,B.Sc,5.9,76,7,60,59,1,No,0,Yes
5741,Ananya,21,Female,Chandigarh,B.Sc,4.4,74,9,47,46,2,No,1,No
5742,Aarav,22,Male,Chennai,B.Tech,8.5,86,13,83,77,3,Yes,0,No
5743,Ishaan,20,Male,Pune,B.Sc,9.8,96,18,88,87,4,Yes,0,Yes
5744,Kavya,19,Female,Hyderabad,BCA,7.3,89,12,75,73,3,No,0,No
5745,Arjun,21,Male,Bangalore,MCA,7.6,82,14,72,74,2,Yes,0,Yes
5746,Vivaan,18,Male,Pune,B.Sc,6.3,82,13,61,58,4,Yes,1,No
5747,Krishna,25,Male,Chennai,M.Tech,4.1,78,7,45,40,3,No,2,No
5748,Vivaan,21,Male,Pune,B.Tech,5.2,74,8,55,56,1,No,0,Yes
5749,Rohan,21,Male,Hyderabad,B.Tech,5.8,79,10,65,59,2,No,0,Yes
5750,Simran,21,Female,Delhi,M.Tech,5.9,81,10,54,47,3,Yes,3,Yes
5751,Aditya,21,Male,Shimla,B.Tech,5.6,83,9,69,60,2,No,0,No
5752,Arjun,22,Male,Shimla,BCA,6.6,85,15,70,68,3,No,0,No
5753,Riya,18,Female,Solan,B.Sc,5.2,80,7,59,50,2,No,3,No
5754,Rohan,24,Male,Gurugram,MCA,9.8,96,19,87,87,4,Yes,0,Yes
5755,Ananya,20,Female,Hyderabad,B.Tech,4.5,75,8,56,48,2,No,1,No
5756,Tara,20,Female,Solan,B.Tech,7.8,92,13,71,70,4,Yes,0,Yes
5757,Rohan,21,Male,Jaipur,BCA,6.1,79,12,64,58,3,No,0,No
5758,Ananya,20,Female,Shimla,BCA,7.2,77,13,68,68,3,No,0,Yes
5759,Vivaan,22,Male,Noida,B.Tech,7.3,80,15,76,70,4,Yes,0,Yes
5760,Diya,22,Female,Delhi,MCA,6.7,83,10,65,64,4,Yes,2,No
5761,Rohan,22,Male,Solan,B.Sc,4.8,76,8,55,49,3,No,2,No
5762,Diya,25,Female,Delhi,MCA,6.0,79,12,61,61,4,Yes,0,No
5763,Anushka,21,Female,Ahmedabad,B.Tech,6.8,84,12,66,63,2,No,0,Yes
5764,Krishna,22,Male,Chandigarh,B.Sc,6.7,87,13,74,64,3,Yes,0,No
5765,Sanya,24,Female,Jaipur,M.Tech,5.0,79,11,53,47,3,Yes,3,No
5766,Simran,18,Female,Hyderabad,B.Sc,8.4,91,16,72,69,4,No,0,No
5767,Neha,21,Female,Solan,B.Tech,3.0,67,5,43,40,1,No,2,No
5768,Dhruv,24,Male,Pune,M.Tech,6.1,80,10,60,53,3,No,3,No
5769,Aadhya,18,Female,Gurugram,BCA,5.1,80,11,59,50,2,No,2,No
5770,Aarav,22,Male,Delhi,MCA,6.8,84,12,70,66,4,Yes,0,Yes
5771,Ayaan,18,Male,Bangalore,B.Tech,8.0,89,14,76,76,3,No,0,No
5772,Aarav,21,Male,Ahmedabad,B.Sc,4.4,77,8,53,43,2,No,1,No
5773,Aarav,23,Male,Gurugram,MCA,10.0,95,16,80,81,4,No,0,Yes
5774,Anika,21,Female,Jaipur,BCA,6.8,89,12,72,69,4,No,1,No
5775,Ayaan,18,Male,Bangalore,B.Tech,7.1,83,13,69,66,4,Yes,1,No
5776,Anika,21,Female,Shimla,B.Tech,4.3,73,8,58,45,2,No,2,No
5777,Vivaan,18,Male,Chennai,B.Tech,6.4,77,11,67,63,4,No,1,No
5778,Vivaan,22,Male,Jaipur,BCA,8.0,90,14,70,71,4,No,0,Yes
5779,Dhruv,19,Male,Jaipur,B.Sc,6.8,82,12,71,67,2,No,0,Yes
5780,Aditya,19,Male,Gurugram,B.Tech,6.7,87,14,63,68,3,Yes,0,No
5781,Vansh,18,Male,Gurugram,B.Tech,6.4,83,8,69,62,5,Yes,0,Yes
5782,Kabir,19,Male,Bangalore,BCA,4.4,74,9,57,53,2,Yes,2,No
5783,Priya,20,Female,Jaipur,BCA,4.4,72,8,58,50,2,No,2,No
5784,Reyansh,20,Male,Ahmedabad,B.Sc,8.3,92,15,77,77,4,No,0,Yes
5785,Aarav,19,Male,Bangalore,B.Sc,7.8,87,13,77,72,3,No,0,Yes
5786,Kabir,21,Male,Shimla,MCA,8.0,89,15,80,74,5,Yes,0,Yes
5787,Meera,20,Female,Chennai,B.Tech,5.3,80,11,60,51,3,No,4,No
5788,Simran,19,Female,Ahmedabad,BCA,6.3,83,8,58,52,3,No,2,No
5789,Rahul,21,Male,Bangalore,BCA,8.3,87,18,77,77,4,No,0,Yes
5790,Rahul,20,Male,Kolkata,B.Tech,4.7,78,9,57,49,3,No,1,No
5791,Kabir,22,Male,Jaipur,BCA,8.2,91,15,77,83,3,No,0,Yes
5792,Priya,23,Female,Gurugram,MCA,5.6,81,8,57,52,3,No,3,No
5793,Rahul,19,Male,Pune,B.Tech,5.2,80,9,57,54,4,No,1,No
5794,Kabir,19,Male,Solan,B.Tech,6.5,85,14,70,65,4,No,0,No
5795,Dhruv,19,Male,Noida,B.Sc,4.8,76,9,56,45,2,No,2,No
5796,Ayaan,18,Male,Pune,B.Sc,3.7,72,7,49,40,2,No,1,No
5797,Shaurya,18,Male,Delhi,BCA,6.6,90,11,68,59,2,No,1,No
5798,Sanya,21,Female,Jaipur,B.Sc,7.3,90,16,74,74,3,No,0,Yes
5799,Arjun,24,Male,Solan,M.Tech,8.3,89,15,69,74,2,No,0,No
5800,Sanya,20,Female,Pune,B.Tech,7.4,88,15,72,75,4,No,0,Yes
5801,Aarav,19,Male,Pune,B.Tech,9.4,90,17,81,75,4,Yes,0,Yes
5802,Shaurya,21,Male,Jaipur,B.Tech,8.5,88,16,78,72,4,No,1,Yes
5803,Isha,19,Female,Pune,B.Sc,7.6,83,14,67,69,3,Yes,0,Yes
5804,Rohan,20,Male,Bangalore,BCA,7.2,86,14,72,66,4,No,0,No
5805,Diya,21,Female,Ahmedabad,M.Tech,8.3,90,16,85,82,5,No,0,Yes
5806,Aadhya,21,Female,Bangalore,B.Sc,3.2,74,5,46,40,3,No,2,No
5807,Rahul,22,Male,Solan,BCA,5.8,80,12,61,55,2,No,0,No
5808,Diya,22,Female,Solan,B.Tech,3.7,76,5,59,43,2,No,3,No
5809,Ishaan,22,Male,Shimla,BCA,7.5,88,12,69,66,3,No,0,No
5810,Isha,22,Female,Pune,B.Tech,5.4,86,9,63,58,3,No,2,No
5811,Vivaan,25,Male,Noida,MCA,10.0,100,19,96,90,5,Yes,0,Yes
5812,Meera,22,Female,Ahmedabad,BCA,5.7,84,9,61,57,2,Yes,1,No
5813,Ishaan,22,Male,Chennai,B.Tech,6.7,86,12,71,63,3,No,1,No
5814,Kabir,21,Male,Gurugram,BCA,5.9,78,9,61,55,2,No,2,No
5815,Priya,22,Female,Chandigarh,B.Tech,5.8,81,10,57,52,3,No,2,No
5816,Simran,22,Female,Solan,BCA,4.6,83,10,56,51,2,No,3,No
5817,Priya,20,Female,Chandigarh,B.Tech,4.6,78,7,54,51,2,No,2,No
5818,Ananya,21,Female,Jaipur,B.Sc,3.2,69,5,41,41,2,Yes,2,No
5819,Anushka,20,Female,Solan,BCA,7.3,87,14,65,67,4,Yes,0,No
5820,Aditya,19,Male,Chennai,BCA,5.9,78,9,59,57,2,No,2,No
5821,Aarav,22,Male,Noida,B.Sc,9.4,90,20,77,84,5,No,0,Yes
5822,Krishna,18,Male,Hyderabad,B.Tech,4.6,77,9,56,51,2,No,1,No
5823,Rohan,22,Male,Bangalore,BCA,8.7,93,17,83,82,4,No,0,Yes
5824,Shaurya,22,Male,Delhi,BCA,8.9,89,14,75,79,4,Yes,0,Yes
5825,Neha,20,Female,Gurugram,BCA,8.4,88,16,78,77,3,Yes,0,Yes
5826,Vansh,22,Male,Chennai,M.Tech,6.9,80,11,61,61,3,No,2,No
5827,Neha,20,Female,Shimla,B.Tech,6.0,81,11,61,57,3,No,0,No
5828,Krishna,21,Male,Kolkata,B.Sc,8.4,84,14,73,71,4,No,0,No
5829,Shaurya,19,Male,Solan,BCA,5.3,78,11,60,53,2,No,2,Yes
5830,Arjun,19,Male,Delhi,BCA,6.9,84,13,62,65,3,Yes,0,No
5831,Ananya,19,Female,Shimla,B.Sc,6.4,77,12,67,59,2,No,1,No
5832,Neha,20,Female,Ahmedabad,B.Tech,5.2,75,11,61,55,2,No,1,No
5833,Kavya,22,Female,Bangalore,B.Sc,6.9,84,12,68,65,3,Yes,0,Yes
5834,Rahul,22,Male,Pune,B.Tech,7.6,86,15,67,63,3,No,1,No
5835,Anika,22,Female,Pune,BCA,5.1,77,12,48,49,1,Yes,2,No
5836,Aditya,22,Male,Jaipur,B.Sc,7.2,86,13,75,66,3,No,0,Yes
5837,Aditya,22,Male,Solan,B.Tech,3.2,66,6,50,40,2,No,4,No
5838,Rahul,21,Male,Bangalore,B.Sc,4.9,79,10,56,50,2,No,3,No
5839,Vivaan,18,Male,Chennai,B.Tech,5.8,79,13,56,58,2,No,1,No
5840,Ayaan,19,Male,Chennai,B.Sc,7.0,83,13,64,64,4,No,0,Yes
5841,Neha,18,Female,Mumbai,BCA,7.8,82,13,77,74,3,No,0,Yes
5842,Diya,21,Female,Gurugram,B.Sc,6.6,82,13,66,67,3,Yes,0,No
5843,Kabir,25,Male,Ahmedabad,MCA,7.3,87,14,67,65,2,No,0,No
5844,Aditya,21,Male,Hyderabad,BCA,6.3,82,13,73,72,3,Yes,0,Yes
5845,Kabir,21,Male,Ahmedabad,B.Tech,7.1,85,14,74,71,3,Yes,0,Yes
5846,Rahul,21,Male,Mumbai,MCA,7.0,83,13,70,67,2,No,0,No
5847,Diya,19,Female,Gurugram,B.Tech,5.7,80,11,58,49,2,No,2,Yes
5848,Aarav,20,Male,Chandigarh,B.Sc,6.0,78,12,66,64,1,No,1,No
5849,Priya,23,Female,Shimla,M.Tech,7.4,86,11,75,73,3,Yes,0,Yes
5850,Rohan,19,Male,Bangalore,B.Sc,9.2,91,19,82,81,5,Yes,0,Yes
5851,Anika,22,Female,Bangalore,B.Tech,8.3,86,16,80,76,3,Yes,0,No
5852,Krishna,21,Male,Chandigarh,B.Tech,4.8,79,7,60,59,2,No,1,No
5853,Meera,22,Female,Delhi,B.Tech,4.8,72,9,54,47,1,No,4,No
5854,Arjun,21,Male,Chandigarh,BCA,5.7,82,12,57,55,3,Yes,2,No
5855,Tara,20,Female,Shimla,B.Tech,6.6,85,12,63,61,3,No,0,No
5856,Arjun,19,Male,Kolkata,B.Sc,6.6,82,11,59,61,3,No,0,No
5857,Vansh,18,Male,Hyderabad,BCA,8.4,92,13,84,74,5,Yes,0,Yes
5858,Aadhya,21,Female,Jaipur,M.Tech,8.4,88,19,71,74,3,No,0,Yes
5859,Priya,22,Female,Noida,MCA,6.5,81,9,65,67,4,No,0,Yes
5860,Neha,23,Female,Shimla,MCA,6.2,78,12,56,50,3,No,3,No
5861,Diya,21,Female,Pune,B.Tech,7.3,86,12,78,70,4,No,0,No
5862,Neha,18,Female,Noida,BCA,8.1,85,16,70,72,4,Yes,0,Yes
5863,Rahul,20,Male,Noida,B.Tech,7.3,83,11,71,68,2,No,0,Yes
5864,Aditya,19,Male,Kolkata,B.Tech,5.9,80,13,55,56,2,No,1,No
5865,Aarav,22,Male,Mumbai,B.Sc,5.6,80,10,63,60,2,No,2,No
5866,Aadhya,23,Female,Chandigarh,MCA,4.8,81,8,61,54,1,No,1,No
5867,Rohan,20,Male,Delhi,B.Tech,6.8,87,12,69,70,3,No,0,Yes
5868,Vansh,22,Male,Jaipur,B.Tech,7.4,88,12,72,71,4,No,0,Yes
5869,Priya,20,Female,Mumbai,B.Tech,7.6,86,13,76,68,2,Yes,0,Yes
5870,Aadhya,18,Female,Pune,B.Sc,8.2,87,16,73,75,3,Yes,0,Yes
5871,Krishna,21,Male,Pune,M.Tech,8.7,90,13,84,81,4,No,0,Yes
5872,Krishna,18,Male,Chennai,B.Tech,4.4,74,7,53,49,3,No,2,Yes
5873,Aditya,20,Male,Chandigarh,BCA,7.1,83,15,62,66,4,No,0,Yes
5874,Kabir,23,Male,Mumbai,MCA,7.2,85,13,77,76,3,Yes,0,Yes
5875,Rohan,20,Male,Chandigarh,B.Tech,6.4,80,11,65,62,2,No,0,No
5876,Kavya,19,Female,Ahmedabad,B.Sc,5.3,76,8,56,55,2,Yes,0,Yes
5877,Riya,22,Female,Jaipur,B.Tech,8.7,93,14,81,76,4,No,0,Yes
5878,Priya,20,Female,Ahmedabad,BCA,5.6,75,12,55,51,2,Yes,2,No
5879,Vivaan,22,Male,Kolkata,BCA,3.2,68,5,43,40,3,No,1,No
5880,Priya,21,Female,Chennai,B.Sc,6.5,87,13,70,68,3,Yes,0,Yes
5881,Shaurya,18,Male,Jaipur,B.Tech,6.1,80,10,65,66,2,No,0,No
5882,Dhruv,19,Male,Chennai,B.Tech,9.3,97,17,88,95,4,No,0,No
5883,Diya,22,Female,Mumbai,B.Tech,7.2,82,13,66,67,4,Yes,0,Yes
5884,Ayaan,18,Male,Ahmedabad,BCA,6.0,81,10,59,60,4,No,2,No
5885,Vivaan,22,Male,Noida,MCA,6.2,84,11,66,56,3,Yes,2,Yes
5886,Neha,21,Female,Kolkata,MCA,6.2,79,8,66,56,4,No,0,No
5887,Aditya,20,Male,Bangalore,B.Tech,9.8,99,18,86,83,3,Yes,0,Yes
5888,Anushka,23,Female,Ahmedabad,MCA,7.5,85,14,71,65,3,No,0,No
5889,Vivaan,18,Male,Mumbai,B.Tech,4.4,77,7,54,49,1,No,4,No
5890,Aadhya,19,Female,Kolkata,BCA,6.1,79,11,62,64,3,Yes,0,No
5891,Vansh,18,Male,Solan,B.Sc,6.5,87,12,72,66,4,No,0,No
5892,Krishna,21,Male,Bangalore,B.Tech,4.8,78,9,50,45,1,No,2,No
5893,Neha,19,Female,Delhi,B.Tech,3.8,80,5,45,41,1,No,1,No
5894,Krishna,19,Male,Ahmedabad,B.Tech,7.4,89,13,77,70,3,Yes,0,Yes
5895,Vansh,18,Male,Noida,B.Sc,5.3,81,7,61,54,3,No,4,No
5896,Rahul,22,Male,Gurugram,BCA,8.4,87,14,77,75,4,Yes,0,Yes
5897,Vivaan,18,Male,Mumbai,BCA,6.5,83,12,64,62,3,Yes,2,No
5898,Shaurya,25,Male,Delhi,MCA,5.8,79,11,62,52,2,No,1,No
5899,Arjun,19,Male,Shimla,B.Sc,3.0,71,5,44,40,3,No,4,No
5900,Simran,20,Female,Mumbai,B.Sc,8.3,89,15,78,73,5,Yes,0,Yes
5901,Kabir,20,Male,Noida,BCA,6.9,81,14,67,66,3,No,1,No
5902,Aarav,18,Male,Delhi,B.Tech,5.8,80,9,63,54,1,No,1,No
5903,Shaurya,22,Male,Chandigarh,B.Tech,5.2,78,6,61,60,1,No,0,No
5904,Rahul,18,Male,Shimla,B.Sc,8.9,88,17,83,84,3,Yes,0,Yes
5905,Meera,21,Female,Shimla,B.Sc,4.9,80,7,58,54,3,No,2,No
5906,Kabir,21,Male,Chandigarh,M.Tech,5.9,81,10,62,60,3,Yes,2,No
5907,Simran,18,Female,Mumbai,B.Tech,7.4,88,14,74,72,4,Yes,0,Yes
5908,Rahul,18,Male,Ahmedabad,B.Tech,8.7,92,16,85,83,4,Yes,0,Yes
5909,Anika,18,Female,Jaipur,B.Tech,6.2,77,13,61,62,1,No,1,No
5910,Isha,22,Female,Hyderabad,B.Tech,5.4,76,9,56,56,2,No,1,No
5911,Priya,22,Female,Noida,BCA,6.3,87,11,68,64,1,No,2,No
5912,Neha,25,Female,Chennai,M.Tech,7.9,90,12,78,80,3,No,0,Yes
5913,Anushka,21,Female,Mumbai,BCA,8.2,84,16,74,73,4,Yes,1,Yes
5914,Ayaan,21,Male,Solan,BCA,4.4,77,7,55,47,2,No,4,No
5915,Vansh,18,Male,Pune,B.Sc,6.7,81,17,63,57,3,No,1,No
5916,Simran,22,Female,Kolkata,B.Tech,4.3,69,7,49,42,1,No,2,No
5917,Aarav,24,Male,Ahmedabad,MCA,7.8,92,15,82,80,5,No,0,Yes
5918,Dhruv,20,Male,Chandigarh,B.Sc,7.1,85,14,72,68,3,Yes,0,No
5919,Isha,18,Female,Delhi,B.Tech,5.1,79,9,55,52,4,Yes,2,No
5920,Ishaan,19,Male,Kolkata,B.Sc,8.8,87,16,77,77,5,No,0,Yes
5921,Riya,22,Female,Delhi,BCA,7.0,81,16,62,58,4,Yes,0,Yes
5922,Tara,18,Female,Jaipur,B.Tech,6.8,79,11,72,66,4,Yes,0,No
5923,Anika,18,Female,Mumbai,B.Tech,6.2,86,8,61,56,2,No,0,No
5924,Kavya,19,Female,Pune,BCA,6.5,78,10,54,54,2,No,2,No
5925,Vansh,20,Male,Ahmedabad,B.Tech,5.9,86,12,58,53,3,No,1,No
5926,Arjun,21,Male,Chandigarh,B.Tech,5.4,76,9,58,55,2,No,2,No
5927,Kabir,21,Male,Bangalore,BCA,8.3,85,18,73,75,2,No,0,Yes
5928,Vansh,19,Male,Bangalore,BCA,5.8,80,12,62,58,3,No,0,No
5929,Isha,19,Female,Shimla,B.Sc,5.7,78,9,61,51,3,Yes,1,No
5930,Kavya,24,Female,Jaipur,M.Tech,6.3,82,10,62,55,2,Yes,1,No
5931,Aditya,20,Male,Ahmedabad,B.Sc,8.6,87,15,74,76,3,Yes,0,Yes
5932,Ishaan,20,Male,Ahmedabad,BCA,8.2,88,12,80,74,4,No,1,Yes
5933,Aadhya,21,Female,Solan,MCA,5.9,78,11,62,56,3,No,0,No
5934,Rohan,19,Male,Pune,B.Sc,8.3,92,16,68,70,4,Yes,1,Yes
5935,Vansh,19,Male,Noida,B.Tech,6.7,85,11,61,58,3,No,0,No
5936,Shaurya,19,Male,Solan,B.Tech,5.2,79,7,50,42,2,No,1,No
5937,Tara,21,Female,Noida,B.Sc,5.8,83,9,62,55,2,No,0,No
5938,Isha,21,Female,Ahmedabad,B.Sc,8.6,91,17,80,77,4,Yes,0,Yes
5939,Meera,24,Female,Shimla,M.Tech,9.6,94,18,85,83,4,Yes,0,Yes
5940,Tara,20,Female,Bangalore,B.Sc,7.0,84,13,66,66,3,No,0,No
5941,Rohan,24,Male,Chandigarh,MCA,5.7,78,13,64,59,2,Yes,1,No
5942,Dhruv,18,Male,Bangalore,B.Tech,6.3,80,9,65,61,3,Yes,0,Yes
5943,Ananya,21,Female,Bangalore,BCA,5.4,79,9,55,55,3,No,1,No
5944,Krishna,23,Male,Chennai,MCA,5.6,83,11,58,50,3,No,2,No
5945,Meera,19,Female,Chennai,B.Tech,5.4,81,11,56,57,1,No,0,No
5946,Aadhya,18,Female,Bangalore,B.Tech,6.4,84,13,64,66,2,No,0,Yes
5947,Tara,20,Female,Gurugram,BCA,6.7,80,13,66,63,3,No,0,No
5948,Anika,22,Female,Gurugram,B.Sc,6.3,84,13,67,61,2,No,0,No
5949,Kavya,19,Female,Chennai,B.Tech,6.2,81,12,60,62,4,No,0,No
5950,Priya,21,Female,Chandigarh,B.Sc,7.6,87,12,67,66,2,Yes,0,Yes
5951,Rohan,20,Male,Noida,B.Tech,6.2,83,10,66,62,3,Yes,0,No
5952,Reyansh,22,Male,Jaipur,BCA,6.3,79,9,66,62,2,Yes,0,Yes
5953,Kabir,23,Male,Shimla,M.Tech,6.2,82,13,71,66,4,Yes,0,No
5954,Meera,21,Female,Chennai,B.Tech,8.8,92,18,82,77,3,No,0,Yes
5955,Vivaan,20,Male,Mumbai,B.Tech,5.8,83,9,59,57,2,No,1,No
5956,Priya,22,Female,Pune,BCA,7.4,84,13,73,67,3,No,1,No
5957,Rahul,20,Male,Chennai,BCA,5.4,79,7,58,52,1,No,2,No
5958,Priya,18,Female,Jaipur,B.Tech,7.0,85,12,64,66,2,Yes,0,No
5959,Aditya,18,Male,Chennai,BCA,7.3,84,12,70,66,4,Yes,0,Yes
5960,Diya,24,Female,Shimla,M.Tech,8.1,87,13,76,72,5,No,0,Yes
5961,Ananya,22,Female,Bangalore,B.Tech,5.9,79,11,67,61,2,Yes,1,No
5962,Ishaan,22,Male,Jaipur,B.Tech,4.8,76,11,55,54,2,No,1,No
5963,Dhruv,22,Male,Solan,BCA,5.3,84,11,57,60,1,Yes,1,No
5964,Priya,22,Female,Kolkata,BCA,7.9,87,14,67,71,4,No,0,Yes
5965,Krishna,22,Male,Bangalore,B.Tech,9.6,95,17,81,86,4,Yes,0,Yes
5966,Aditya,19,Male,Bangalore,B.Sc,7.8,87,17,70,69,3,No,0,Yes
5967,Tara,23,Female,Ahmedabad,M.Tech,4.6,75,10,60,60,2,No,0,No
5968,Priya,22,Female,Noida,B.Tech,7.7,87,13,73,71,2,No,1,No
5969,Meera,18,Female,Mumbai,B.Sc,5.1,80,10,57,52,2,No,2,No
5970,Krishna,20,Male,Pune,B.Tech,6.0,81,9,67,62,2,No,0,No
5971,Vansh,21,Male,Kolkata,B.Sc,6.8,83,12,70,67,3,No,1,No
5972,Neha,21,Female,Solan,BCA,7.0,84,14,68,61,2,No,1,No
5973,Simran,22,Female,Gurugram,BCA,6.6,80,13,70,63,3,Yes,1,Yes
5974,Anushka,19,Female,Solan,BCA,5.6,83,9,58,56,1,No,0,No
5975,Dhruv,19,Male,Ahmedabad,B.Tech,8.1,87,16,76,72,4,Yes,0,Yes
5976,Krishna,20,Male,Noida,B.Sc,5.7,84,10,57,56,2,No,0,No
5977,Aarav,19,Male,Chennai,BCA,8.4,90,15,79,77,2,No,0,No
5978,Aditya,21,Male,Solan,B.Tech,4.5,80,11,59,54,2,Yes,1,No
5979,Arjun,25,Male,Delhi,M.Tech,6.8,83,12,71,66,4,No,0,Yes
5980,Vansh,18,Male,Solan,B.Tech,4.7,74,7,57,52,2,No,4,No
5981,Aadhya,21,Female,Hyderabad,B.Sc,5.2,81,8,70,55,1,No,0,No
5982,Vivaan,21,Male,Jaipur,BCA,5.7,78,11,59,51,2,No,2,No
5983,Aadhya,20,Female,Chandigarh,BCA,8.8,95,14,78,75,2,No,0,Yes
5984,Diya,19,Female,Kolkata,B.Tech,8.5,91,17,81,79,4,No,0,Yes
5985,Kavya,18,Female,Kolkata,B.Tech,7.8,92,13,72,68,4,No,1,No
5986,Rohan,18,Male,Bangalore,B.Tech,6.5,80,12,60,61,3,No,1,No
5987,Anushka,19,Female,Shimla,B.Sc,6.8,87,16,68,66,3,No,1,No
5988,Sanya,22,Female,Shimla,B.Sc,8.4,87,14,85,79,5,Yes,0,Yes
5989,Sanya,19,Female,Chennai,B.Sc,7.6,79,11,72,70,5,No,0,Yes
5990,Isha,25,Female,Delhi,MCA,6.5,85,14,68,62,4,No,0,Yes
5991,Sanya,21,Female,Gurugram,MCA,8.7,90,14,73,75,3,No,0,Yes
5992,Diya,20,Female,Hyderabad,BCA,7.7,90,13,72,69,4,No,0,Yes
5993,Shaurya,21,Male,Solan,B.Sc,6.9,84,14,74,70,4,Yes,1,Yes
5994,Anushka,18,Female,Solan,B.Tech,5.8,80,11,60,60,3,No,2,No
5995,Rahul,21,Male,Solan,MCA,5.7,84,7,71,59,3,No,1,No
5996,Meera,21,Female,Ahmedabad,MCA,6.0,81,10,64,57,4,No,0,Yes
5997,Aditya,21,Male,Delhi,B.Tech,7.2,84,14,69,65,2,Yes,0,No
5998,Krishna,22,Male,Delhi,BCA,7.8,87,17,73,72,3,Yes,1,Yes
5999,Anika,23,Female,Hyderabad,MCA,4.3,76,6,52,49,1,No,2,No
6000,Anushka,20,Female,Ahmedabad,B.Tech,3.6,64,8,40,40,2,No,2,No
6001,Reyansh,20,Male,Mumbai,BCA,5.1,79,8,61,54,2,No,1,No
6002,Reyansh,22,Male,Delhi,B.Tech,5.9,85,12,65,60,5,No,1,No
6003,Priya,19,Female,Noida,BCA,8.3,89,13,76,77,4,No,0,Yes
6004,Aarav,19,Male,Jaipur,B.Tech,6.1,80,11,62,56,2,No,0,No
6005,Kavya,20,Female,Ahmedabad,B.Tech,6.9,85,13,72,70,4,No,0,Yes
6006,Ishaan,18,Male,Ahmedabad,B.Tech,7.1,90,14,80,74,3,No,0,Yes
6007,Tara,21,Female,Shimla,MCA,5.0,79,10,63,61,2,No,1,No
6008,Anushka,21,Female,Bangalore,BCA,8.7,91,15,81,86,4,Yes,0,Yes
6009,Rahul,19,Male,Jaipur,BCA,5.5,78,9,55,55,1,No,0,No
6010,Aarav,18,Male,Gurugram,BCA,8.8,88,19,73,74,3,No,0,Yes
6011,Kabir,20,Male,Solan,B.Tech,6.3,82,12,65,63,2,No,1,No
6012,Tara,24,Female,Bangalore,M.Tech,6.0,81,10,59,58,1,No,1,No
6013,Priya,22,Female,Shimla,MCA,4.8,71,9,53,50,2,No,3,No
6014,Ananya,21,Female,Bangalore,BCA,6.8,82,13,68,66,3,No,0,Yes
6015,Arjun,18,Male,Bangalore,BCA,9.9,98,16,92,91,3,Yes,0,Yes
6016,Kabir,20,Male,Chandigarh,B.Sc,7.1,84,14,64,66,4,No,0,No
6017,Vivaan,20,Male,Shimla,B.Tech,6.9,77,10,62,68,3,No,0,No
6018,Arjun,20,Male,Bangalore,B.Tech,5.5,84,9,60,50,3,No,1,No
6019,Anika,18,Female,Jaipur,BCA,7.4,83,12,71,72,4,No,0,Yes
6020,Riya,25,Female,Noida,M.Tech,6.7,82,12,67,64,3,No,1,No
6021,Tara,20,Female,Gurugram,B.Tech,6.4,86,11,77,66,3,No,0,No
6022,Reyansh,22,Male,Gurugram,BCA,7.2,83,13,60,57,4,No,0,No
6023,Ananya,20,Female,Pune,B.Tech,3.8,67,5,50,44,1,No,2,No
6024,Priya,22,Female,Shimla,B.Tech,6.3,83,11,69,64,3,No,0,No
6025,Kavya,19,Female,Gurugram,BCA,4.7,79,7,51,44,2,No,2,No
6026,Kavya,19,Female,Chandigarh,B.Tech,6.5,81,15,63,60,4,No,1,No
6027,Reyansh,23,Male,Chennai,MCA,5.4,79,9,66,62,3,No,0,Yes
6028,Arjun,21,Male,Jaipur,BCA,5.5,76,10,55,57,2,No,0,No
6029,Sanya,21,Female,Bangalore,B.Tech,4.5,73,9,49,46,3,No,2,No
6030,Dhruv,18,Male,Ahmedabad,BCA,8.2,88,17,77,75,4,Yes,0,Yes
6031,Rohan,19,Male,Jaipur,B.Sc,5.5,81,8,62,58,3,No,0,No
6032,Priya,19,Female,Kolkata,B.Tech,5.6,80,11,64,61,2,No,1,Yes
6033,Anushka,21,Female,Kolkata,BCA,8.8,94,17,86,83,4,Yes,0,Yes
6034,Priya,20,Female,Hyderabad,B.Sc,7.4,91,14,77,73,5,No,0,Yes
6035,Ayaan,18,Male,Chennai,B.Tech,3.4,75,6,40,40,2,No,2,No
6036,Arjun,22,Male,Kolkata,MCA,8.6,85,15,77,76,4,Yes,0,Yes
6037,Simran,18,Female,Hyderabad,B.Tech,9.0,91,16,84,80,3,Yes,0,Yes
6038,Tara,19,Female,Delhi,B.Tech,8.8,93,16,84,78,5,No,0,Yes
6039,Neha,22,Female,Ahmedabad,BCA,7.5,86,13,69,64,2,Yes,1,Yes
6040,Tara,22,Female,Gurugram,B.Tech,4.8,72,10,49,44,2,No,1,No
6041,Anushka,18,Female,Chandigarh,B.Sc,6.4,81,10,60,56,3,No,0,Yes
6042,Ananya,21,Female,Kolkata,BCA,4.3,68,9,51,47,2,No,1,No
6043,Kabir,21,Male,Shimla,B.Tech,5.2,77,11,61,56,2,No,1,No
6044,Ananya,22,Female,Hyderabad,MCA,4.8,75,9,55,49,3,No,2,No
6045,Priya,22,Female,Ahmedabad,B.Sc,5.6,79,7,55,50,2,No,3,No
6046,Tara,22,Female,Mumbai,BCA,6.7,87,13,69,71,4,Yes,0,Yes
6047,Rohan,18,Male,Delhi,BCA,5.8,76,9,56,53,2,No,4,No
6048,Isha,18,Female,Gurugram,B.Tech,5.8,78,10,57,53,2,No,2,No
6049,Ayaan,21,Male,Solan,B.Sc,6.1,78,12,60,53,3,No,2,No
6050,Rahul,24,Male,Gurugram,MCA,8.7,94,17,78,79,4,Yes,0,Yes
6051,Rahul,21,Male,Shimla,B.Tech,9.7,97,15,83,89,5,Yes,0,Yes
6052,Simran,20,Female,Solan,BCA,5.8,81,11,68,61,4,No,1,No
6053,Dhruv,22,Male,Chennai,BCA,7.0,85,16,61,60,4,No,1,Yes
6054,Ayaan,22,Male,Solan,B.Tech,5.2,75,8,54,51,2,No,2,No
6055,Vivaan,18,Male,Jaipur,B.Sc,7.7,88,14,73,72,3,No,0,Yes
6056,Riya,22,Female,Bangalore,B.Tech,5.8,77,10,65,52,1,No,2,No
6057,Ishaan,18,Male,Chandigarh,B.Tech,5.4,79,11,60,57,2,No,0,No
6058,Aditya,20,Male,Kolkata,B.Tech,9.5,92,15,83,89,4,Yes,0,Yes
6059,Diya,21,Female,Jaipur,BCA,4.5,74,6,49,45,3,No,2,No
6060,Reyansh,20,Male,Kolkata,B.Tech,3.0,71,7,48,40,2,No,2,No
6061,Sanya,24,Female,Shimla,MCA,7.6,89,14,70,71,3,Yes,0,Yes
6062,Kavya,21,Female,Noida,B.Sc,5.9,86,9,65,62,2,No,0,No
6063,Reyansh,18,Male,Jaipur,B.Tech,5.5,81,10,59,55,3,No,2,No
6064,Ayaan,21,Male,Chennai,B.Sc,10.0,100,16,92,93,4,Yes,0,Yes
6065,Sanya,20,Female,Chandigarh,B.Sc,7.6,87,15,79,76,4,No,0,Yes
6066,Vansh,19,Male,Solan,B.Tech,6.4,88,12,70,61,3,No,2,No
6067,Kabir,18,Male,Gurugram,B.Tech,5.4,80,9,58,50,3,Yes,2,No
6068,Reyansh,21,Male,Pune,B.Tech,7.2,86,12,77,68,3,No,0,No
6069,Tara,21,Female,Delhi,B.Tech,3.9,73,6,55,42,1,No,1,No
6070,Reyansh,25,Male,Gurugram,MCA,5.7,81,9,65,61,3,No,0,No
6071,Kavya,18,Female,Delhi,BCA,6.4,84,14,67,65,3,No,0,No
6072,Kavya,21,Female,Chandigarh,MCA,6.8,80,14,63,63,3,No,1,No
6073,Reyansh,20,Male,Shimla,B.Sc,6.3,84,11,56,61,2,Yes,0,Yes
6074,Dhruv,19,Male,Delhi,B.Tech,5.5,75,9,58,53,1,No,2,No
6075,Kavya,23,Female,Jaipur,MCA,7.9,90,13,79,73,3,No,1,No
6076,Rohan,20,Male,Mumbai,B.Tech,4.0,76,7,45,41,2,No,2,No
6077,Anushka,20,Female,Chennai,B.Tech,6.1,86,12,67,65,3,No,1,No
6078,Ishaan,19,Male,Solan,B.Sc,5.7,77,12,58,53,3,Yes,1,No
6079,Rohan,20,Male,Noida,B.Tech,8.0,85,13,76,79,3,Yes,0,Yes
6080,Krishna,18,Male,Gurugram,B.Tech,5.8,84,8,60,56,3,Yes,1,Yes
6081,Vansh,19,Male,Bangalore,B.Sc,7.2,82,11,66,66,4,No,0,No
6082,Vansh,24,Male,Chennai,MCA,7.0,81,13,67,65,4,Yes,0,Yes
6083,Aadhya,22,Female,Bangalore,B.Tech,3.7,74,7,43,40,1,No,1,No
6084,Shaurya,22,Male,Bangalore,B.Tech,6.4,82,13,69,67,2,Yes,0,Yes
6085,Vansh,18,Male,Chennai,BCA,3.9,74,7,49,40,1,No,1,No
6086,Rahul,22,Male,Delhi,B.Sc,7.0,86,15,65,62,4,No,0,No
6087,Anika,22,Female,Chandigarh,B.Tech,5.4,81,7,57,55,3,No,2,No
6088,Rahul,25,Male,Chandigarh,MCA,8.3,89,11,79,72,3,No,0,No
6089,Ananya,21,Female,Jaipur,B.Sc,6.2,82,13,63,57,3,No,2,No
6090,Dhruv,22,Male,Bangalore,B.Sc,5.3,78,8,61,54,5,Yes,2,No
6091,Aditya,23,Male,Mumbai,MCA,8.3,89,15,73,72,4,No,0,Yes
6092,Ishaan,21,Male,Noida,MCA,5.2,74,10,54,49,2,No,1,No
6093,Isha,18,Female,Gurugram,B.Tech,7.8,90,15,75,69,5,No,0,No
6094,Dhruv,18,Male,Delhi,B.Tech,7.2,88,12,80,73,4,Yes,0,Yes
6095,Rohan,21,Male,Shimla,B.Sc,6.0,83,9,60,59,2,No,1,No
6096,Vivaan,24,Male,Delhi,M.Tech,4.5,77,7,56,50,2,Yes,2,No
6097,Isha,22,Female,Solan,B.Sc,8.4,86,16,78,79,4,Yes,0,Yes
6098,Krishna,20,Male,Ahmedabad,BCA,7.3,81,14,76,71,3,Yes,0,Yes
6099,Kabir,22,Male,Chennai,B.Sc,5.3,81,9,64,61,1,Yes,0,No
6100,Vivaan,18,Male,Jaipur,B.Tech,6.9,84,12,66,60,3,No,0,Yes
6101,Aarav,23,Male,Hyderabad,M.Tech,8.0,89,15,71,75,4,No,0,Yes
6102,Riya,18,Female,Mumbai,BCA,6.7,84,10,61,63,4,Yes,1,No
6103,Anika,23,Female,Jaipur,M.Tech,6.9,85,15,69,61,2,No,1,No
6104,Aditya,19,Male,Noida,BCA,8.0,90,15,80,77,2,Yes,0,Yes
6105,Ishaan,24,Male,Jaipur,M.Tech,8.8,91,16,85,81,4,Yes,0,Yes
6106,Arjun,21,Male,Bangalore,B.Tech,6.3,76,13,61,58,3,No,0,Yes
6107,Krishna,18,Male,Jaipur,B.Sc,4.5,78,9,54,48,2,No,1,No
6108,Ishaan,21,Male,Noida,M.Tech,4.5,77,8,59,49,1,No,2,No
6109,Neha,19,Female,Mumbai,B.Sc,5.5,75,7,54,54,2,Yes,1,No
6110,Sanya,22,Female,Pune,B.Sc,5.1,74,10,45,45,1,No,2,No
6111,Anushka,20,Female,Ahmedabad,B.Tech,4.0,77,9,55,44,1,No,2,No
6112,Diya,19,Female,Jaipur,BCA,9.3,96,16,80,80,4,Yes,0,No
6113,Neha,22,Female,Shimla,MCA,7.3,78,15,67,64,4,No,0,No
6114,Tara,18,Female,Gurugram,B.Tech,5.7,81,12,63,60,4,No,1,No
6115,Ayaan,18,Male,Kolkata,B.Sc,6.5,82,12,63,57,3,Yes,0,No
6116,Sanya,22,Female,Chennai,B.Sc,3.8,74,7,53,51,2,No,1,No
6117,Shaurya,22,Male,Bangalore,B.Tech,8.2,89,16,87,81,4,No,0,Yes
6118,Vansh,18,Male,Ahmedabad,B.Tech,3.6,70,7,43,40,1,No,2,No
6119,Tara,21,Female,Chandigarh,BCA,7.3,88,16,72,68,3,No,0,No
6120,Reyansh,22,Male,Noida,B.Tech,3.7,71,8,47,40,2,No,4,No
6121,Ishaan,22,Male,Shimla,MCA,5.9,83,12,64,57,3,No,1,No
6122,Riya,18,Female,Ahmedabad,B.Sc,8.4,92,17,76,76,3,Yes,0,No
6123,Reyansh,20,Male,Shimla,BCA,4.0,71,8,46,48,2,No,1,No
6124,Vansh,20,Male,Delhi,B.Tech,6.3,80,8,61,64,2,No,1,No
6125,Tara,21,Female,Gurugram,B.Sc,7.4,86,13,70,69,4,No,0,Yes
6126,Tara,18,Female,Noida,BCA,7.2,90,12,70,65,3,No,0,No
6127,Riya,19,Female,Hyderabad,B.Tech,6.6,81,12,55,57,4,No,1,No
6128,Rohan,21,Male,Delhi,BCA,7.2,84,12,70,69,4,Yes,0,Yes
6129,Rahul,22,Male,Delhi,MCA,5.6,81,11,59,56,2,No,1,No
6130,Ananya,20,Female,Shimla,B.Tech,9.4,95,16,82,84,4,Yes,0,Yes
6131,Tara,19,Female,Delhi,BCA,4.1,76,10,51,46,2,No,1,No
6132,Shaurya,23,Male,Gurugram,M.Tech,8.2,89,17,77,76,4,Yes,0,Yes
6133,Shaurya,22,Male,Bangalore,B.Tech,6.8,83,10,66,60,3,Yes,0,No
6134,Vivaan,23,Male,Gurugram,MCA,7.4,87,14,72,69,3,No,0,No
6135,Anushka,20,Female,Mumbai,BCA,7.7,77,13,67,73,3,No,1,No
6136,Shaurya,21,Male,Delhi,B.Tech,7.3,91,14,68,68,4,Yes,0,Yes
6137,Isha,21,Female,Pune,B.Tech,5.3,78,10,66,62,2,No,2,No
6138,Vansh,18,Male,Bangalore,B.Tech,6.1,82,9,61,64,3,No,0,Yes
6139,Neha,18,Female,Delhi,B.Tech,4.3,81,6,55,45,2,No,3,No
6140,Diya,20,Female,Ahmedabad,B.Tech,6.1,79,10,72,72,4,Yes,0,Yes
6141,Tara,22,Female,Noida,B.Tech,7.0,91,12,70,69,3,No,1,No
6142,Ishaan,18,Male,Gurugram,B.Tech,7.4,88,13,74,74,3,No,1,No
6143,Priya,20,Female,Hyderabad,B.Sc,7.1,86,14,79,70,3,Yes,1,Yes
6144,Anushka,24,Female,Ahmedabad,MCA,3.9,76,7,43,42,1,No,2,No
6145,Aditya,21,Male,Kolkata,MCA,5.7,77,9,65,57,2,No,1,No
6146,Kavya,18,Female,Bangalore,BCA,5.5,74,9,58,54,2,No,1,No
6147,Sanya,23,Female,Mumbai,M.Tech,4.5,72,5,49,46,3,No,1,No
6148,Priya,20,Female,Pune,B.Tech,5.2,81,12,59,53,4,No,2,No
6149,Kavya,19,Female,Chandigarh,B.Tech,6.5,80,12,63,64,1,No,1,No
6150,Aditya,19,Male,Gurugram,B.Tech,8.6,85,17,83,78,5,Yes,0,Yes
6151,Kabir,22,Male,Pune,B.Sc,5.1,78,10,57,46,2,No,2,No
6152,Vansh,21,Male,Gurugram,MCA,4.8,79,9,58,51,3,No,1,No
6153,Riya,19,Female,Kolkata,B.Sc,5.6,80,7,58,58,3,No,0,No
6154,Diya,20,Female,Solan,BCA,7.0,86,12,71,74,4,Yes,0,Yes
6155,Sanya,18,Female,Delhi,B.Sc,8.3,93,15,77,79,4,Yes,0,Yes
6156,Rahul,19,Male,Solan,B.Tech,6.4,84,12,60,62,3,Yes,1,No
6157,Arjun,22,Male,Jaipur,BCA,4.3,75,9,57,48,3,No,2,No
6158,Isha,22,Female,Jaipur,BCA,4.7,75,8,55,56,4,No,0,Yes
6159,Dhruv,22,Male,Chandigarh,B.Tech,6.8,86,15,71,68,3,No,0,No
6160,Arjun,22,Male,Shimla,B.Tech,8.0,89,13,73,74,4,Yes,0,Yes
6161,Simran,20,Female,Ahmedabad,B.Sc,9.2,90,17,87,86,4,No,0,Yes
6162,Aditya,22,Male,Jaipur,BCA,4.7,80,7,57,47,2,No,1,No
6163,Dhruv,21,Male,Jaipur,B.Tech,6.7,84,13,68,65,3,No,0,Yes
6164,Rohan,22,Male,Pune,BCA,5.0,79,8,61,50,1,No,1,No
6165,Dhruv,22,Male,Bangalore,M.Tech,5.2,77,7,55,54,3,No,1,No
6166,Aadhya,18,Female,Shimla,BCA,5.0,81,7,63,56,2,No,2,No
6167,Aditya,19,Male,Hyderabad,B.Tech,6.0,76,10,58,54,2,No,3,No
6168,Aarav,18,Male,Noida,BCA,5.2,83,12,59,57,1,No,1,No
6169,Aarav,20,Male,Kolkata,B.Sc,10.0,89,19,82,83,5,No,0,Yes
6170,Riya,18,Female,Mumbai,B.Tech,5.8,76,11,55,52,2,No,3,No
6171,Vansh,21,Male,Mumbai,B.Tech,8.0,89,14,74,74,5,No,0,No
6172,Aadhya,22,Female,Delhi,BCA,5.5,78,8,58,54,2,No,1,No
6173,Dhruv,19,Male,Chennai,BCA,9.8,93,16,88,88,4,No,0,Yes
6174,Ishaan,18,Male,Ahmedabad,B.Tech,7.0,83,12,66,67,3,No,0,No
6175,Rahul,19,Male,Chandigarh,B.Sc,7.8,85,13,75,70,2,No,0,Yes
6176,Aadhya,25,Female,Chandigarh,M.Tech,5.6,81,9,59,53,1,No,3,No
6177,Neha,23,Female,Shimla,MCA,8.0,88,13,73,71,5,No,1,Yes
6178,Vansh,22,Male,Chandigarh,B.Sc,7.0,87,13,72,68,4,No,0,No
6179,Priya,20,Female,Hyderabad,BCA,5.9,81,9,60,59,2,Yes,0,Yes
6180,Diya,22,Female,Bangalore,MCA,4.9,76,11,62,60,3,No,2,Yes
6181,Reyansh,23,Male,Kolkata,MCA,6.1,84,13,66,61,4,No,1,No
6182,Isha,23,Female,Jaipur,MCA,6.0,76,12,55,54,2,Yes,1,No
6183,Rohan,20,Male,Bangalore,B.Tech,7.8,80,15,71,68,4,No,0,No
6184,Priya,20,Female,Jaipur,B.Tech,6.2,77,9,59,55,2,No,1,No
6185,Anika,23,Female,Jaipur,M.Tech,3.6,72,10,40,40,2,No,3,No
6186,Ananya,21,Female,Hyderabad,M.Tech,7.5,87,13,77,73,4,No,0,Yes
6187,Meera,20,Female,Bangalore,BCA,8.4,81,16,79,81,4,Yes,0,Yes
6188,Kabir,23,Male,Mumbai,M.Tech,4.0,74,8,47,46,2,No,2,No
6189,Simran,22,Female,Solan,B.Sc,9.2,91,15,85,86,2,Yes,0,Yes
6190,Vansh,22,Male,Shimla,BCA,8.6,91,15,83,76,4,No,0,Yes
6191,Krishna,22,Male,Ahmedabad,BCA,5.6,74,11,58,56,2,Yes,2,No
6192,Sanya,20,Female,Bangalore,BCA,4.8,85,6,62,51,4,No,1,No
6193,Anika,22,Female,Mumbai,BCA,8.1,88,14,77,69,4,No,0,Yes
6194,Riya,21,Female,Shimla,M.Tech,4.4,72,5,55,49,2,No,2,No
6195,Vansh,19,Male,Noida,BCA,5.5,80,10,55,56,4,No,1,No
6196,Simran,25,Female,Jaipur,MCA,4.5,80,10,55,51,2,No,1,No
6197,Isha,25,Female,Gurugram,MCA,6.5,79,12,65,59,3,No,0,No
6198,Arjun,18,Male,Delhi,B.Tech,8.7,86,13,73,83,3,No,0,Yes
6199,Reyansh,21,Male,Chandigarh,B.Tech,7.1,84,12,65,66,3,No,0,Yes
6200,Reyansh,21,Male,Shimla,B.Sc,8.0,88,15,69,67,3,No,0,Yes
6201,Kabir,18,Male,Mumbai,B.Tech,6.0,83,11,63,53,3,No,2,No
6202,Tara,22,Female,Ahmedabad,B.Sc,6.6,88,13,66,62,2,No,1,No
6203,Meera,19,Female,Mumbai,B.Tech,4.7,79,8,50,41,1,No,1,No
6204,Kavya,22,Female,Bangalore,BCA,6.4,78,10,68,60,3,No,1,No
6205,Anika,18,Female,Bangalore,B.Tech,5.4,76,10,59,49,1,No,2,No
6206,Krishna,18,Male,Chandigarh,B.Tech,6.3,80,11,61,56,3,No,1,No
6207,Neha,20,Female,Jaipur,B.Tech,6.2,84,13,65,59,4,No,0,Yes
6208,Dhruv,21,Male,Ahmedabad,M.Tech,6.0,83,10,62,56,3,No,0,Yes
6209,Anika,20,Female,Chandigarh,BCA,9.7,98,18,81,89,5,Yes,0,Yes
6210,Rohan,21,Male,Mumbai,MCA,9.2,94,16,85,83,2,No,0,Yes
6211,Priya,23,Female,Solan,M.Tech,8.6,88,19,85,85,4,No,0,Yes
6212,Kabir,23,Male,Noida,MCA,9.2,92,15,88,87,4,No,0,Yes
6213,Aarav,22,Male,Pune,BCA,8.6,86,15,78,76,4,No,0,Yes
6214,Ananya,20,Female,Delhi,B.Sc,6.5,85,10,65,60,2,Yes,0,Yes
6215,Rohan,21,Male,Mumbai,B.Tech,6.3,80,13,66,66,3,Yes,1,No
6216,Sanya,18,Female,Mumbai,B.Tech,6.9,88,14,71,64,4,Yes,0,No
6217,Ayaan,22,Male,Jaipur,MCA,6.2,84,11,64,58,2,No,0,Yes
6218,Isha,18,Female,Hyderabad,B.Tech,4.9,83,11,65,54,2,Yes,2,No
6219,Kabir,25,Male,Bangalore,M.Tech,6.9,85,13,67,65,4,No,0,No
6220,Shaurya,22,Male,Gurugram,B.Sc,4.2,76,9,55,45,2,No,2,Yes
6221,Ayaan,20,Male,Noida,BCA,6.7,83,11,67,66,4,No,0,No
6222,Reyansh,22,Male,Noida,B.Tech,5.0,76,9,56,54,2,No,3,No
6223,Aditya,22,Male,Noida,B.Sc,6.4,82,14,58,55,3,Yes,0,Yes
6224,Arjun,18,Male,Shimla,BCA,6.8,87,14,73,69,2,Yes,0,No
6225,Rohan,21,Male,Shimla,B.Sc,6.0,77,12,64,57,2,No,0,No
6226,Kabir,21,Male,Solan,BCA,4.0,74,9,50,45,1,No,2,No
6227,Isha,20,Female,Chandigarh,B.Tech,4.7,71,12,56,54,2,No,1,No
6228,Kavya,22,Female,Ahmedabad,B.Tech,7.2,86,14,72,69,5,No,0,No
6229,Vivaan,22,Male,Gurugram,B.Tech,5.7,79,9,55,53,4,No,3,No
6230,Kavya,21,Female,Shimla,B.Tech,7.3,87,15,67,73,4,No,0,Yes
6231,Anika,20,Female,Ahmedabad,B.Tech,6.5,81,12,65,63,2,No,1,No
6232,Ayaan,22,Male,Shimla,B.Tech,6.2,81,12,57,53,2,No,1,No
6233,Neha,20,Female,Pune,B.Sc,7.0,86,13,74,66,3,No,0,Yes
6234,Rohan,18,Male,Pune,B.Sc,5.5,80,9,59,61,3,No,1,No
6235,Krishna,22,Male,Delhi,B.Tech,7.1,89,13,72,66,4,No,0,Yes
6236,Reyansh,22,Male,Ahmedabad,B.Sc,5.9,79,12,57,53,3,Yes,4,Yes
6237,Kavya,22,Female,Chandigarh,B.Sc,10.0,93,19,90,89,4,Yes,0,Yes
6238,Sanya,21,Female,Kolkata,BCA,4.8,81,9,56,53,2,No,3,No
6239,Reyansh,21,Male,Bangalore,BCA,6.0,80,10,61,54,2,No,2,No
6240,Rahul,22,Male,Bangalore,BCA,6.0,80,8,68,61,2,Yes,0,No
6241,Meera,22,Female,Shimla,B.Tech,4.5,77,8,59,47,2,No,3,No
6242,Kabir,18,Male,Hyderabad,BCA,7.6,86,15,75,71,4,No,0,Yes
6243,Dhruv,18,Male,Kolkata,B.Tech,5.9,80,7,62,60,3,No,0,No
6244,Aadhya,20,Female,Gurugram,BCA,3.0,68,5,40,40,1,No,2,No
6245,Tara,23,Female,Ahmedabad,MCA,7.5,90,13,72,75,3,Yes,0,Yes
6246,Diya,21,Female,Chandigarh,BCA,5.5,79,9,58,52,2,No,3,No
6247,Riya,19,Female,Jaipur,B.Sc,6.3,80,12,65,62,4,No,0,Yes
6248,Riya,21,Female,Noida,MCA,7.5,85,15,71,73,4,No,0,Yes
6249,Dhruv,20,Male,Bangalore,B.Tech,6.0,82,14,63,62,1,Yes,0,Yes
6250,Rohan,21,Male,Ahmedabad,MCA,5.9,85,11,70,71,3,No,0,No
6251,Aditya,18,Male,Mumbai,B.Tech,10.0,94,20,92,91,4,Yes,0,Yes
6252,Neha,22,Female,Chandigarh,MCA,3.3,69,5,41,40,1,No,2,No
6253,Isha,18,Female,Gurugram,B.Tech,4.6,82,8,57,51,1,Yes,3,No
6254,Rahul,19,Male,Delhi,B.Tech,4.9,78,10,53,46,3,No,2,No
6255,Anika,19,Female,Chandigarh,B.Sc,9.2,92,16,85,84,5,Yes,0,Yes
6256,Ayaan,21,Male,Shimla,MCA,5.5,79,10,67,63,1,No,1,No
6257,Arjun,18,Male,Gurugram,B.Tech,6.9,80,14,65,65,4,No,0,Yes
6258,Anushka,20,Female,Bangalore,B.Sc,5.8,80,10,64,58,4,No,0,No
6259,Aditya,18,Male,Hyderabad,B.Sc,7.4,88,12,79,71,3,Yes,0,Yes
6260,Anika,18,Female,Gurugram,B.Tech,6.5,86,11,66,63,2,No,0,Yes
6261,Kabir,18,Male,Pune,BCA,6.9,83,12,70,68,3,No,0,Yes
6262,Ananya,20,Female,Chandigarh,BCA,8.4,90,16,85,77,5,No,0,Yes
6263,Anushka,19,Female,Gurugram,B.Tech,7.2,89,12,68,63,4,No,2,No
6264,Vansh,20,Male,Chennai,B.Sc,5.4,79,6,54,50,2,No,2,No
6265,Anushka,21,Female,Noida,M.Tech,7.0,87,14,65,60,2,No,0,No
6266,Ishaan,22,Male,Pune,B.Sc,10.0,96,19,91,84,5,Yes,0,Yes
6267,Arjun,21,Male,Noida,M.Tech,7.3,84,12,66,62,3,No,2,No
6268,Ayaan,20,Male,Shimla,B.Tech,6.7,81,10,68,65,3,No,0,Yes
6269,Ananya,20,Female,Delhi,B.Tech,4.4,79,10,59,51,2,No,2,No
6270,Aditya,24,Male,Delhi,MCA,7.6,79,13,67,65,4,No,1,No
6271,Aarav,25,Male,Jaipur,MCA,7.8,85,15,70,66,2,Yes,1,No
6272,Aditya,20,Male,Hyderabad,B.Tech,7.0,80,12,70,68,3,No,0,Yes
6273,Ayaan,19,Male,Pune,BCA,6.7,87,13,68,65,4,No,0,No
6274,Diya,21,Female,Shimla,MCA,10.0,99,17,80,87,4,Yes,0,Yes
6275,Aarav,19,Male,Delhi,B.Tech,7.8,85,15,79,67,4,No,0,No
6276,Vansh,20,Male,Bangalore,B.Tech,8.4,98,16,83,74,2,No,0,Yes
6277,Aditya,20,Male,Chennai,B.Sc,6.6,87,9,66,66,3,Yes,0,No
6278,Aarav,22,Male,Ahmedabad,M.Tech,6.3,83,12,63,61,4,No,0,Yes
6279,Riya,19,Female,Chennai,B.Sc,7.4,90,12,76,74,5,No,0,Yes
6280,Aditya,21,Male,Hyderabad,B.Sc,6.3,80,13,63,57,1,No,1,No
6281,Priya,18,Female,Pune,B.Tech,6.4,82,12,65,60,3,No,0,No
6282,Rohan,19,Male,Bangalore,B.Sc,7.2,87,13,71,64,2,Yes,1,Yes
6283,Rahul,18,Male,Ahmedabad,B.Tech,5.7,78,13,56,47,3,No,3,No
6284,Isha,25,Female,Bangalore,M.Tech,6.8,80,9,65,63,3,Yes,1,No
6285,Arjun,20,Male,Jaipur,BCA,6.6,80,15,64,66,3,Yes,0,Yes
6286,Priya,19,Female,Gurugram,B.Sc,8.0,87,17,72,71,4,Yes,0,Yes
6287,Isha,25,Female,Bangalore,MCA,5.6,81,9,61,54,3,No,2,No
6288,Aditya,20,Male,Mumbai,B.Tech,3.5,71,8,48,40,1,No,1,No
6289,Krishna,24,Male,Pune,M.Tech,6.0,76,12,67,65,3,Yes,0,Yes
6290,Isha,20,Female,Noida,BCA,7.1,86,9,67,65,4,No,0,No
6291,Reyansh,19,Male,Hyderabad,B.Tech,7.9,91,14,79,75,4,No,0,Yes
6292,Dhruv,22,Male,Gurugram,B.Tech,5.5,77,8,64,53,3,No,2,No
6293,Vivaan,25,Male,Noida,MCA,7.3,91,11,77,69,2,No,0,No
6294,Vivaan,25,Male,Shimla,MCA,8.2,91,14,75,76,4,Yes,0,Yes
6295,Diya,20,Female,Chennai,B.Tech,7.6,83,13,70,67,3,Yes,0,Yes
6296,Ishaan,18,Male,Chennai,B.Tech,5.3,77,11,63,54,3,No,1,No
6297,Aarav,21,Male,Chandigarh,MCA,5.5,78,9,58,62,3,No,0,No
6298,Riya,20,Female,Jaipur,B.Tech,7.2,85,12,70,67,3,Yes,0,Yes
6299,Arjun,19,Male,Hyderabad,B.Sc,8.9,84,18,76,76,4,Yes,0,Yes
6300,Vansh,20,Male,Ahmedabad,B.Sc,6.5,80,11,68,63,3,No,0,No
6301,Kavya,21,Female,Ahmedabad,MCA,6.3,80,11,54,52,3,No,1,No
6302,Dhruv,20,Male,Solan,BCA,4.4,81,9,51,46,2,No,4,No
6303,Diya,22,Female,Shimla,BCA,6.0,82,12,59,62,3,Yes,2,Yes
6304,Kavya,22,Female,Chennai,M.Tech,5.4,77,10,64,59,1,No,0,No
6305,Shaurya,19,Male,Shimla,B.Tech,6.5,81,13,66,58,4,Yes,1,No
6306,Sanya,21,Female,Solan,B.Tech,4.2,76,6,51,44,3,No,3,No
6307,Krishna,20,Male,Ahmedabad,B.Tech,6.0,80,10,61,58,3,No,1,No
6308,Rohan,25,Male,Shimla,M.Tech,5.0,76,12,50,43,3,No,2,No
6309,Neha,20,Female,Chandigarh,B.Sc,7.9,86,10,79,74,4,No,0,Yes
6310,Neha,21,Female,Shimla,B.Tech,5.2,80,8,57,50,2,No,2,No
6311,Ayaan,21,Male,Hyderabad,B.Sc,5.6,75,8,60,54,4,Yes,1,Yes
6312,Meera,20,Female,Noida,BCA,6.9,81,13,64,63,1,No,2,No
6313,Tara,23,Female,Noida,M.Tech,5.8,78,11,60,58,1,No,0,No
6314,Tara,20,Female,Solan,B.Tech,10.0,92,20,83,81,4,Yes,0,Yes
6315,Ishaan,18,Male,Ahmedabad,B.Sc,7.9,85,14,73,71,4,No,0,Yes
6316,Aditya,21,Male,Mumbai,B.Sc,6.5,85,10,71,64,3,No,1,No
6317,Krishna,19,Male,Pune,B.Tech,7.1,88,11,71,67,3,No,0,Yes
6318,Isha,21,Female,Gurugram,MCA,3.0,71,5,45,40,1,No,3,No
6319,Rahul,22,Male,Gurugram,B.Tech,8.3,90,18,78,76,3,Yes,0,Yes
6320,Riya,19,Female,Solan,B.Sc,7.3,84,12,77,73,2,No,0,Yes
6321,Vansh,19,Male,Kolkata,B.Sc,6.4,76,11,59,54,2,No,3,No
6322,Ayaan,19,Male,Gurugram,B.Sc,7.3,86,13,70,73,2,Yes,1,Yes
6323,Shaurya,21,Male,Bangalore,B.Tech,7.5,87,13,73,73,3,Yes,0,Yes
6324,Isha,25,Female,Chennai,M.Tech,5.9,79,13,57,50,2,Yes,2,No
6325,Vivaan,18,Male,Delhi,B.Tech,7.1,82,15,69,71,2,No,0,No
6326,Riya,22,Female,Kolkata,B.Sc,8.1,85,16,75,78,3,No,0,Yes
6327,Ayaan,18,Male,Solan,B.Sc,7.2,86,14,71,66,4,No,0,Yes
6328,Rahul,24,Male,Kolkata,M.Tech,6.1,82,10,64,60,3,No,0,No
6329,Arjun,22,Male,Delhi,B.Sc,6.9,88,11,67,65,2,Yes,0,Yes
6330,Vansh,19,Male,Gurugram,B.Tech,8.6,88,14,72,69,3,Yes,0,No
6331,Krishna,25,Male,Mumbai,MCA,7.7,86,14,74,74,5,Yes,0,Yes
6332,Ishaan,21,Male,Chandigarh,B.Tech,4.8,77,8,51,42,2,No,2,Yes
6333,Vivaan,21,Male,Ahmedabad,B.Tech,7.4,84,14,70,69,2,No,0,No
6334,Shaurya,24,Male,Solan,MCA,7.2,88,13,68,71,3,Yes,0,Yes
6335,Diya,18,Female,Gurugram,BCA,8.2,92,13,72,67,3,Yes,0,No
6336,Priya,22,Female,Bangalore,B.Tech,6.5,79,14,66,61,2,No,1,No
6337,Vivaan,19,Male,Solan,BCA,5.9,79,10,64,62,3,No,1,No
6338,Riya,19,Female,Delhi,B.Tech,4.4,79,9,58,51,3,No,4,No
6339,Priya,20,Female,Shimla,B.Tech,5.5,80,9,58,57,1,No,1,No
6340,Vivaan,21,Male,Bangalore,B.Tech,8.3,89,14,77,73,4,No,0,No
6341,Kavya,19,Female,Shimla,B.Sc,6.8,85,11,69,62,4,Yes,0,Yes
6342,Tara,21,Female,Shimla,B.Sc,6.4,84,9,70,64,3,No,1,No
6343,Arjun,19,Male,Solan,B.Sc,8.4,91,13,71,73,5,No,0,Yes
6344,Kabir,22,Male,Jaipur,B.Tech,8.1,89,15,70,72,4,No,0,Yes
6345,Aadhya,20,Female,Solan,B.Sc,5.4,79,8,64,59,2,No,0,Yes
6346,Ananya,21,Female,Pune,BCA,8.3,93,15,72,75,5,No,0,Yes
6347,Arjun,18,Male,Jaipur,BCA,4.0,73,7,53,46,2,No,3,No
6348,Ayaan,21,Male,Bangalore,MCA,7.2,85,14,75,67,5,Yes,0,No
6349,Rohan,19,Male,Bangalore,BCA,7.0,89,11,74,65,2,No,0,Yes
6350,Anika,22,Female,Gurugram,B.Sc,8.2,90,16,73,75,5,No,0,Yes
6351,Sanya,24,Female,Mumbai,M.Tech,7.1,85,11,66,67,4,No,0,No
6352,Isha,20,Female,Noida,BCA,6.1,83,7,63,65,3,No,1,No
6353,Aditya,22,Male,Noida,BCA,6.3,83,12,72,73,2,Yes,0,Yes
6354,Tara,19,Female,Hyderabad,BCA,10.0,93,17,94,94,5,Yes,0,Yes
6355,Kavya,22,Female,Solan,B.Tech,6.6,84,14,68,65,4,Yes,0,No
6356,Rohan,20,Male,Delhi,B.Sc,7.4,83,14,64,63,2,No,0,No
6357,Ayaan,22,Male,Kolkata,B.Sc,3.5,78,6,49,40,2,No,2,No
6358,Tara,21,Female,Pune,B.Tech,5.3,79,10,57,53,2,No,4,No
6359,Anika,19,Female,Mumbai,B.Tech,7.3,83,12,70,67,4,Yes,0,Yes
6360,Dhruv,23,Male,Bangalore,M.Tech,4.1,73,10,43,46,1,No,1,No
6361,Aadhya,19,Female,Hyderabad,BCA,7.3,88,12,73,71,4,Yes,0,No
6362,Krishna,21,Male,Kolkata,B.Tech,5.4,76,10,51,49,2,Yes,2,No
6363,Anika,20,Female,Ahmedabad,B.Tech,4.9,85,8,48,43,3,Yes,2,No
6364,Meera,20,Female,Solan,B.Sc,5.4,75,10,58,55,3,No,0,Yes
6365,Arjun,19,Male,Chandigarh,B.Tech,8.8,94,14,89,85,4,Yes,0,Yes
6366,Aadhya,22,Female,Chennai,B.Tech,7.0,83,13,65,62,2,No,1,No
6367,Tara,22,Female,Hyderabad,B.Sc,5.1,75,9,54,48,3,No,4,Yes
6368,Vansh,18,Male,Chennai,B.Sc,7.7,89,15,78,75,3,No,0,Yes
6369,Neha,18,Female,Shimla,B.Tech,7.7,86,15,78,73,4,No,0,No
6370,Aarav,20,Male,Chandigarh,B.Tech,5.9,85,11,64,58,2,No,0,No
6371,Aditya,19,Male,Delhi,BCA,7.9,83,17,70,68,2,Yes,0,No
6372,Ishaan,20,Male,Hyderabad,B.Tech,8.0,90,14,81,85,4,No,0,Yes
6373,Dhruv,19,Male,Gurugram,BCA,7.8,86,14,68,69,3,Yes,0,No
6374,Anika,21,Female,Chennai,B.Tech,5.5,80,10,57,51,3,No,3,No
6375,Kabir,18,Male,Noida,B.Tech,4.7,78,9,57,43,2,No,4,No
6376,Aadhya,20,Female,Pune,BCA,4.0,69,7,41,40,1,No,4,No
6377,Anushka,24,Female,Jaipur,M.Tech,5.5,80,9,61,55,4,No,0,Yes
6378,Ishaan,22,Male,Mumbai,B.Tech,5.9,84,12,68,67,2,Yes,0,Yes
6379,Meera,18,Female,Jaipur,B.Tech,6.1,83,11,70,70,3,Yes,1,No
6380,Shaurya,19,Male,Ahmedabad,B.Tech,6.4,81,13,63,59,4,No,0,No
6381,Shaurya,22,Male,Kolkata,BCA,9.1,88,14,79,80,3,No,0,Yes
6382,Vivaan,25,Male,Pune,MCA,6.0,83,13,66,60,3,Yes,2,No
6383,Arjun,21,Male,Chennai,BCA,6.4,88,13,65,63,2,No,2,No
6384,Reyansh,23,Male,Delhi,MCA,3.8,75,7,48,41,2,No,2,No
6385,Aadhya,20,Female,Shimla,B.Tech,9.8,98,18,89,86,5,No,0,Yes
6386,Vivaan,24,Male,Pune,MCA,4.5,79,9,56,47,3,No,4,No
6387,Vivaan,22,Male,Bangalore,B.Tech,5.4,78,8,51,52,2,No,3,No
6388,Aadhya,18,Female,Chennai,B.Tech,7.5,87,14,68,71,4,No,0,No
6389,Meera,22,Female,Gurugram,B.Tech,6.9,87,13,62,60,3,Yes,0,No
6390,Aadhya,21,Female,Jaipur,B.Tech,9.0,87,13,73,77,5,Yes,0,Yes
6391,Kabir,22,Male,Bangalore,BCA,7.6,89,14,69,68,4,No,0,No
6392,Ananya,22,Female,Hyderabad,BCA,6.4,86,9,66,61,3,Yes,1,No
6393,Ananya,22,Female,Bangalore,B.Sc,8.1,88,16,75,75,3,Yes,0,Yes
6394,Isha,22,Female,Hyderabad,B.Tech,8.2,91,17,69,74,3,Yes,0,Yes
6395,Neha,18,Female,Bangalore,BCA,5.5,78,12,55,50,2,No,2,No
6396,Rahul,19,Male,Pune,B.Tech,7.9,88,14,69,68,3,No,1,No
6397,Aarav,19,Male,Solan,B.Sc,6.2,81,11,63,64,3,No,2,No
6398,Shaurya,20,Male,Ahmedabad,B.Tech,6.3,83,8,62,59,4,Yes,1,No
6399,Ayaan,19,Male,Chennai,B.Tech,6.7,83,13,72,64,2,No,0,No
6400,Priya,19,Female,Kolkata,BCA,5.9,76,8,59,57,3,No,2,No
6401,Vansh,22,Male,Pune,MCA,5.8,78,8,58,55,2,Yes,1,No
6402,Meera,22,Female,Delhi,B.Sc,8.0,94,14,77,77,5,Yes,0,Yes
6403,Meera,22,Female,Chennai,B.Tech,4.2,76,6,49,44,3,No,3,No
6404,Aditya,18,Male,Ahmedabad,B.Tech,4.9,71,7,58,52,2,No,2,No
6405,Shaurya,22,Male,Ahmedabad,B.Tech,7.5,90,14,72,69,4,No,0,No
6406,Aadhya,22,Female,Gurugram,BCA,6.4,79,13,65,62,4,No,0,No
6407,Priya,19,Female,Kolkata,BCA,8.0,91,15,80,81,3,No,0,Yes
6408,Aarav,18,Male,Chennai,B.Tech,7.0,88,13,68,67,4,No,0,No
6409,Dhruv,18,Male,Bangalore,BCA,4.5,76,10,46,40,2,No,3,No
6410,Aadhya,19,Female,Chennai,BCA,6.6,80,12,63,62,3,Yes,1,No
6411,Kavya,19,Female,Jaipur,BCA,7.3,83,12,72,70,3,No,0,Yes
6412,Rohan,18,Male,Kolkata,B.Tech,6.9,86,11,62,62,3,No,1,Yes
6413,Anika,21,Female,Chennai,BCA,5.8,77,11,61,52,3,No,2,No
6414,Vivaan,19,Male,Chennai,B.Tech,6.1,80,9,66,61,2,No,1,No
6415,Aarav,22,Male,Gurugram,MCA,5.7,81,11,66,58,1,No,0,No
6416,Ayaan,18,Male,Mumbai,B.Sc,4.5,74,7,55,44,2,No,3,No
6417,Shaurya,21,Male,Mumbai,B.Tech,4.3,79,6,54,51,3,No,2,No
6418,Kabir,21,Male,Solan,B.Tech,7.1,82,11,69,65,2,No,0,No
6419,Reyansh,20,Male,Gurugram,B.Tech,5.2,68,11,48,46,2,No,2,No
6420,Dhruv,21,Male,Solan,BCA,7.4,84,12,67,69,4,No,0,No
6421,Kabir,22,Male,Ahmedabad,M.Tech,5.6,81,10,53,54,4,No,2,No
6422,Ayaan,22,Male,Hyderabad,B.Tech,4.5,78,7,54,47,3,No,3,No
6423,Sanya,21,Female,Hyderabad,MCA,5.9,79,12,63,59,3,Yes,2,No
6424,Aditya,19,Male,Mumbai,BCA,9.6,93,20,86,82,5,No,0,Yes
6425,Rohan,21,Male,Hyderabad,MCA,6.4,82,13,66,59,3,Yes,1,Yes
6426,Simran,21,Female,Shimla,B.Sc,7.5,91,13,77,76,4,Yes,0,Yes
6427,Simran,18,Female,Kolkata,B.Sc,6.8,85,13,63,62,2,No,1,No
6428,Ayaan,19,Male,Shimla,BCA,4.4,74,7,52,50,3,No,1,No
6429,Meera,25,Female,Delhi,MCA,8.7,97,16,83,80,5,Yes,0,Yes
6430,Ananya,19,Female,Solan,B.Tech,6.1,81,8,61,59,3,Yes,0,Yes
6431,Riya,23,Female,Mumbai,MCA,4.5,70,8,42,40,2,No,2,No
6432,Aarav,18,Male,Gurugram,B.Sc,5.7,76,10,55,56,3,No,0,No
6433,Anika,19,Female,Bangalore,BCA,6.2,83,12,62,59,3,No,1,No
6434,Aditya,24,Male,Delhi,M.Tech,7.6,81,14,71,68,3,No,0,No
6435,Isha,24,Female,Pune,MCA,5.5,81,11,60,57,3,No,0,Yes
6436,Ananya,19,Female,Pune,B.Sc,10.0,93,17,95,95,3,No,0,Yes
6437,Arjun,20,Male,Shimla,B.Tech,5.1,81,10,62,54,3,No,1,Yes
6438,Sanya,21,Female,Kolkata,M.Tech,7.4,86,14,71,65,3,Yes,0,Yes
6439,Aditya,20,Male,Chandigarh,B.Sc,3.5,67,8,45,44,2,No,2,No
6440,Tara,22,Female,Solan,B.Sc,6.3,85,13,71,64,2,No,1,No
6441,Aditya,22,Male,Solan,M.Tech,7.1,89,11,76,65,3,Yes,0,Yes
6442,Rahul,20,Male,Jaipur,B.Tech,4.8,73,9,55,49,3,Yes,2,No
6443,Dhruv,22,Male,Hyderabad,B.Tech,8.7,88,14,86,83,5,Yes,0,Yes
6444,Kavya,20,Female,Hyderabad,BCA,7.2,87,15,67,65,3,No,0,No
6445,Vivaan,22,Male,Shimla,B.Tech,6.0,83,10,63,58,2,No,0,Yes
6446,Dhruv,21,Male,Delhi,B.Sc,7.1,92,12,85,75,4,Yes,0,Yes
6447,Arjun,21,Male,Chennai,B.Tech,5.6,82,10,64,57,4,No,0,No
6448,Ananya,19,Female,Solan,B.Tech,8.4,97,16,80,74,3,No,0,Yes
6449,Diya,20,Female,Delhi,BCA,8.0,88,15,76,70,2,Yes,0,No
6450,Aarav,21,Male,Chandigarh,BCA,7.1,86,14,71,69,4,Yes,0,No
6451,Vansh,18,Male,Bangalore,B.Tech,7.4,84,13,77,76,3,Yes,0,Yes
6452,Kabir,21,Male,Delhi,B.Tech,4.3,73,8,54,47,1,No,3,No
6453,Vansh,21,Male,Hyderabad,BCA,8.7,91,13,80,83,4,Yes,0,Yes
6454,Aditya,20,Male,Gurugram,B.Sc,6.4,81,13,58,60,4,No,0,Yes
6455,Aadhya,25,Female,Gurugram,MCA,8.0,80,14,69,69,4,No,0,No
6456,Rohan,18,Male,Noida,B.Tech,7.6,85,13,72,72,4,No,0,Yes
6457,Krishna,18,Male,Chandigarh,BCA,8.0,91,17,76,75,4,Yes,0,Yes
6458,Shaurya,22,Male,Pune,B.Tech,4.9,77,5,60,52,3,No,2,No
6459,Sanya,20,Female,Mumbai,BCA,5.1,78,9,56,45,4,Yes,1,No
6460,Simran,24,Female,Bangalore,M.Tech,9.9,92,14,90,89,4,No,0,Yes
6461,Aadhya,22,Female,Pune,BCA,4.2,76,8,46,44,2,No,2,No
6462,Aarav,18,Male,Ahmedabad,BCA,4.9,82,8,55,48,2,No,2,No
6463,Vansh,18,Male,Ahmedabad,B.Tech,6.6,87,7,71,72,3,No,0,Yes
6464,Aditya,24,Male,Mumbai,M.Tech,6.6,84,14,75,71,2,No,0,No
6465,Dhruv,21,Male,Chennai,BCA,5.7,77,8,59,51,3,No,4,No
6466,Krishna,19,Male,Chennai,BCA,7.4,91,15,77,72,4,Yes,0,Yes
6467,Isha,22,Female,Solan,BCA,7.9,91,13,81,74,3,No,1,Yes
6468,Anika,21,Female,Hyderabad,B.Tech,6.5,78,11,68,62,4,No,1,No
6469,Ananya,22,Female,Ahmedabad,MCA,6.1,76,8,64,62,3,Yes,0,Yes
6470,Ayaan,20,Male,Hyderabad,B.Tech,6.5,78,12,62,59,1,Yes,2,No
6471,Riya,18,Female,Delhi,B.Sc,5.8,79,10,67,59,3,Yes,0,Yes
6472,Aditya,22,Male,Chandigarh,BCA,4.0,77,7,46,42,1,No,1,No
6473,Aarav,20,Male,Gurugram,B.Tech,7.0,87,12,65,66,4,Yes,0,Yes
6474,Sanya,22,Female,Delhi,B.Tech,7.6,88,11,81,77,5,Yes,0,Yes
6475,Rohan,22,Male,Ahmedabad,B.Sc,6.3,82,12,66,63,4,No,0,No
6476,Kabir,21,Male,Chandigarh,B.Tech,3.1,78,5,42,40,1,No,1,No
6477,Ishaan,19,Male,Shimla,B.Tech,5.6,80,14,54,52,3,No,2,No
6478,Diya,22,Female,Ahmedabad,B.Tech,7.9,87,14,68,67,3,No,0,No
6479,Priya,20,Female,Ahmedabad,B.Sc,4.3,74,7,59,50,2,No,4,No
6480,Vansh,25,Male,Solan,MCA,7.5,93,11,74,68,3,No,0,No
6481,Kavya,22,Female,Shimla,MCA,5.8,82,8,60,54,4,No,4,No
6482,Vansh,18,Male,Shimla,BCA,6.5,80,13,71,68,2,Yes,0,Yes
6483,Arjun,22,Male,Kolkata,BCA,5.5,76,11,59,57,1,Yes,1,No
6484,Anushka,20,Female,Kolkata,B.Tech,4.8,72,8,51,40,2,No,3,No
6485,Kavya,18,Female,Kolkata,B.Tech,8.7,90,16,84,84,4,Yes,0,Yes
6486,Neha,21,Female,Chennai,MCA,7.7,82,16,74,70,5,No,0,No
6487,Vivaan,21,Male,Solan,B.Sc,7.5,83,14,73,68,3,Yes,0,Yes
6488,Neha,21,Female,Chennai,B.Sc,7.9,91,15,75,72,4,No,0,Yes
6489,Isha,22,Female,Noida,BCA,7.3,88,13,68,63,3,No,1,No
6490,Isha,23,Female,Solan,MCA,7.9,92,13,72,70,3,Yes,0,Yes
6491,Reyansh,24,Male,Mumbai,M.Tech,5.5,75,10,58,60,2,No,0,Yes
6492,Neha,19,Female,Bangalore,B.Tech,8.6,87,18,78,72,2,No,1,No
6493,Sanya,19,Female,Mumbai,B.Tech,8.4,88,14,79,79,5,Yes,0,Yes
6494,Vivaan,18,Male,Hyderabad,BCA,7.1,90,14,70,70,3,No,1,No
6495,Aditya,18,Male,Noida,B.Tech,6.1,82,11,68,64,1,Yes,1,No
6496,Rohan,21,Male,Solan,MCA,4.7,82,8,51,52,2,Yes,2,No
6497,Kavya,19,Female,Chennai,B.Tech,6.8,86,14,70,69,4,Yes,0,No
6498,Priya,21,Female,Noida,BCA,9.0,91,17,78,80,4,No,0,Yes
6499,Diya,21,Female,Ahmedabad,BCA,4.8,79,10,55,53,3,No,1,No
6500,Aadhya,22,Female,Ahmedabad,BCA,8.0,83,17,70,73,5,No,0,No
6501,Ayaan,20,Male,Solan,B.Tech,5.8,74,13,57,53,3,No,4,No
6502,Ayaan,22,Male,Shimla,M.Tech,5.9,81,11,58,57,1,Yes,1,No
6503,Arjun,18,Male,Solan,B.Tech,4.7,76,8,50,46,2,No,2,No
6504,Ishaan,20,Male,Pune,B.Sc,5.4,85,8,65,54,3,No,1,No
6505,Ayaan,18,Male,Hyderabad,B.Sc,7.5,82,16,65,71,4,Yes,0,Yes
6506,Shaurya,20,Male,Noida,B.Tech,7.7,88,14,76,71,4,Yes,1,No
6507,Arjun,23,Male,Mumbai,M.Tech,6.9,86,12,72,71,5,No,0,Yes
6508,Dhruv,21,Male,Delhi,BCA,5.7,81,9,64,60,2,Yes,0,Yes
6509,Aditya,22,Male,Shimla,B.Sc,4.8,80,7,56,48,1,No,3,No
6510,Krishna,22,Male,Pune,B.Sc,6.6,81,15,61,57,1,Yes,1,No
6511,Shaurya,18,Male,Delhi,BCA,6.0,83,12,57,56,3,No,1,No
6512,Meera,19,Female,Shimla,B.Tech,6.8,85,10,63,63,3,No,0,No
6513,Aadhya,22,Female,Gurugram,B.Sc,6.0,84,9,59,55,2,No,0,No
6514,Sanya,19,Female,Bangalore,BCA,6.1,80,11,64,55,3,No,1,No
6515,Reyansh,18,Male,Bangalore,B.Tech,6.7,80,11,60,62,3,Yes,0,No
6516,Anika,19,Female,Delhi,B.Sc,7.0,83,12,67,56,3,No,1,No
6517,Aadhya,20,Female,Pune,B.Sc,8.3,86,17,76,76,2,Yes,0,Yes
6518,Sanya,20,Female,Gurugram,BCA,6.0,79,12,60,60,3,No,1,No
6519,Vansh,18,Male,Solan,B.Tech,7.3,85,11,69,61,4,No,0,No
6520,Diya,19,Female,Bangalore,BCA,9.2,89,15,87,85,4,Yes,0,Yes
6521,Meera,19,Female,Delhi,B.Tech,7.4,86,14,73,69,3,No,0,No
6522,Meera,18,Female,Pune,BCA,8.2,85,16,78,76,4,Yes,0,Yes
6523,Simran,25,Female,Shimla,MCA,5.6,79,9,58,57,3,Yes,0,No
6524,Shaurya,21,Male,Chandigarh,B.Tech,5.4,77,10,61,51,1,No,2,No
6525,Diya,22,Female,Ahmedabad,B.Tech,6.3,82,11,66,61,2,No,0,No
6526,Ishaan,21,Male,Chennai,B.Sc,6.4,84,14,66,62,3,No,0,No
6527,Anika,19,Female,Noida,B.Tech,8.1,87,16,74,67,3,Yes,0,Yes
6528,Vansh,21,Male,Shimla,B.Tech,5.4,77,9,59,56,3,No,1,No
6529,Dhruv,21,Male,Kolkata,B.Sc,6.4,80,9,72,70,2,Yes,0,Yes
6530,Vansh,19,Male,Solan,B.Sc,8.1,91,13,79,78,5,Yes,0,Yes
6531,Riya,20,Female,Ahmedabad,B.Sc,6.8,88,8,76,70,5,Yes,0,Yes
6532,Aarav,21,Male,Solan,B.Sc,6.5,81,12,57,60,3,Yes,1,No
6533,Sanya,18,Female,Jaipur,BCA,6.9,84,13,68,63,2,Yes,1,No
6534,Kavya,25,Female,Pune,MCA,4.8,72,10,56,48,2,No,1,No
6535,Shaurya,19,Male,Chandigarh,B.Tech,4.8,76,8,56,52,3,No,1,No
6536,Shaurya,19,Male,Noida,B.Tech,4.1,70,9,51,46,2,No,2,No
6537,Rahul,21,Male,Delhi,B.Tech,6.8,82,15,65,64,3,No,0,No
6538,Aadhya,20,Female,Ahmedabad,B.Tech,7.9,91,13,81,74,4,Yes,0,Yes
6539,Neha,20,Female,Chennai,B.Tech,7.6,82,15,64,60,4,No,0,No
6540,Vansh,22,Male,Noida,BCA,8.2,86,15,75,71,4,No,0,Yes
6541,Aarav,22,Male,Mumbai,BCA,8.7,88,15,79,75,4,No,0,No
6542,Meera,20,Female,Chandigarh,B.Tech,6.7,78,14,62,55,4,Yes,0,Yes
6543,Tara,20,Female,Chennai,B.Sc,6.4,85,10,66,63,3,Yes,1,No
6544,Neha,20,Female,Delhi,B.Sc,8.7,91,13,72,70,5,Yes,0,Yes
6545,Anika,21,Female,Delhi,B.Tech,5.4,84,9,55,48,2,No,3,No
6546,Dhruv,18,Male,Jaipur,B.Tech,4.7,73,8,58,50,2,No,4,No
6547,Krishna,22,Male,Noida,B.Tech,6.0,76,8,61,55,5,No,0,No
6548,Krishna,19,Male,Jaipur,B.Tech,5.8,83,11,61,52,3,Yes,2,No
6549,Reyansh,20,Male,Mumbai,B.Sc,6.6,82,11,70,61,4,No,0,No
6550,Vansh,20,Male,Jaipur,B.Tech,5.2,77,7,62,57,1,No,1,No
6551,Ishaan,18,Male,Chennai,B.Tech,7.1,89,14,78,71,3,No,0,No
6552,Shaurya,20,Male,Noida,B.Tech,5.6,80,9,52,46,2,No,4,No
6553,Neha,25,Female,Gurugram,MCA,8.3,92,17,84,84,5,Yes,0,Yes
6554,Priya,20,Female,Mumbai,B.Tech,4.7,75,9,49,44,2,No,3,No
6555,Riya,18,Female,Noida,B.Sc,6.3,80,11,65,63,2,No,0,No
6556,Isha,21,Female,Chennai,B.Tech,6.0,80,12,64,59,3,No,0,No
6557,Arjun,22,Male,Solan,B.Sc,6.8,86,13,75,69,2,No,0,Yes
6558,Priya,24,Female,Delhi,MCA,7.9,88,14,77,74,4,Yes,0,Yes
6559,Rohan,19,Male,Kolkata,BCA,6.9,86,13,70,62,3,No,0,No
6560,Meera,21,Female,Shimla,MCA,6.3,74,12,58,64,3,No,1,No
6561,Rahul,19,Male,Hyderabad,B.Sc,7.5,81,12,63,62,3,Yes,0,No
6562,Priya,19,Female,Gurugram,B.Sc,7.8,81,18,68,71,5,Yes,0,Yes
6563,Aditya,19,Male,Chennai,B.Sc,6.9,83,13,73,66,3,No,0,Yes
6564,Shaurya,19,Male,Mumbai,B.Tech,7.1,81,13,68,62,2,Yes,0,Yes
6565,Priya,18,Female,Delhi,BCA,7.5,91,11,81,79,3,Yes,0,Yes
6566,Kabir,24,Male,Bangalore,M.Tech,4.0,74,7,47,47,1,No,1,No
6567,Neha,20,Female,Chennai,B.Tech,6.0,82,11,66,62,2,No,0,Yes
6568,Priya,22,Female,Jaipur,M.Tech,7.1,82,11,69,69,4,No,0,No
6569,Simran,20,Female,Shimla,BCA,6.1,78,9,67,58,2,No,2,No
6570,Kavya,20,Female,Delhi,BCA,6.1,86,10,64,62,3,Yes,1,No
6571,Simran,19,Female,Delhi,B.Sc,7.1,90,12,71,69,4,No,0,No
6572,Rohan,25,Male,Bangalore,MCA,7.1,86,13,75,71,5,No,1,No
6573,Isha,20,Female,Mumbai,BCA,7.2,79,13,59,66,3,No,0,Yes
6574,Neha,22,Female,Solan,B.Tech,5.3,77,10,57,46,4,No,3,No
6575,Anika,21,Female,Mumbai,B.Sc,4.4,76,9,46,42,2,Yes,1,Yes
6576,Krishna,23,Male,Kolkata,M.Tech,7.7,86,15,73,75,4,Yes,0,Yes
6577,Simran,18,Female,Mumbai,B.Sc,5.4,73,10,55,49,2,No,1,No
6578,Anika,21,Female,Solan,B.Tech,5.3,84,10,63,58,3,No,0,No
6579,Aadhya,21,Female,Shimla,B.Tech,5.1,75,10,57,51,2,No,1,No
6580,Kabir,25,Male,Chennai,MCA,8.2,85,15,74,73,4,Yes,0,Yes
6581,Ayaan,19,Male,Delhi,B.Tech,6.8,84,11,64,59,4,Yes,1,No
6582,Krishna,18,Male,Hyderabad,BCA,7.0,88,12,71,74,4,Yes,0,No
6583,Riya,18,Female,Kolkata,B.Tech,7.5,88,14,78,70,4,No,0,Yes
6584,Riya,22,Female,Chandigarh,B.Tech,6.4,78,12,59,57,2,Yes,0,Yes
6585,Reyansh,22,Male,Hyderabad,B.Tech,8.0,84,15,68,68,4,No,0,No
6586,Ishaan,21,Male,Jaipur,B.Tech,4.7,70,8,44,46,1,No,3,No
6587,Ayaan,22,Male,Shimla,B.Sc,4.9,76,8,49,47,4,No,2,No
6588,Vansh,19,Male,Chennai,B.Tech,4.8,75,8,54,44,3,No,1,No
6589,Ananya,21,Female,Noida,B.Tech,7.1,86,12,64,61,4,No,1,No
6590,Ananya,21,Female,Noida,BCA,7.3,83,14,68,60,4,No,0,No
6591,Krishna,24,Male,Kolkata,MCA,5.8,83,8,64,59,2,No,0,No
6592,Isha,18,Female,Solan,B.Sc,6.2,84,14,56,61,2,No,2,No
6593,Reyansh,18,Male,Mumbai,B.Tech,8.4,87,18,81,77,4,Yes,0,Yes
6594,Meera,21,Female,Jaipur,B.Tech,5.5,80,10,65,59,2,No,2,No
6595,Vansh,19,Male,Noida,BCA,6.9,88,13,77,74,2,Yes,0,Yes
6596,Arjun,23,Male,Shimla,MCA,5.5,76,11,64,56,2,No,1,Yes
6597,Aarav,21,Male,Gurugram,B.Tech,8.1,88,13,85,83,4,No,0,Yes
6598,Tara,22,Female,Mumbai,B.Tech,7.4,85,14,72,75,3,No,0,Yes
6599,Diya,20,Female,Bangalore,B.Sc,4.4,74,10,55,43,3,No,2,No
6600,Sanya,18,Female,Delhi,B.Sc,6.1,84,8,63,63,3,No,2,No
6601,Ayaan,18,Male,Jaipur,BCA,3.4,75,5,50,40,3,No,2,No
6602,Ayaan,20,Male,Kolkata,B.Tech,7.9,89,15,76,71,5,No,1,Yes
6603,Arjun,22,Male,Pune,B.Tech,9.6,95,17,79,84,4,Yes,0,Yes
6604,Kavya,18,Female,Noida,B.Tech,3.2,70,5,40,40,1,No,1,No
6605,Reyansh,18,Male,Noida,B.Tech,4.4,76,7,60,50,1,No,1,No
6606,Tara,24,Female,Kolkata,M.Tech,6.8,80,11,67,71,3,No,1,Yes
6607,Sanya,19,Female,Mumbai,B.Tech,6.5,90,11,74,66,4,Yes,0,Yes
6608,Meera,22,Female,Chennai,B.Sc,5.9,85,9,61,61,2,No,1,No
6609,Aarav,21,Male,Delhi,BCA,3.9,77,9,47,41,2,No,2,No
6610,Kabir,19,Male,Pune,B.Tech,7.0,86,13,69,67,3,Yes,0,No
6611,Vivaan,21,Male,Shimla,MCA,7.8,89,14,78,76,3,Yes,0,Yes
6612,Meera,19,Female,Hyderabad,B.Sc,10.0,90,19,92,90,5,Yes,0,Yes
6613,Kavya,21,Female,Jaipur,M.Tech,8.5,86,19,78,72,5,Yes,0,Yes
6614,Ishaan,21,Male,Chandigarh,B.Tech,4.6,73,7,55,50,3,No,1,No
6615,Arjun,18,Male,Pune,B.Tech,6.5,83,9,65,60,1,Yes,1,Yes
6616,Simran,19,Female,Pune,B.Tech,7.4,85,13,77,71,4,Yes,0,Yes
6617,Isha,21,Female,Chennai,B.Tech,5.5,82,7,66,61,3,Yes,1,No
6618,Vansh,19,Male,Hyderabad,BCA,7.7,84,13,69,70,3,No,0,No
6619,Diya,22,Female,Kolkata,MCA,7.6,90,15,76,70,3,Yes,0,Yes
6620,Arjun,20,Male,Chennai,B.Tech,8.4,87,17,73,74,4,Yes,0,Yes
6621,Ayaan,21,Male,Shimla,MCA,7.7,86,12,76,73,4,No,0,Yes
6622,Ananya,18,Female,Gurugram,BCA,6.9,87,11,68,62,3,No,0,No
6623,Anika,19,Female,Hyderabad,B.Sc,5.5,81,10,57,51,4,No,3,No
6624,Riya,18,Female,Noida,B.Tech,4.6,72,9,44,40,2,No,3,No
6625,Krishna,22,Male,Gurugram,B.Tech,6.8,87,13,73,68,3,No,0,No
6626,Kavya,21,Female,Delhi,MCA,5.9,81,13,63,58,3,Yes,2,No
6627,Arjun,21,Male,Pune,B.Tech,6.0,75,12,61,58,3,No,0,No
6628,Vivaan,18,Male,Hyderabad,B.Sc,8.2,86,15,79,73,4,No,0,Yes
6629,Sanya,22,Female,Ahmedabad,BCA,8.6,89,17,76,75,5,No,0,Yes
6630,Aarav,22,Male,Gurugram,MCA,4.6,73,8,49,45,2,No,1,No
6631,Priya,18,Female,Bangalore,B.Sc,6.2,86,12,68,63,3,No,0,No
6632,Aadhya,21,Female,Chennai,B.Tech,5.9,80,10,66,65,2,No,1,No
6633,Kabir,22,Male,Delhi,BCA,7.0,86,13,72,71,4,Yes,0,Yes
6634,Arjun,20,Male,Kolkata,B.Tech,3.1,71,5,50,41,1,No,2,No
6635,Ishaan,19,Male,Hyderabad,BCA,4.3,77,9,55,43,1,No,2,No
6636,Aarav,19,Male,Jaipur,B.Tech,6.3,87,10,68,61,3,No,0,Yes
6637,Riya,19,Female,Hyderabad,BCA,7.7,89,13,77,76,4,Yes,0,Yes
6638,Aadhya,22,Female,Shimla,B.Tech,6.6,88,8,67,63,4,Yes,2,Yes
6639,Rohan,21,Male,Solan,M.Tech,7.5,88,12,68,63,4,No,0,No
6640,Dhruv,18,Male,Jaipur,BCA,6.8,84,11,68,64,4,No,1,No
6641,Anika,21,Female,Mumbai,MCA,8.4,90,15,81,77,4,Yes,0,Yes
6642,Anika,18,Female,Bangalore,B.Tech,8.7,83,14,73,78,5,Yes,0,Yes
6643,Aarav,19,Male,Hyderabad,B.Sc,5.4,78,9,53,49,2,No,3,No
6644,Arjun,20,Male,Mumbai,B.Tech,7.8,87,13,71,71,3,No,0,Yes
6645,Sanya,19,Female,Ahmedabad,BCA,7.3,87,10,77,74,3,Yes,0,Yes
6646,Rahul,23,Male,Chennai,MCA,10.0,95,18,90,85,5,No,0,Yes
6647,Krishna,23,Male,Jaipur,M.Tech,5.3,80,9,58,51,2,No,1,No
6648,Simran,18,Female,Solan,B.Tech,6.3,78,11,59,56,3,Yes,0,No
6649,Neha,24,Female,Ahmedabad,M.Tech,5.0,73,10,55,51,2,No,2,No
6650,Aadhya,22,Female,Hyderabad,B.Sc,5.0,74,9,55,49,3,No,3,No
6651,Priya,24,Female,Chandigarh,M.Tech,7.1,90,12,73,65,3,Yes,0,Yes
6652,Neha,20,Female,Mumbai,BCA,6.8,80,14,76,66,3,Yes,0,No
6653,Krishna,24,Male,Shimla,M.Tech,7.3,83,13,72,72,2,No,0,Yes
6654,Aditya,23,Male,Jaipur,MCA,7.3,86,12,68,73,3,Yes,1,Yes
6655,Kabir,19,Male,Delhi,B.Tech,6.1,77,12,56,56,1,No,2,No
6656,Vivaan,19,Male,Hyderabad,B.Tech,6.1,79,10,60,61,4,No,1,No
6657,Sanya,18,Female,Chandigarh,B.Tech,5.0,80,11,55,52,2,No,4,No
6658,Simran,22,Female,Noida,BCA,5.4,78,10,62,58,4,No,2,No
6659,Anushka,22,Female,Delhi,MCA,6.4,87,14,64,63,4,No,0,No
6660,Ananya,22,Female,Mumbai,B.Sc,6.8,79,12,62,63,4,Yes,1,No
6661,Vansh,18,Male,Hyderabad,B.Sc,7.6,86,15,75,73,3,No,0,Yes
6662,Vansh,22,Male,Chennai,BCA,7.4,85,11,69,68,3,No,0,Yes
6663,Tara,19,Female,Pune,B.Tech,8.8,91,18,83,79,5,No,0,Yes
6664,Tara,19,Female,Delhi,B.Tech,5.0,74,10,51,50,3,No,4,No
6665,Simran,21,Female,Kolkata,B.Sc,6.2,80,10,61,59,2,No,0,No
6666,Neha,21,Female,Jaipur,B.Tech,5.2,81,11,56,49,2,No,1,No
6667,Ananya,21,Female,Delhi,B.Tech,8.4,89,13,79,80,5,Yes,0,Yes
6668,Sanya,22,Female,Hyderabad,BCA,5.7,77,10,59,58,3,Yes,0,No
6669,Kabir,19,Male,Delhi,B.Tech,8.2,95,13,74,74,4,No,0,No
6670,Riya,18,Female,Mumbai,B.Tech,8.7,91,17,75,79,5,Yes,0,Yes
6671,Sanya,20,Female,Mumbai,B.Tech,7.1,87,15,69,68,2,Yes,0,Yes
6672,Dhruv,22,Male,Bangalore,M.Tech,6.9,86,12,63,61,3,No,0,No
6673,Meera,21,Female,Delhi,B.Tech,6.6,83,10,65,57,3,No,1,No
6674,Rohan,24,Male,Shimla,MCA,6.0,79,9,63,53,2,No,3,No
6675,Sanya,22,Female,Pune,B.Tech,5.8,81,11,57,58,3,No,0,No
6676,Arjun,24,Male,Noida,MCA,6.3,80,11,67,62,3,Yes,1,Yes
6677,Riya,22,Female,Noida,BCA,9.2,93,16,89,84,5,No,0,Yes
6678,Kabir,21,Male,Ahmedabad,MCA,4.9,77,8,60,51,1,No,1,No
6679,Neha,24,Female,Kolkata,MCA,6.8,87,15,71,67,4,No,0,Yes
6680,Rohan,22,Male,Hyderabad,BCA,7.6,83,13,73,73,4,Yes,0,Yes
6681,Rohan,24,Male,Chandigarh,MCA,6.1,84,10,65,58,1,Yes,1,No
6682,Rohan,22,Male,Shimla,BCA,7.1,87,15,72,68,2,No,0,No
6683,Anushka,19,Female,Solan,B.Sc,4.2,74,7,48,51,1,No,2,No
6684,Shaurya,22,Male,Solan,BCA,8.5,92,16,79,83,5,Yes,0,Yes
6685,Ayaan,23,Male,Mumbai,MCA,8.2,90,13,78,69,3,No,1,No
6686,Tara,21,Female,Noida,MCA,6.4,84,12,68,58,2,No,0,No
6687,Dhruv,19,Male,Solan,B.Tech,5.2,80,10,52,55,3,No,2,No
6688,Anika,18,Female,Hyderabad,BCA,7.7,87,12,74,74,4,No,0,No
6689,Dhruv,22,Male,Delhi,MCA,4.8,75,8,58,52,2,Yes,4,No
6690,Tara,21,Female,Pune,B.Sc,5.0,76,8,53,51,3,No,1,No
6691,Arjun,25,Male,Gurugram,M.Tech,6.4,82,11,64,60,3,No,0,Yes
6692,Vivaan,21,Male,Solan,B.Tech,8.8,93,18,74,73,4,Yes,1,Yes
6693,Riya,18,Female,Bangalore,BCA,7.5,88,14,73,72,3,No,0,Yes
6694,Sanya,18,Female,Gurugram,BCA,5.5,82,13,54,51,3,No,1,No
6695,Kavya,19,Female,Kolkata,B.Tech,4.0,77,9,49,46,2,No,3,No
6696,Rohan,18,Male,Chandigarh,BCA,6.6,82,14,66,61,2,No,1,No
6697,Aditya,22,Male,Delhi,BCA,6.9,90,15,68,67,4,Yes,0,Yes
6698,Krishna,18,Male,Jaipur,B.Tech,6.4,82,13,64,62,3,Yes,0,Yes
6699,Kavya,21,Female,Mumbai,B.Tech,9.2,91,19,84,79,5,Yes,0,Yes
6700,Arjun,22,Male,Mumbai,B.Tech,6.3,83,12,65,65,3,No,0,Yes
6701,Kabir,18,Male,Hyderabad,B.Sc,3.1,72,7,45,40,1,No,2,No
6702,Ishaan,20,Male,Noida,BCA,5.9,78,12,53,56,4,No,0,No
6703,Aadhya,20,Female,Shimla,B.Tech,7.2,85,12,69,68,3,No,0,No
6704,Dhruv,21,Male,Solan,BCA,7.1,84,14,60,63,4,No,0,Yes
6705,Aadhya,19,Female,Delhi,B.Tech,6.2,82,13,62,57,3,Yes,0,Yes
6706,Vansh,22,Male,Chennai,M.Tech,6.0,83,10,71,62,2,No,1,No
6707,Anushka,18,Female,Chandigarh,B.Tech,3.5,71,5,50,42,2,No,4,No
6708,Rahul,25,Male,Chennai,MCA,6.6,85,11,61,56,2,Yes,0,No
6709,Aadhya,19,Female,Jaipur,BCA,6.0,77,13,59,58,3,No,0,Yes
6710,Riya,23,Female,Bangalore,MCA,6.9,87,12,69,64,3,Yes,1,No
6711,Ayaan,19,Male,Chandigarh,B.Tech,7.2,84,11,72,62,2,No,1,No
6712,Isha,20,Female,Gurugram,B.Tech,8.4,88,14,81,84,5,Yes,0,Yes
6713,Rahul,22,Male,Ahmedabad,MCA,5.1,79,8,64,57,3,No,2,Yes
6714,Isha,21,Female,Pune,B.Tech,4.6,77,7,50,47,3,Yes,1,No
6715,Anika,22,Female,Chennai,B.Sc,5.6,79,8,60,54,2,No,3,No
6716,Shaurya,18,Male,Bangalore,B.Tech,5.4,76,11,50,50,3,Yes,1,No
6717,Dhruv,20,Male,Solan,B.Sc,5.3,77,9,59,56,2,Yes,2,Yes
6718,Vivaan,22,Male,Jaipur,MCA,8.7,91,16,82,75,5,Yes,0,Yes
6719,Shaurya,21,Male,Jaipur,M.Tech,6.7,85,9,68,66,3,Yes,0,No
6720,Vivaan,20,Male,Chandigarh,BCA,9.5,91,19,87,82,4,No,0,Yes
6721,Rohan,20,Male,Jaipur,BCA,6.5,81,12,61,55,3,No,0,No
6722,Aarav,24,Male,Hyderabad,M.Tech,4.7,77,9,49,43,1,No,1,No
6723,Neha,22,Female,Kolkata,MCA,5.3,78,12,54,57,2,No,1,No
6724,Arjun,18,Male,Noida,B.Tech,8.0,88,15,77,77,4,No,0,No
6725,Arjun,19,Male,Ahmedabad,BCA,4.8,69,12,57,51,5,Yes,2,Yes
6726,Meera,19,Female,Noida,B.Tech,7.3,85,10,67,71,2,No,0,No
6727,Vivaan,25,Male,Hyderabad,M.Tech,6.0,84,10,61,55,2,No,1,No
6728,Rohan,20,Male,Chandigarh,B.Tech,5.1,76,6,56,48,2,No,3,No
6729,Aditya,20,Male,Chennai,BCA,8.6,92,16,94,84,3,Yes,0,Yes
6730,Kavya,22,Female,Jaipur,B.Sc,5.6,76,10,57,59,4,No,0,No
6731,Anika,25,Female,Jaipur,M.Tech,5.3,74,8,60,57,2,No,0,No
6732,Ayaan,22,Male,Ahmedabad,MCA,6.4,84,15,65,59,3,No,0,No
6733,Riya,20,Female,Pune,B.Tech,5.7,80,10,58,53,3,No,3,No
6734,Aadhya,18,Female,Jaipur,BCA,9.8,93,14,81,84,4,Yes,0,Yes
6735,Sanya,24,Female,Delhi,M.Tech,8.1,91,16,76,71,4,No,0,No
6736,Priya,22,Female,Chandigarh,B.Sc,5.6,79,11,63,57,2,Yes,2,No
6737,Simran,18,Female,Bangalore,B.Sc,5.8,78,10,57,52,4,No,1,No
6738,Aditya,18,Male,Ahmedabad,B.Sc,3.5,70,7,46,40,2,No,4,No
6739,Vivaan,19,Male,Pune,B.Tech,6.7,81,11,62,63,4,No,0,Yes
6740,Ayaan,22,Male,Pune,B.Sc,5.4,80,9,57,58,3,No,0,Yes
6741,Diya,18,Female,Chennai,B.Tech,6.6,82,12,60,54,1,Yes,2,No
6742,Kavya,21,Female,Bangalore,BCA,3.6,76,8,58,49,1,No,2,No
6743,Riya,21,Female,Noida,MCA,6.5,74,11,63,63,4,No,1,No
6744,Riya,21,Female,Ahmedabad,B.Tech,9.0,94,15,81,79,4,No,0,Yes
6745,Vivaan,21,Male,Ahmedabad,BCA,6.6,84,12,72,65,2,Yes,0,Yes
6746,Neha,21,Female,Ahmedabad,B.Tech,5.3,78,6,57,51,2,No,1,No
6747,Neha,22,Female,Chennai,B.Tech,6.5,79,11,66,57,3,No,2,No
6748,Priya,24,Female,Shimla,MCA,6.4,77,9,69,66,4,No,0,No
6749,Aadhya,22,Female,Solan,B.Sc,9.8,97,16,94,88,4,Yes,0,Yes
6750,Neha,18,Female,Kolkata,B.Tech,6.0,82,9,58,51,3,No,2,No
6751,Dhruv,21,Male,Delhi,BCA,4.7,77,9,54,50,3,Yes,2,No
6752,Isha,20,Female,Mumbai,BCA,6.5,82,11,70,66,3,No,0,Yes
6753,Kabir,18,Male,Solan,B.Tech,6.8,86,14,64,65,2,Yes,0,Yes
6754,Anika,20,Female,Solan,B.Sc,7.3,84,10,69,72,4,No,0,Yes
6755,Ananya,20,Female,Ahmedabad,BCA,7.6,86,13,71,69,4,Yes,0,No
6756,Shaurya,19,Male,Pune,B.Sc,9.4,92,17,86,84,4,No,0,Yes
6757,Anushka,22,Female,Jaipur,B.Tech,5.6,79,11,63,56,3,Yes,0,Yes
6758,Dhruv,19,Male,Hyderabad,B.Tech,5.5,83,13,65,57,2,No,1,Yes
6759,Kabir,22,Male,Bangalore,B.Tech,3.7,69,5,46,40,1,No,2,No
6760,Rahul,19,Male,Bangalore,B.Tech,7.5,80,12,65,64,4,No,1,No
6761,Aadhya,21,Female,Solan,MCA,5.2,74,12,54,48,2,Yes,3,No
6762,Tara,20,Female,Solan,B.Tech,7.8,89,13,70,66,3,No,0,Yes
6763,Diya,18,Female,Noida,B.Tech,5.8,80,11,58,60,3,No,0,No
6764,Rahul,25,Male,Chennai,M.Tech,9.1,87,15,83,86,5,No,0,Yes
6765,Isha,20,Female,Jaipur,B.Sc,4.3,75,6,46,40,2,No,1,No
6766,Priya,20,Female,Solan,B.Tech,8.0,87,13,73,73,3,No,0,Yes
6767,Dhruv,25,Male,Bangalore,M.Tech,7.9,89,17,79,75,5,Yes,0,Yes
6768,Ayaan,18,Male,Chandigarh,B.Tech,7.3,88,11,74,70,3,Yes,0,Yes
6769,Vivaan,20,Male,Gurugram,B.Sc,4.8,84,8,54,45,2,No,1,No
6770,Meera,18,Female,Solan,B.Tech,7.3,82,13,66,60,2,No,0,No
6771,Ananya,18,Female,Gurugram,B.Sc,6.7,78,13,71,66,3,No,0,Yes
6772,Riya,18,Female,Kolkata,BCA,3.8,75,9,50,42,3,No,2,No
6773,Aditya,20,Male,Chandigarh,B.Tech,8.8,94,16,78,76,3,No,0,No
6774,Riya,21,Female,Jaipur,B.Sc,6.0,77,6,61,57,2,No,1,No
6775,Shaurya,19,Male,Chennai,B.Sc,8.7,87,14,83,82,4,Yes,0,Yes
6776,Arjun,22,Male,Pune,B.Sc,6.4,83,10,62,62,3,No,0,Yes
6777,Riya,21,Female,Shimla,MCA,8.0,93,16,74,69,4,Yes,0,Yes
6778,Ayaan,20,Male,Solan,BCA,5.2,76,8,57,50,2,Yes,1,No
6779,Riya,22,Female,Jaipur,BCA,6.8,84,15,62,61,3,Yes,2,Yes
6780,Krishna,21,Male,Hyderabad,B.Sc,6.7,78,13,62,64,4,Yes,0,Yes
6781,Riya,21,Female,Pune,B.Sc,6.0,80,13,60,56,1,Yes,1,No
6782,Ayaan,20,Male,Hyderabad,BCA,5.2,78,13,47,47,3,No,1,No
6783,Aadhya,18,Female,Hyderabad,BCA,3.0,75,5,45,40,3,No,2,No
6784,Ayaan,21,Male,Mumbai,BCA,5.2,76,7,59,47,3,No,1,No
6785,Kabir,24,Male,Jaipur,M.Tech,7.6,89,14,81,82,3,Yes,0,Yes
6786,Kavya,21,Female,Jaipur,BCA,4.4,73,9,54,49,2,Yes,2,Yes
6787,Rohan,20,Male,Kolkata,B.Tech,4.7,77,7,50,43,1,No,3,No
6788,Neha,22,Female,Mumbai,BCA,4.3,81,8,52,40,1,No,2,No
6789,Meera,22,Female,Gurugram,MCA,6.8,89,14,77,74,3,Yes,0,Yes
6790,Krishna,23,Male,Shimla,MCA,5.2,84,11,61,52,3,Yes,3,No
6791,Reyansh,21,Male,Mumbai,MCA,8.3,90,14,82,75,4,No,0,Yes
6792,Meera,23,Female,Shimla,MCA,7.6,86,14,70,66,2,Yes,0,Yes
6793,Ananya,20,Female,Chandigarh,B.Tech,6.8,85,11,67,64,5,No,1,No
6794,Sanya,19,Female,Pune,BCA,7.0,86,10,69,68,4,No,0,No
6795,Vansh,19,Male,Gurugram,B.Sc,5.4,80,12,63,56,2,No,0,No
6796,Sanya,19,Female,Solan,B.Tech,5.4,77,7,56,49,2,No,2,No
6797,Shaurya,22,Male,Pune,BCA,7.6,84,14,74,78,3,Yes,0,Yes
6798,Simran,23,Female,Mumbai,MCA,7.9,86,14,74,71,3,Yes,0,Yes
6799,Meera,18,Female,Shimla,B.Sc,7.6,90,15,69,68,5,No,0,No
6800,Vivaan,22,Male,Bangalore,M.Tech,5.8,84,9,63,54,2,No,1,No
6801,Ayaan,22,Male,Ahmedabad,M.Tech,5.9,90,12,70,64,2,Yes,2,No
6802,Aarav,20,Male,Solan,B.Tech,5.1,79,9,57,55,2,No,0,No
6803,Aarav,21,Male,Chennai,MCA,7.7,85,16,71,67,3,No,0,Yes
6804,Aadhya,19,Female,Mumbai,B.Tech,3.6,71,7,52,40,2,No,1,No
6805,Shaurya,20,Male,Ahmedabad,B.Sc,3.2,71,5,46,40,1,No,2,No
6806,Ayaan,21,Male,Pune,B.Tech,3.5,77,7,43,44,1,No,3,No
6807,Shaurya,22,Male,Mumbai,B.Tech,3.3,74,7,45,40,1,No,2,No
6808,Sanya,23,Female,Gurugram,M.Tech,8.5,86,15,78,84,4,Yes,0,Yes
6809,Aadhya,19,Female,Kolkata,B.Tech,7.7,87,13,74,70,2,No,0,Yes
6810,Reyansh,18,Male,Pune,B.Sc,4.7,72,10,54,43,2,No,2,No
6811,Ayaan,21,Male,Ahmedabad,B.Tech,6.3,84,10,64,59,3,No,0,No
6812,Neha,18,Female,Chandigarh,B.Tech,8.7,88,14,78,72,4,Yes,0,Yes
6813,Diya,18,Female,Bangalore,B.Tech,7.3,84,14,70,65,3,No,1,No
6814,Arjun,18,Male,Solan,B.Sc,9.7,88,17,87,87,5,Yes,0,Yes
6815,Krishna,20,Male,Ahmedabad,B.Tech,6.3,84,8,62,58,2,No,1,No
6816,Reyansh,20,Male,Kolkata,B.Tech,5.5,83,8,60,59,3,Yes,2,No
6817,Vansh,22,Male,Noida,B.Sc,4.9,75,9,55,49,4,No,2,Yes
6818,Sanya,21,Female,Chandigarh,B.Tech,6.5,82,11,63,56,2,No,0,No
6819,Riya,18,Female,Mumbai,BCA,7.9,86,14,76,74,4,Yes,0,Yes
6820,Reyansh,22,Male,Mumbai,M.Tech,6.6,82,12,67,63,3,No,1,Yes
6821,Sanya,18,Female,Shimla,BCA,6.0,79,11,53,53,3,No,1,No
6822,Ishaan,21,Male,Noida,BCA,8.4,86,15,77,72,2,Yes,0,Yes
6823,Kavya,18,Female,Delhi,B.Sc,7.3,90,8,78,73,4,No,0,Yes
6824,Sanya,20,Female,Kolkata,B.Sc,6.3,74,11,67,66,3,No,0,No
6825,Rohan,20,Male,Chandigarh,B.Sc,5.4,80,9,62,52,3,No,3,No
6826,Shaurya,24,Male,Gurugram,M.Tech,6.1,82,11,68,56,3,Yes,1,Yes
6827,Meera,22,Female,Noida,B.Tech,7.2,90,15,71,63,4,Yes,0,Yes
6828,Arjun,21,Male,Solan,M.Tech,5.3,78,8,60,54,3,No,4,No
6829,Aarav,24,Male,Mumbai,M.Tech,4.6,75,8,54,44,3,No,2,No
6830,Isha,22,Female,Jaipur,MCA,5.8,78,11,63,59,3,No,0,Yes
6831,Ananya,19,Female,Chennai,BCA,6.4,83,11,73,67,3,No,0,No
6832,Dhruv,25,Male,Chennai,MCA,8.5,88,13,82,80,4,No,0,No
6833,Anika,20,Female,Gurugram,B.Tech,4.8,73,7,52,56,3,No,1,No
6834,Arjun,21,Male,Chandigarh,B.Sc,6.8,82,12,73,62,4,No,0,No
6835,Aadhya,18,Female,Solan,B.Tech,6.1,79,10,63,54,3,No,1,No
6836,Anushka,24,Female,Pune,MCA,6.2,79,8,65,65,3,Yes,0,No
6837,Anushka,22,Female,Mumbai,B.Sc,8.8,91,15,79,80,3,No,0,Yes
6838,Rahul,21,Male,Chandigarh,B.Tech,6.6,83,10,69,68,3,No,0,No
6839,Isha,25,Female,Jaipur,MCA,5.1,79,10,59,47,3,No,2,Yes
6840,Priya,22,Female,Hyderabad,BCA,7.8,88,12,79,71,4,Yes,0,Yes
6841,Reyansh,22,Male,Gurugram,B.Sc,7.7,83,16,70,72,3,Yes,0,Yes
6842,Dhruv,21,Male,Jaipur,B.Tech,5.0,71,12,57,51,3,No,2,No
6843,Kabir,22,Male,Chandigarh,MCA,4.7,73,7,43,46,3,No,2,No
6844,Rahul,18,Male,Noida,BCA,7.1,87,12,68,64,4,Yes,1,No
6845,Simran,22,Female,Hyderabad,BCA,6.5,85,13,61,59,2,Yes,0,No
6846,Arjun,20,Male,Ahmedabad,BCA,5.8,83,12,64,66,2,Yes,0,No
6847,Vivaan,22,Male,Pune,B.Sc,8.1,91,14,81,74,4,No,0,No
6848,Anushka,21,Female,Gurugram,B.Sc,5.6,83,9,61,58,2,No,2,No
6849,Arjun,22,Male,Chennai,BCA,7.1,86,12,75,65,3,Yes,0,Yes
6850,Krishna,20,Male,Noida,BCA,8.3,94,14,76,72,3,No,0,Yes
6851,Ayaan,19,Male,Mumbai,BCA,6.0,82,12,57,57,3,No,1,No
6852,Diya,24,Female,Kolkata,M.Tech,3.8,79,7,53,41,2,No,2,No
6853,Aadhya,21,Female,Noida,B.Sc,5.9,79,10,66,63,2,No,0,Yes
6854,Tara,21,Female,Noida,BCA,6.8,82,12,67,63,4,No,1,No
6855,Arjun,20,Male,Jaipur,B.Tech,8.0,87,14,82,74,4,Yes,0,No
6856,Ananya,21,Female,Kolkata,BCA,5.7,80,14,63,57,3,No,2,No
6857,Kabir,22,Male,Kolkata,MCA,9.1,91,16,83,80,4,Yes,0,Yes
6858,Kabir,18,Male,Pune,B.Tech,4.6,78,9,52,45,5,No,2,No
6859,Shaurya,18,Male,Shimla,B.Sc,6.7,83,13,61,59,2,No,0,Yes
6860,Sanya,22,Female,Ahmedabad,B.Tech,6.1,80,11,61,54,3,No,1,No
6861,Shaurya,18,Male,Ahmedabad,B.Tech,8.5,89,16,84,75,4,No,0,Yes
6862,Vansh,20,Male,Solan,B.Tech,4.3,79,8,54,41,3,No,3,No
6863,Ayaan,21,Male,Pune,MCA,7.1,86,17,68,67,3,No,0,Yes
6864,Vivaan,23,Male,Noida,MCA,6.1,76,11,57,57,4,No,0,No
6865,Aadhya,20,Female,Solan,B.Tech,8.8,95,12,84,79,4,Yes,0,Yes
6866,Aditya,22,Male,Ahmedabad,BCA,5.3,80,13,54,51,3,No,2,No
6867,Aadhya,18,Female,Hyderabad,B.Tech,7.1,87,12,72,72,4,Yes,0,Yes
6868,Ayaan,22,Male,Jaipur,B.Sc,5.2,81,9,57,51,2,No,4,No
6869,Isha,21,Female,Solan,B.Sc,6.8,87,11,68,64,4,No,1,No
6870,Ananya,19,Female,Solan,B.Tech,5.9,78,10,63,64,4,Yes,1,No
6871,Reyansh,18,Male,Solan,B.Tech,5.9,77,9,57,56,3,No,2,Yes
6872,Arjun,24,Male,Shimla,MCA,3.5,79,5,49,44,1,No,1,No
6873,Priya,21,Female,Chennai,B.Sc,7.1,83,12,63,65,3,No,0,Yes
6874,Sanya,22,Female,Ahmedabad,B.Tech,4.9,78,10,55,52,2,No,3,No
6875,Ayaan,22,Male,Chennai,B.Sc,4.8,82,6,59,50,3,Yes,2,Yes
6876,Reyansh,22,Male,Ahmedabad,MCA,4.2,73,8,53,44,1,No,3,No
6877,Priya,19,Female,Pune,BCA,4.9,76,12,59,55,3,No,1,No
6878,Simran,19,Female,Mumbai,BCA,7.3,88,14,74,72,4,No,1,No
6879,Arjun,19,Male,Hyderabad,BCA,7.2,86,11,69,67,4,Yes,0,Yes
6880,Vansh,22,Male,Noida,B.Sc,7.5,88,14,65,66,4,No,1,No
6881,Shaurya,20,Male,Shimla,B.Sc,5.0,77,10,60,51,2,No,2,No
6882,Anushka,25,Female,Chennai,M.Tech,6.8,82,14,65,59,3,Yes,1,No
6883,Rahul,20,Male,Chandigarh,B.Tech,5.6,79,10,54,50,2,Yes,2,No
6884,Priya,22,Female,Hyderabad,B.Sc,7.9,91,15,83,77,4,Yes,0,Yes
6885,Arjun,22,Male,Noida,B.Tech,7.1,84,14,69,64,3,Yes,1,No
6886,Arjun,19,Male,Jaipur,B.Tech,5.5,81,11,62,61,1,Yes,0,No
6887,Kavya,20,Female,Pune,B.Sc,8.1,85,15,75,78,4,No,0,Yes
6888,Kavya,24,Female,Chandigarh,MCA,7.3,92,12,73,72,3,Yes,0,Yes
6889,Neha,21,Female,Shimla,B.Tech,4.4,76,9,51,50,2,No,1,No
6890,Krishna,24,Male,Noida,M.Tech,4.0,75,6,48,40,2,No,2,No
6891,Tara,19,Female,Gurugram,B.Tech,4.5,79,12,63,56,1,No,1,No
6892,Priya,21,Female,Shimla,BCA,9.0,90,15,75,76,2,No,0,Yes
6893,Krishna,22,Male,Ahmedabad,B.Tech,5.0,81,10,56,50,2,No,4,No
6894,Shaurya,19,Male,Hyderabad,B.Sc,9.3,88,15,78,79,3,Yes,0,Yes
6895,Kabir,21,Male,Pune,BCA,4.9,75,8,57,51,2,No,1,No
6896,Ishaan,19,Male,Jaipur,BCA,4.7,74,8,51,46,1,Yes,2,Yes
6897,Kavya,22,Female,Shimla,BCA,7.8,82,12,70,67,3,Yes,1,No
6898,Krishna,19,Male,Jaipur,B.Sc,7.9,86,13,76,69,3,No,0,No
6899,Diya,21,Female,Delhi,BCA,7.3,85,14,78,68,3,Yes,0,Yes
6900,Ananya,19,Female,Noida,BCA,7.5,83,13,67,68,4,Yes,0,No
6901,Ananya,21,Female,Kolkata,MCA,5.3,75,11,50,40,1,No,2,No
6902,Simran,21,Female,Pune,B.Sc,7.7,87,12,74,77,2,No,0,Yes
6903,Aditya,22,Male,Shimla,B.Tech,6.9,84,13,71,65,2,No,0,No
6904,Vansh,20,Male,Jaipur,B.Tech,6.0,80,10,61,52,4,No,2,No
6905,Aarav,19,Male,Ahmedabad,B.Sc,6.6,79,14,67,65,3,Yes,0,No
6906,Tara,19,Female,Hyderabad,B.Tech,8.1,87,16,73,72,5,Yes,0,Yes
6907,Shaurya,21,Male,Mumbai,B.Sc,7.1,83,14,78,69,3,No,0,No
6908,Tara,21,Female,Gurugram,BCA,3.3,72,6,48,40,2,No,1,No
6909,Rohan,18,Male,Jaipur,BCA,7.8,86,16,71,70,3,No,1,No
6910,Reyansh,22,Male,Hyderabad,B.Tech,7.7,87,11,70,72,4,No,0,No
6911,Ayaan,22,Male,Bangalore,M.Tech,5.9,77,11,61,49,3,Yes,2,Yes
6912,Priya,22,Female,Pune,MCA,6.7,79,12,68,65,2,No,0,Yes
6913,Ananya,23,Female,Pune,M.Tech,6.7,85,13,62,66,2,Yes,0,Yes
6914,Vivaan,19,Male,Mumbai,B.Tech,3.5,75,6,48,40,1,No,4,No
6915,Aditya,22,Male,Gurugram,MCA,5.9,79,9,64,61,3,No,0,No
6916,Reyansh,18,Male,Chennai,BCA,6.0,81,9,64,61,2,No,0,No
6917,Kavya,20,Female,Mumbai,B.Sc,6.3,81,11,66,67,4,No,0,Yes
6918,Tara,19,Female,Shimla,B.Tech,5.7,83,10,68,61,3,No,1,No
6919,Ishaan,19,Male,Bangalore,B.Sc,7.5,86,15,59,64,3,Yes,1,No
6920,Isha,25,Female,Shimla,MCA,5.3,77,11,58,57,3,No,2,No
6921,Kabir,19,Male,Bangalore,B.Tech,7.9,91,14,66,69,4,Yes,0,Yes
6922,Simran,18,Female,Solan,B.Tech,7.4,84,13,70,65,4,No,0,No
6923,Aarav,19,Male,Bangalore,B.Tech,8.5,90,17,84,78,4,Yes,0,Yes
6924,Kavya,19,Female,Kolkata,B.Tech,9.1,89,16,81,81,4,Yes,0,Yes
6925,Ishaan,21,Male,Bangalore,BCA,9.1,94,16,79,82,3,Yes,0,Yes
6926,Riya,22,Female,Bangalore,MCA,4.7,79,6,58,52,2,No,1,No
6927,Ananya,20,Female,Chennai,B.Tech,7.0,81,14,68,62,4,No,2,No
6928,Priya,21,Female,Chennai,B.Sc,5.4,75,10,58,53,3,No,1,No
6929,Simran,20,Female,Jaipur,BCA,10.0,96,20,97,89,5,Yes,0,Yes
6930,Neha,20,Female,Solan,B.Tech,7.4,92,12,68,68,3,No,0,Yes
6931,Ishaan,18,Male,Solan,BCA,8.6,93,15,78,83,5,Yes,0,Yes
6932,Rohan,19,Male,Hyderabad,B.Tech,7.2,85,14,72,70,2,No,0,Yes
6933,Aarav,20,Male,Noida,B.Sc,3.0,68,6,47,40,1,No,1,No
6934,Tara,19,Female,Chennai,B.Tech,5.3,75,8,53,51,1,No,3,No
6935,Rahul,19,Male,Delhi,B.Sc,5.5,81,11,58,54,3,No,3,No
6936,Kavya,18,Female,Bangalore,B.Tech,5.9,83,9,62,56,1,No,2,No
6937,Anika,21,Female,Delhi,M.Tech,7.0,83,14,68,59,3,No,2,No
6938,Kabir,23,Male,Chennai,MCA,7.3,85,12,73,71,5,No,0,No
6939,Rahul,20,Male,Jaipur,B.Tech,3.0,71,7,43,40,2,No,4,No
6940,Aarav,21,Male,Hyderabad,BCA,6.1,87,11,68,59,2,No,0,No
6941,Aarav,19,Male,Kolkata,B.Tech,5.8,80,11,56,51,2,No,3,Yes
6942,Rahul,19,Male,Bangalore,B.Sc,8.6,87,15,78,76,3,Yes,0,Yes
6943,Vansh,18,Male,Gurugram,BCA,7.4,82,13,70,73,3,Yes,0,Yes
6944,Diya,18,Female,Kolkata,B.Sc,6.2,79,11,66,60,2,No,0,No
6945,Ananya,20,Female,Mumbai,B.Tech,6.8,88,13,79,69,2,No,0,No
6946,Reyansh,21,Male,Kolkata,B.Tech,4.0,76,7,54,45,2,No,4,No
6947,Rahul,21,Male,Shimla,BCA,7.5,85,16,69,69,1,Yes,0,No
6948,Krishna,18,Male,Chandigarh,B.Tech,5.9,72,10,61,51,2,No,2,No
6949,Anushka,18,Female,Delhi,B.Sc,5.3,76,11,57,52,3,No,2,No
6950,Diya,21,Female,Delhi,B.Tech,8.5,91,16,78,76,5,No,0,Yes
6951,Ayaan,24,Male,Jaipur,MCA,6.9,85,14,66,63,3,No,2,No
6952,Reyansh,20,Male,Mumbai,B.Sc,5.5,80,10,57,51,2,No,2,No
6953,Meera,21,Female,Delhi,B.Tech,5.6,76,11,54,48,3,No,1,No
6954,Diya,19,Female,Mumbai,BCA,7.0,85,13,64,66,4,Yes,0,Yes
6955,Shaurya,21,Male,Chandigarh,BCA,6.9,81,11,70,61,3,No,2,No
6956,Tara,22,Female,Shimla,B.Sc,6.5,83,12,64,66,2,No,0,No
6957,Rahul,21,Male,Noida,BCA,4.7,74,13,54,50,3,Yes,3,No
6958,Arjun,18,Male,Chennai,B.Tech,4.9,80,11,53,51,1,Yes,2,No
6959,Anushka,18,Female,Kolkata,B.Tech,5.4,80,9,61,56,4,No,0,No
6960,Isha,22,Female,Pune,BCA,6.2,81,8,61,62,3,No,0,No
6961,Krishna,22,Male,Ahmedabad,M.Tech,6.4,87,12,61,61,4,No,0,No
6962,Anushka,24,Female,Solan,MCA,6.3,81,13,70,68,4,Yes,0,No
6963,Arjun,21,Male,Solan,B.Tech,6.3,78,11,64,63,4,No,2,No
6964,Diya,22,Female,Gurugram,B.Sc,9.3,96,20,84,86,3,Yes,0,Yes
6965,Ayaan,23,Male,Bangalore,M.Tech,7.8,88,13,73,69,4,No,1,No
6966,Aadhya,20,Female,Delhi,B.Tech,8.3,88,15,75,73,5,No,0,Yes
6967,Tara,19,Female,Bangalore,B.Sc,7.2,83,13,71,68,3,No,1,No
6968,Arjun,21,Male,Noida,BCA,6.6,85,13,61,60,1,No,2,No
6969,Kavya,21,Female,Noida,B.Sc,7.1,87,14,63,64,2,Yes,2,No
6970,Anika,21,Female,Chennai,B.Sc,6.8,81,14,67,62,2,No,1,No
6971,Riya,21,Female,Bangalore,M.Tech,7.7,89,14,67,67,3,Yes,0,Yes
6972,Ayaan,20,Male,Gurugram,B.Tech,5.0,78,11,49,49,1,No,2,No
6973,Neha,22,Female,Chennai,B.Sc,7.6,84,14,75,66,3,Yes,0,No
6974,Sanya,18,Female,Solan,B.Tech,6.8,84,14,68,68,5,No,0,No
6975,Reyansh,18,Male,Hyderabad,BCA,3.8,72,9,49,49,2,Yes,3,No
6976,Aadhya,23,Female,Kolkata,M.Tech,6.6,87,12,63,58,3,Yes,0,Yes
6977,Vivaan,21,Male,Hyderabad,B.Sc,4.5,74,7,58,55,3,Yes,0,Yes
6978,Rahul,19,Male,Hyderabad,B.Tech,5.7,84,11,66,60,2,No,1,No
6979,Diya,22,Female,Solan,B.Sc,6.3,82,13,59,55,2,No,0,No
6980,Neha,20,Female,Kolkata,B.Tech,4.2,69,5,48,46,2,No,2,No
6981,Anika,19,Female,Hyderabad,B.Tech,6.4,76,11,61,65,2,No,0,Yes
6982,Aarav,20,Male,Pune,B.Sc,6.6,82,13,66,61,3,No,1,No
6983,Aadhya,20,Female,Chandigarh,BCA,7.6,91,10,79,71,4,No,0,No
6984,Krishna,20,Male,Chennai,BCA,5.8,84,9,61,50,3,No,2,Yes
6985,Vivaan,20,Male,Kolkata,B.Sc,6.9,85,12,72,67,4,No,0,No
6986,Arjun,21,Male,Hyderabad,BCA,6.4,80,11,57,57,4,No,0,Yes
6987,Neha,18,Female,Pune,B.Tech,5.9,79,10,59,61,1,No,0,No
6988,Anika,20,Female,Shimla,BCA,4.0,75,7,48,48,3,No,2,No
6989,Anika,22,Female,Gurugram,MCA,6.3,85,9,63,58,3,No,1,No
6990,Riya,22,Female,Ahmedabad,MCA,7.6,88,16,73,73,3,Yes,1,Yes
6991,Shaurya,19,Male,Kolkata,BCA,5.1,81,8,59,50,1,Yes,2,Yes
6992,Meera,18,Female,Bangalore,B.Tech,6.2,84,8,66,62,3,No,2,Yes
6993,Arjun,18,Male,Kolkata,B.Sc,6.4,85,13,70,64,2,No,0,No
6994,Ayaan,19,Male,Shimla,B.Sc,8.2,82,14,77,72,5,No,0,Yes
6995,Rahul,21,Male,Hyderabad,B.Tech,6.5,80,10,58,57,3,No,0,Yes
6996,Anushka,18,Female,Mumbai,BCA,6.9,81,13,67,67,3,No,0,No
6997,Reyansh,21,Male,Noida,M.Tech,6.5,79,11,62,63,2,Yes,0,Yes
6998,Neha,21,Female,Gurugram,BCA,5.8,80,11,64,58,2,No,0,Yes
6999,Dhruv,20,Male,Kolkata,BCA,4.8,72,8,58,51,3,No,1,No
7000,Vivaan,18,Male,Hyderabad,B.Sc,6.1,79,10,65,55,3,No,1,No
7001,Sanya,19,Female,Ahmedabad,B.Tech,7.1,85,11,77,72,2,Yes,0,Yes
7002,Aditya,19,Male,Gurugram,B.Tech,6.7,79,10,68,63,3,No,1,No
7003,Diya,24,Female,Shimla,M.Tech,8.7,89,20,83,80,5,No,0,No
7004,Ananya,19,Female,Chennai,B.Tech,7.9,90,13,72,69,3,No,0,Yes
7005,Dhruv,22,Male,Mumbai,B.Tech,8.4,86,13,76,72,4,No,0,Yes
7006,Kavya,19,Female,Pune,BCA,3.5,75,8,50,40,3,No,2,No
7007,Ayaan,24,Male,Pune,MCA,8.9,89,16,81,78,3,Yes,0,Yes
7008,Rahul,21,Male,Solan,B.Sc,6.9,85,12,65,59,4,No,0,Yes
7009,Tara,21,Female,Solan,B.Tech,7.1,82,12,65,65,3,Yes,0,Yes
7010,Aditya,22,Male,Jaipur,B.Sc,7.8,89,13,67,69,3,Yes,0,No
7011,Tara,18,Female,Bangalore,BCA,6.5,82,11,67,63,3,Yes,1,No
7012,Tara,20,Female,Delhi,BCA,4.9,79,11,52,49,2,No,1,No
7013,Simran,19,Female,Chennai,B.Sc,8.7,89,15,82,79,4,No,0,No
7014,Krishna,18,Male,Gurugram,B.Tech,5.3,80,11,61,59,2,No,0,Yes
7015,Shaurya,24,Male,Ahmedabad,M.Tech,5.0,80,9,58,52,3,No,3,No
7016,Ananya,18,Female,Shimla,B.Sc,6.1,82,11,65,61,3,No,0,No
7017,Aditya,18,Male,Delhi,BCA,5.9,79,9,65,62,2,No,2,No
7018,Neha,22,Female,Solan,B.Sc,6.5,82,15,70,65,2,Yes,0,Yes
7019,Simran,21,Female,Solan,B.Tech,6.4,79,12,55,60,3,Yes,1,No
7020,Krishna,21,Male,Shimla,B.Sc,8.5,90,15,81,76,4,Yes,0,Yes
7021,Vivaan,19,Male,Kolkata,B.Tech,7.2,87,16,73,74,3,Yes,0,Yes
7022,Isha,19,Female,Jaipur,B.Tech,5.2,83,10,60,54,1,No,2,No
7023,Priya,19,Female,Gurugram,B.Sc,5.4,83,11,62,54,2,No,1,No
7024,Vivaan,22,Male,Hyderabad,MCA,5.9,78,11,59,51,1,No,1,No
7025,Vivaan,18,Male,Gurugram,B.Tech,5.9,81,9,52,54,3,No,2,No
7026,Rohan,18,Male,Chandigarh,BCA,5.7,80,12,58,54,2,Yes,4,No
7027,Meera,19,Female,Solan,BCA,4.8,80,7,49,47,2,Yes,2,No
7028,Rahul,19,Male,Bangalore,BCA,6.9,82,11,61,62,3,Yes,1,No
7029,Anika,19,Female,Solan,B.Tech,5.8,83,9,66,58,4,No,0,No
7030,Rohan,20,Male,Jaipur,B.Sc,5.1,75,10,53,53,3,No,3,No
7031,Anika,19,Female,Solan,B.Tech,7.2,85,13,71,69,3,No,0,No
7032,Rahul,23,Male,Jaipur,MCA,7.8,85,11,73,69,3,No,0,Yes
7033,Sanya,19,Female,Hyderabad,BCA,6.1,75,14,66,57,2,No,0,Yes
7034,Aarav,24,Male,Hyderabad,MCA,9.2,89,18,82,84,4,No,0,Yes
7035,Ananya,22,Female,Gurugram,B.Tech,9.8,94,17,84,84,5,No,0,No
7036,Arjun,21,Male,Chandigarh,MCA,7.2,89,14,78,74,4,Yes,0,Yes
7037,Tara,21,Female,Solan,B.Tech,5.8,77,11,58,54,2,Yes,2,No
7038,Isha,22,Female,Shimla,B.Sc,6.9,82,12,69,66,4,No,0,Yes
7039,Reyansh,20,Male,Noida,BCA,4.7,72,9,54,51,1,No,2,No
7040,Ananya,18,Female,Chennai,BCA,5.2,82,10,54,46,2,No,2,No
7041,Tara,20,Female,Bangalore,B.Tech,4.0,73,9,53,51,2,No,3,No
7042,Dhruv,20,Male,Chandigarh,B.Tech,5.6,79,10,65,60,4,No,0,Yes
7043,Krishna,18,Male,Ahmedabad,B.Sc,4.7,75,9,49,40,2,No,3,No
7044,Shaurya,22,Male,Hyderabad,BCA,7.4,80,13,69,71,5,No,0,Yes
7045,Tara,18,Female,Shimla,B.Sc,5.4,75,9,62,59,4,No,2,No
7046,Riya,19,Female,Chennai,B.Tech,6.9,81,11,60,60,3,No,0,No
7047,Aditya,20,Male,Shimla,B.Tech,7.6,88,12,76,76,3,No,0,Yes
7048,Ayaan,22,Male,Solan,MCA,8.3,82,14,69,69,3,No,0,Yes
7049,Sanya,18,Female,Chennai,B.Sc,6.0,83,10,62,58,2,Yes,2,No
7050,Priya,18,Female,Bangalore,B.Tech,7.0,86,14,69,73,2,Yes,0,Yes
7051,Shaurya,22,Male,Mumbai,B.Sc,7.0,79,12,62,63,2,No,2,No
7052,Diya,23,Female,Hyderabad,MCA,8.4,88,15,74,77,3,Yes,0,Yes
7053,Riya,24,Female,Ahmedabad,MCA,7.7,90,13,74,74,4,No,0,Yes
7054,Ishaan,18,Male,Jaipur,B.Tech,8.5,87,15,83,75,3,Yes,0,Yes
7055,Isha,24,Female,Shimla,MCA,4.0,72,10,51,45,1,No,2,No
7056,Arjun,20,Male,Pune,BCA,5.5,88,9,56,53,2,No,2,No
7057,Vansh,19,Male,Pune,B.Sc,8.0,89,15,77,78,4,No,0,Yes
7058,Arjun,20,Male,Ahmedabad,BCA,7.4,85,14,71,73,3,No,0,Yes
7059,Meera,22,Female,Gurugram,B.Sc,6.3,81,11,61,63,3,Yes,0,Yes
7060,Anika,21,Female,Noida,B.Sc,5.8,81,9,60,55,1,No,2,No
7061,Vivaan,21,Male,Hyderabad,BCA,7.7,89,15,76,68,4,Yes,1,No
7062,Rohan,19,Male,Chennai,BCA,3.5,66,5,40,40,1,No,1,No
7063,Arjun,19,Male,Chennai,B.Sc,7.7,80,12,68,67,2,No,0,Yes
7064,Neha,18,Female,Mumbai,BCA,6.6,80,11,60,56,3,Yes,0,Yes
7065,Dhruv,20,Male,Gurugram,B.Tech,5.8,80,10,58,53,2,No,2,No
7066,Meera,22,Female,Pune,B.Tech,7.3,86,13,72,69,3,No,1,No
7067,Aarav,18,Male,Ahmedabad,B.Sc,5.9,76,13,60,57,5,No,0,No
7068,Ishaan,23,Male,Delhi,MCA,6.5,82,13,68,62,2,Yes,0,No
7069,Dhruv,19,Male,Ahmedabad,B.Sc,6.4,82,12,56,56,3,Yes,2,No
7070,Dhruv,22,Male,Gurugram,B.Tech,7.6,84,13,71,69,3,No,0,No
7071,Meera,19,Female,Mumbai,BCA,6.7,82,12,66,64,3,Yes,0,No
7072,Vansh,19,Male,Solan,B.Tech,3.6,70,5,40,40,3,No,1,No
7073,Rohan,24,Male,Jaipur,M.Tech,4.4,77,5,50,43,2,No,2,No
7074,Reyansh,20,Male,Ahmedabad,B.Tech,4.9,77,7,55,54,3,No,2,No
7075,Aditya,18,Male,Pune,BCA,7.2,82,15,70,66,3,No,0,Yes
7076,Dhruv,21,Male,Chandigarh,B.Sc,7.3,88,12,73,71,4,Yes,1,Yes
7077,Rahul,23,Male,Noida,MCA,9.0,87,15,72,71,4,No,1,Yes
7078,Ananya,20,Female,Hyderabad,B.Tech,5.0,72,11,51,52,2,Yes,2,No
7079,Riya,20,Female,Kolkata,B.Tech,8.5,89,11,72,76,4,No,0,Yes
7080,Rahul,22,Male,Ahmedabad,BCA,3.6,72,6,47,42,2,No,1,No
7081,Aditya,21,Male,Noida,B.Sc,6.5,83,10,64,59,2,No,2,No
7082,Riya,18,Female,Solan,B.Tech,6.9,81,13,64,58,3,No,1,No
7083,Kabir,21,Male,Chandigarh,B.Sc,6.9,87,13,82,80,2,Yes,0,Yes
7084,Reyansh,19,Male,Pune,BCA,6.0,86,12,60,56,3,No,0,No
7085,Aarav,23,Male,Shimla,MCA,6.7,83,14,67,59,2,No,1,No
7086,Ishaan,19,Male,Delhi,B.Tech,4.6,77,9,56,48,2,No,2,No
7087,Neha,21,Female,Solan,B.Tech,7.8,81,14,73,72,3,Yes,0,Yes
7088,Arjun,18,Male,Chennai,B.Sc,6.9,83,16,70,62,4,No,0,No
7089,Sanya,19,Female,Jaipur,B.Sc,7.0,82,9,69,64,3,Yes,0,No
7090,Rahul,19,Male,Ahmedabad,B.Sc,6.1,79,14,61,54,5,No,2,No
7091,Rohan,22,Male,Shimla,B.Sc,6.0,79,13,62,63,4,No,0,No
7092,Ananya,21,Female,Pune,B.Tech,7.3,84,13,67,66,3,Yes,1,No
7093,Vivaan,19,Male,Jaipur,B.Tech,8.9,87,15,76,72,3,Yes,0,Yes
7094,Simran,21,Female,Kolkata,B.Tech,4.4,74,7,46,40,1,No,2,No
7095,Reyansh,21,Male,Chennai,M.Tech,4.3,72,7,53,45,2,No,3,No
7096,Sanya,19,Female,Kolkata,BCA,6.9,87,14,74,69,2,Yes,1,No
7097,Krishna,18,Male,Solan,B.Tech,6.0,82,7,60,54,2,No,3,No
7098,Isha,19,Female,Bangalore,B.Tech,6.7,84,15,67,63,4,Yes,1,No
7099,Arjun,23,Male,Pune,MCA,6.5,86,12,73,65,2,No,0,No
7100,Anika,25,Female,Hyderabad,MCA,7.4,83,15,75,67,3,No,0,No
7101,Shaurya,25,Male,Mumbai,MCA,6.1,82,9,67,59,3,No,0,No
7102,Ananya,22,Female,Kolkata,BCA,4.7,80,10,57,48,2,Yes,2,No
7103,Arjun,18,Male,Delhi,B.Sc,5.3,76,10,54,47,2,No,3,No
7104,Anika,21,Female,Gurugram,B.Tech,6.3,76,12,60,54,3,No,2,No
7105,Krishna,22,Male,Bangalore,B.Tech,4.6,74,7,54,47,2,No,3,No
7106,Ishaan,19,Male,Bangalore,B.Tech,6.4,85,11,68,66,3,Yes,0,No
7107,Vansh,19,Male,Gurugram,B.Tech,6.6,80,10,61,59,4,No,0,No
7108,Aditya,20,Male,Pune,B.Sc,6.0,80,12,67,52,3,Yes,3,No
7109,Ishaan,21,Male,Mumbai,MCA,6.8,81,14,72,70,4,No,0,Yes
7110,Neha,19,Female,Noida,B.Tech,4.1,74,8,53,44,3,No,1,No
7111,Ananya,22,Female,Bangalore,MCA,5.1,75,5,62,59,2,Yes,1,No
7112,Kabir,20,Male,Bangalore,B.Tech,4.8,72,11,55,52,2,No,4,No
7113,Meera,20,Female,Kolkata,BCA,7.8,86,14,74,71,4,No,0,Yes
7114,Anushka,21,Female,Gurugram,BCA,10.0,94,14,88,87,4,Yes,0,Yes
7115,Shaurya,21,Male,Jaipur,BCA,5.2,82,7,58,50,2,No,1,No
7116,Isha,21,Female,Solan,B.Tech,6.1,82,9,63,61,2,No,1,No
7117,Diya,19,Female,Pune,B.Sc,5.5,76,10,54,56,3,No,0,No
7118,Simran,20,Female,Pune,B.Sc,6.8,82,11,66,61,4,No,1,No
7119,Dhruv,21,Male,Solan,MCA,5.6,82,9,56,51,3,No,1,Yes
7120,Riya,21,Female,Pune,B.Tech,6.9,83,14,64,68,3,Yes,0,Yes
7121,Krishna,22,Male,Chandigarh,B.Sc,7.5,83,15,76,72,4,No,0,Yes
7122,Arjun,19,Male,Pune,B.Sc,4.7,77,10,59,47,3,No,3,No
7123,Vivaan,21,Male,Noida,M.Tech,6.9,82,10,64,58,3,No,1,No
7124,Meera,19,Female,Bangalore,BCA,3.8,75,8,52,50,2,No,2,Yes
7125,Riya,24,Female,Ahmedabad,M.Tech,6.1,82,10,61,59,3,No,2,No
7126,Kavya,19,Female,Bangalore,B.Sc,6.0,78,14,59,53,3,No,1,No
7127,Ishaan,21,Male,Mumbai,B.Sc,6.2,87,12,71,65,3,No,1,No
7128,Kabir,19,Male,Mumbai,B.Tech,6.0,81,13,58,53,2,No,1,Yes
7129,Rohan,21,Male,Pune,BCA,5.8,72,11,51,45,2,No,3,No
7130,Ayaan,20,Male,Delhi,BCA,6.1,82,12,61,57,3,No,0,No
7131,Vansh,20,Male,Kolkata,B.Tech,6.9,76,12,62,61,4,No,0,No
7132,Kavya,20,Female,Chandigarh,B.Tech,6.9,87,14,68,60,5,No,2,No
7133,Aadhya,23,Female,Bangalore,M.Tech,6.7,84,13,60,56,2,No,0,No
7134,Reyansh,20,Male,Chandigarh,BCA,5.6,79,10,61,53,2,No,1,Yes
7135,Aditya,22,Male,Ahmedabad,B.Tech,8.1,88,14,83,78,4,Yes,0,Yes
7136,Kabir,19,Male,Kolkata,BCA,8.8,92,15,82,80,5,No,0,Yes
7137,Rohan,20,Male,Hyderabad,B.Tech,4.6,74,10,52,43,1,No,2,No
7138,Kavya,22,Female,Ahmedabad,BCA,6.7,83,12,69,63,1,No,2,No
7139,Isha,22,Female,Pune,BCA,5.8,80,11,61,55,3,No,0,No
7140,Meera,19,Female,Delhi,BCA,7.9,79,14,71,65,2,No,0,Yes
7141,Ishaan,19,Male,Shimla,B.Sc,6.5,84,14,66,63,3,No,0,No
7142,Rohan,21,Male,Gurugram,B.Tech,6.6,85,10,68,66,4,No,0,No
7143,Ishaan,24,Male,Solan,MCA,7.2,86,14,69,68,3,No,0,Yes
7144,Anika,23,Female,Pune,M.Tech,6.1,82,12,57,52,2,No,4,No
7145,Aadhya,18,Female,Pune,B.Tech,9.0,96,16,91,88,3,Yes,0,Yes
7146,Reyansh,24,Male,Solan,MCA,7.3,85,11,73,69,3,Yes,0,No
7147,Kabir,18,Male,Ahmedabad,BCA,7.9,87,15,71,73,3,No,0,Yes
7148,Reyansh,21,Male,Delhi,BCA,6.2,79,13,64,62,2,No,1,No
7149,Tara,22,Female,Solan,B.Tech,6.3,76,14,57,57,2,No,0,No
7150,Kavya,22,Female,Solan,BCA,7.7,88,15,75,71,4,No,0,Yes
7151,Diya,25,Female,Shimla,M.Tech,7.6,85,13,75,74,4,No,1,No
7152,Simran,18,Female,Noida,B.Tech,4.6,70,9,55,46,3,No,1,No
7153,Dhruv,20,Male,Bangalore,B.Tech,6.7,83,13,69,61,2,No,1,No
7154,Rahul,21,Male,Jaipur,B.Tech,7.2,85,13,69,75,3,No,0,No
7155,Aarav,21,Male,Hyderabad,BCA,6.3,81,10,68,57,4,No,1,No
7156,Arjun,21,Male,Solan,M.Tech,7.1,85,14,67,61,4,No,0,No
7157,Anushka,22,Female,Gurugram,BCA,6.4,77,12,64,63,2,No,1,No
7158,Diya,20,Female,Jaipur,B.Tech,3.1,74,9,42,40,1,No,3,No
7159,Vansh,21,Male,Ahmedabad,BCA,4.5,77,8,54,50,4,No,1,No
7160,Simran,20,Female,Solan,BCA,8.0,91,17,82,81,2,No,0,Yes
7161,Arjun,20,Male,Noida,B.Tech,6.1,79,13,65,64,2,No,0,No
7162,Ayaan,19,Male,Chandigarh,BCA,6.8,85,12,72,67,3,No,0,Yes
7163,Reyansh,20,Male,Jaipur,B.Tech,6.5,77,14,68,60,4,No,1,No
7164,Vansh,22,Male,Ahmedabad,MCA,5.3,76,8,57,50,2,No,2,No
7165,Arjun,18,Male,Shimla,BCA,5.8,76,10,56,58,3,No,0,No
7166,Arjun,25,Male,Gurugram,MCA,7.0,85,12,62,56,2,No,0,Yes
7167,Rohan,22,Male,Chandigarh,M.Tech,7.1,81,13,64,66,4,Yes,0,Yes
7168,Priya,23,Female,Chandigarh,M.Tech,9.8,93,15,87,82,5,No,0,Yes
7169,Reyansh,22,Male,Bangalore,B.Tech,5.8,80,13,53,52,2,No,2,No
7170,Dhruv,23,Male,Jaipur,M.Tech,9.0,90,16,82,79,5,Yes,0,Yes
7171,Ayaan,20,Male,Hyderabad,B.Sc,5.2,74,11,58,52,2,No,2,No
7172,Anushka,19,Female,Solan,B.Sc,7.2,90,13,66,69,1,Yes,0,Yes
7173,Kabir,18,Male,Delhi,B.Tech,6.8,84,12,71,65,3,Yes,0,Yes
7174,Diya,20,Female,Delhi,B.Tech,6.3,87,9,65,64,3,No,1,No
7175,Aditya,22,Male,Chandigarh,M.Tech,6.5,79,10,58,55,4,No,2,No
7176,Priya,20,Female,Ahmedabad,B.Tech,5.6,78,10,52,52,3,Yes,3,No
7177,Meera,22,Female,Ahmedabad,B.Tech,7.9,88,14,74,72,3,No,0,Yes
7178,Dhruv,18,Male,Bangalore,BCA,5.2,83,8,60,50,2,No,1,No
7179,Rohan,23,Male,Mumbai,MCA,7.0,89,12,71,63,3,No,1,No
7180,Arjun,18,Male,Delhi,BCA,7.6,85,14,76,71,3,Yes,0,Yes
7181,Sanya,21,Female,Pune,M.Tech,8.6,88,17,78,76,5,Yes,0,Yes
7182,Rahul,22,Male,Gurugram,B.Tech,8.0,88,13,73,74,3,No,0,Yes
7183,Aarav,22,Male,Gurugram,B.Tech,7.4,89,12,71,63,3,No,1,No
7184,Tara,21,Female,Ahmedabad,BCA,5.5,79,10,63,55,2,No,1,No
7185,Arjun,18,Male,Mumbai,B.Sc,5.3,79,9,54,52,3,No,2,Yes
7186,Priya,20,Female,Jaipur,BCA,4.8,80,8,57,50,3,No,3,No
7187,Neha,22,Female,Mumbai,B.Tech,4.6,79,10,55,45,3,No,2,No
7188,Reyansh,20,Male,Chennai,B.Tech,6.5,86,12,71,66,4,No,1,No
7189,Krishna,18,Male,Delhi,B.Tech,5.4,81,7,60,57,4,No,0,No
7190,Aditya,22,Male,Hyderabad,B.Sc,8.3,93,14,75,71,3,Yes,0,Yes
7191,Diya,21,Female,Mumbai,BCA,5.6,76,8,59,58,3,No,0,No
7192,Tara,18,Female,Mumbai,B.Tech,6.6,90,12,72,65,2,Yes,0,No
7193,Aadhya,20,Female,Pune,B.Tech,6.1,85,9,65,59,4,No,0,Yes
7194,Meera,21,Female,Delhi,BCA,4.4,75,5,56,47,1,No,2,No
7195,Tara,21,Female,Chandigarh,M.Tech,8.1,92,11,72,75,2,Yes,0,Yes
7196,Ishaan,22,Male,Solan,BCA,7.5,85,16,71,68,3,Yes,0,No
7197,Vivaan,18,Male,Ahmedabad,B.Tech,7.7,88,12,74,74,4,Yes,0,Yes
7198,Kavya,19,Female,Pune,BCA,7.4,88,13,75,69,3,No,0,Yes
7199,Kabir,20,Male,Gurugram,B.Sc,5.4,81,10,63,58,2,Yes,0,No
7200,Reyansh,22,Male,Bangalore,BCA,5.4,78,10,58,50,2,No,4,No
7201,Diya,22,Female,Jaipur,B.Tech,7.2,88,14,70,70,3,Yes,0,Yes
7202,Dhruv,19,Male,Delhi,B.Sc,8.8,89,16,80,78,5,No,0,No
7203,Neha,21,Female,Pune,B.Sc,7.1,87,12,66,68,3,No,1,No
7204,Diya,22,Female,Kolkata,B.Tech,8.0,88,15,73,72,3,No,0,Yes
7205,Ayaan,21,Male,Pune,B.Tech,5.7,74,11,60,56,4,No,0,No
7206,Tara,21,Female,Bangalore,BCA,8.1,86,15,76,81,4,No,0,Yes
7207,Krishna,21,Male,Kolkata,B.Sc,5.9,83,12,60,59,2,No,2,No
7208,Aditya,21,Male,Noida,M.Tech,6.9,83,11,65,64,2,No,0,No
7209,Aditya,19,Male,Shimla,BCA,6.0,85,10,61,54,2,No,2,No
7210,Aarav,20,Male,Ahmedabad,B.Sc,7.8,84,12,70,67,4,No,0,No
7211,Arjun,19,Male,Hyderabad,B.Tech,7.9,90,14,76,76,1,No,0,No
7212,Aditya,25,Male,Bangalore,MCA,4.3,75,7,56,48,3,No,2,No
7213,Vivaan,19,Male,Bangalore,B.Sc,8.5,89,17,83,79,4,Yes,0,Yes
7214,Kabir,20,Male,Gurugram,B.Sc,10.0,91,16,83,82,4,Yes,0,Yes
7215,Neha,18,Female,Hyderabad,B.Tech,6.0,82,10,64,61,3,No,1,No
7216,Anushka,22,Female,Gurugram,B.Tech,6.3,79,11,64,61,3,Yes,1,No
7217,Ishaan,18,Male,Chandigarh,B.Sc,8.4,87,16,78,78,4,No,0,No
7218,Ayaan,22,Male,Pune,B.Tech,6.6,83,10,62,64,4,Yes,0,Yes
7219,Rohan,20,Male,Delhi,B.Tech,6.5,82,12,62,61,3,No,1,No
7220,Aditya,18,Male,Chennai,B.Tech,9.3,96,17,86,81,5,No,0,Yes
7221,Anushka,20,Female,Jaipur,B.Tech,4.5,68,9,48,40,2,No,1,No
7222,Meera,20,Female,Jaipur,B.Sc,5.3,78,8,58,56,3,No,0,Yes
7223,Krishna,19,Male,Jaipur,BCA,7.1,84,11,65,64,3,Yes,0,Yes
7224,Aditya,22,Male,Kolkata,B.Tech,4.1,74,8,48,48,2,No,2,No
7225,Ishaan,21,Male,Shimla,BCA,5.9,79,9,56,54,1,No,2,No
7226,Anushka,24,Female,Bangalore,MCA,5.9,84,10,64,54,4,Yes,1,No
7227,Ishaan,21,Male,Chennai,M.Tech,7.9,87,14,73,68,3,No,0,No
7228,Anushka,20,Female,Ahmedabad,BCA,7.5,87,14,73,68,4,No,1,Yes
7229,Sanya,19,Female,Pune,BCA,4.0,77,5,49,49,3,No,3,No
7230,Rohan,22,Male,Mumbai,B.Tech,5.5,79,9,60,59,1,Yes,2,No
7231,Ananya,18,Female,Bangalore,BCA,5.5,75,10,65,57,3,No,1,No
7232,Tara,20,Female,Jaipur,B.Sc,6.2,80,10,61,58,3,Yes,2,No
7233,Neha,21,Female,Shimla,BCA,4.9,77,8,57,47,2,No,2,No
7234,Kabir,21,Male,Solan,B.Tech,7.2,80,14,65,60,2,No,0,No
7235,Vivaan,22,Male,Jaipur,BCA,5.5,77,9,58,57,4,No,1,No
7236,Aadhya,25,Female,Chandigarh,M.Tech,7.4,86,13,73,73,4,No,0,Yes
7237,Anika,25,Female,Bangalore,MCA,6.5,89,13,69,63,3,Yes,0,Yes
7238,Ananya,18,Female,Gurugram,B.Sc,5.0,79,9,59,58,1,No,1,No
7239,Isha,22,Female,Delhi,B.Tech,8.6,91,17,83,81,3,Yes,0,Yes
7240,Ananya,18,Female,Shimla,B.Tech,8.6,95,13,84,81,4,No,0,Yes
7241,Anika,22,Female,Gurugram,MCA,6.9,86,12,73,69,3,Yes,0,Yes
7242,Arjun,20,Male,Bangalore,B.Tech,6.1,84,12,65,57,3,No,1,No
7243,Ananya,21,Female,Chandigarh,B.Sc,4.9,76,8,52,51,3,No,3,No
7244,Priya,18,Female,Delhi,BCA,8.1,85,14,78,78,3,Yes,0,Yes
7245,Isha,20,Female,Bangalore,BCA,7.7,88,16,72,71,5,No,0,Yes
7246,Ananya,22,Female,Gurugram,BCA,5.3,84,8,63,53,2,Yes,2,No
7247,Reyansh,24,Male,Chandigarh,MCA,5.5,84,11,56,56,2,Yes,0,Yes
7248,Riya,18,Female,Jaipur,B.Tech,7.2,87,14,69,61,4,Yes,0,Yes
7249,Anushka,22,Female,Pune,B.Sc,4.7,74,9,50,44,3,No,3,No
7250,Krishna,23,Male,Chennai,MCA,5.6,75,10,60,57,2,No,2,No
7251,Aditya,22,Male,Pune,M.Tech,4.9,75,7,52,47,2,No,2,No
7252,Vansh,20,Male,Noida,BCA,5.0,78,10,56,48,1,Yes,3,Yes
7253,Ishaan,18,Male,Ahmedabad,BCA,5.4,77,8,57,57,2,Yes,0,Yes
7254,Rohan,22,Male,Jaipur,M.Tech,7.9,91,15,80,79,4,No,0,No
7255,Dhruv,19,Male,Pune,BCA,3.9,69,6,49,46,1,Yes,1,No
7256,Tara,22,Female,Solan,BCA,7.2,85,12,71,69,2,No,0,Yes
7257,Anika,20,Female,Hyderabad,B.Tech,6.9,82,12,67,64,2,Yes,1,No
7258,Simran,18,Female,Jaipur,B.Tech,8.0,91,15,73,77,5,No,0,Yes
7259,Priya,19,Female,Gurugram,BCA,6.9,86,15,65,67,4,No,0,No
7260,Reyansh,22,Male,Jaipur,B.Sc,5.9,78,11,62,58,1,No,1,No
7261,Kabir,19,Male,Chennai,B.Sc,5.3,81,8,53,58,1,No,1,No
7262,Neha,20,Female,Jaipur,B.Tech,8.0,83,12,73,71,4,No,0,Yes
7263,Vansh,24,Male,Ahmedabad,MCA,7.2,80,15,68,67,2,No,0,No
7264,Anushka,18,Female,Hyderabad,BCA,5.8,78,11,55,57,4,No,0,No
7265,Meera,21,Female,Bangalore,BCA,7.9,82,14,72,72,2,Yes,0,Yes
7266,Kabir,23,Male,Mumbai,M.Tech,5.8,80,11,61,56,2,No,0,No
7267,Aadhya,21,Female,Jaipur,B.Tech,6.5,83,13,74,68,3,Yes,0,Yes
7268,Krishna,20,Male,Noida,B.Sc,5.6,78,9,59,55,4,No,2,No
7269,Ayaan,20,Male,Hyderabad,BCA,7.3,87,12,75,64,3,No,2,No
7270,Meera,22,Female,Delhi,B.Sc,5.0,75,7,57,55,3,No,0,Yes
7271,Shaurya,21,Male,Kolkata,BCA,6.1,77,9,62,57,3,No,2,No
7272,Neha,19,Female,Kolkata,B.Tech,5.5,77,9,62,53,3,No,1,No
7273,Aarav,20,Male,Bangalore,BCA,6.9,80,14,61,64,3,No,0,No
7274,Sanya,21,Female,Hyderabad,BCA,7.1,83,12,68,67,4,No,0,No
7275,Sanya,19,Female,Bangalore,B.Tech,4.8,79,9,57,53,3,No,2,No
7276,Riya,21,Female,Bangalore,MCA,7.1,80,14,64,63,4,No,1,No
7277,Vansh,19,Male,Chennai,BCA,4.3,74,8,51,46,1,No,3,No
7278,Aarav,24,Male,Shimla,MCA,9.8,97,20,88,86,3,Yes,0,Yes
7279,Meera,21,Female,Delhi,BCA,5.7,83,10,61,54,3,No,2,No
7280,Aarav,19,Male,Delhi,BCA,8.1,86,14,71,73,5,No,0,No
7281,Aadhya,22,Female,Delhi,M.Tech,6.8,90,12,67,65,3,No,1,No
7282,Diya,23,Female,Solan,M.Tech,6.9,81,15,66,69,3,No,0,Yes
7283,Meera,21,Female,Noida,B.Tech,4.8,76,10,56,44,3,No,1,No
7284,Anika,23,Female,Pune,MCA,7.8,84,12,73,75,5,No,0,Yes
7285,Arjun,20,Male,Delhi,BCA,6.6,84,15,67,62,4,No,1,No
7286,Meera,18,Female,Delhi,B.Tech,7.2,94,14,73,68,3,Yes,0,Yes
7287,Riya,21,Female,Gurugram,BCA,6.4,88,12,64,63,3,No,1,No
7288,Krishna,23,Male,Noida,M.Tech,6.7,86,13,67,61,3,No,2,No
7289,Sanya,21,Female,Ahmedabad,M.Tech,5.2,76,8,53,49,3,No,2,No
7290,Shaurya,20,Male,Chennai,B.Tech,6.3,82,12,52,55,3,Yes,0,No
7291,Rohan,20,Male,Ahmedabad,B.Sc,5.9,84,10,63,57,3,No,2,No
7292,Krishna,24,Male,Bangalore,MCA,5.4,81,9,58,52,3,No,3,No
7293,Ananya,19,Female,Chennai,BCA,6.7,84,13,72,65,3,No,0,Yes
7294,Rahul,19,Male,Mumbai,B.Sc,7.0,85,12,72,69,3,No,0,No
7295,Tara,21,Female,Mumbai,BCA,6.9,87,13,71,63,5,Yes,2,No
7296,Tara,19,Female,Ahmedabad,B.Tech,6.3,86,12,62,62,2,Yes,0,No
7297,Shaurya,22,Male,Noida,B.Sc,7.1,80,14,72,74,3,No,0,Yes
7298,Ishaan,19,Male,Pune,B.Tech,6.9,85,14,69,66,2,No,1,No
7299,Priya,20,Female,Kolkata,B.Tech,6.6,85,12,66,64,3,Yes,0,Yes
7300,Kabir,20,Male,Jaipur,B.Tech,6.7,82,11,63,62,3,Yes,2,No
7301,Sanya,18,Female,Mumbai,B.Sc,8.3,93,18,76,72,2,Yes,0,Yes
7302,Aarav,21,Male,Gurugram,BCA,4.7,76,5,53,49,3,No,1,No
7303,Rahul,18,Male,Pune,BCA,6.0,85,12,60,58,2,No,0,No
7304,Tara,20,Female,Solan,B.Sc,7.0,83,12,68,71,4,Yes,0,Yes
7305,Kabir,20,Male,Noida,B.Tech,4.1,75,8,50,45,2,No,2,No
7306,Vansh,21,Male,Chennai,MCA,8.6,91,16,82,83,2,Yes,0,Yes
7307,Aditya,22,Male,Hyderabad,BCA,6.9,89,14,70,67,1,No,0,No
7308,Reyansh,19,Male,Ahmedabad,BCA,7.9,90,15,68,67,3,No,0,No
7309,Priya,22,Female,Gurugram,B.Tech,8.2,87,13,75,70,5,Yes,0,Yes
7310,Anushka,22,Female,Noida,B.Tech,7.1,84,11,65,65,2,No,0,Yes
7311,Ayaan,25,Male,Shimla,M.Tech,3.2,70,5,42,40,2,No,1,No
7312,Isha,22,Female,Ahmedabad,BCA,6.7,84,13,63,61,2,No,1,No
7313,Neha,19,Female,Gurugram,B.Sc,6.8,81,14,75,67,1,Yes,1,No
7314,Ayaan,21,Male,Hyderabad,B.Tech,4.9,77,8,54,54,2,No,1,No
7315,Aditya,18,Male,Gurugram,B.Sc,3.8,77,5,53,44,2,No,4,No
7316,Simran,25,Female,Shimla,M.Tech,7.2,89,14,70,64,2,Yes,2,No
7317,Sanya,22,Female,Shimla,B.Tech,4.6,71,8,50,46,1,No,1,No
7318,Anika,18,Female,Kolkata,BCA,9.6,88,17,81,82,5,No,0,Yes
7319,Kavya,21,Female,Pune,M.Tech,6.9,82,11,65,61,3,No,0,Yes
7320,Vivaan,21,Male,Pune,B.Sc,8.5,84,17,73,73,4,No,0,Yes
7321,Sanya,20,Female,Gurugram,B.Tech,6.5,79,10,66,57,3,No,1,No
7322,Vivaan,21,Male,Shimla,BCA,7.6,88,14,73,72,4,No,0,Yes
7323,Tara,20,Female,Kolkata,B.Tech,6.6,83,12,72,63,2,Yes,0,Yes
7324,Vivaan,22,Male,Jaipur,MCA,8.0,83,15,72,70,4,Yes,0,Yes
7325,Vansh,21,Male,Hyderabad,B.Sc,3.4,75,5,46,40,1,No,1,No
7326,Reyansh,22,Male,Shimla,M.Tech,7.8,86,13,74,76,4,Yes,0,Yes
7327,Meera,18,Female,Noida,B.Tech,7.5,85,15,74,70,4,No,1,No
7328,Vansh,21,Male,Bangalore,BCA,6.3,85,12,66,59,2,Yes,2,No
7329,Rahul,18,Male,Shimla,B.Tech,5.9,82,11,68,68,3,No,0,No
7330,Vivaan,22,Male,Delhi,BCA,6.1,81,13,73,71,3,Yes,0,Yes
7331,Kabir,18,Male,Solan,B.Tech,6.9,83,13,71,69,4,Yes,0,No
7332,Isha,22,Female,Hyderabad,B.Tech,8.3,91,14,79,78,3,No,0,Yes
7333,Aadhya,23,Female,Gurugram,MCA,5.7,79,11,52,49,2,No,2,No
7334,Ayaan,22,Male,Chennai,B.Tech,3.9,73,8,54,49,3,Yes,2,No
7335,Krishna,20,Male,Chandigarh,BCA,10.0,91,19,91,91,4,No,0,Yes
7336,Kavya,25,Female,Delhi,M.Tech,7.5,90,12,80,72,3,No,0,Yes
7337,Shaurya,25,Male,Mumbai,M.Tech,5.9,85,9,67,61,2,Yes,0,Yes
7338,Rahul,19,Male,Mumbai,B.Tech,8.3,90,16,74,72,4,No,0,Yes
7339,Krishna,22,Male,Jaipur,M.Tech,7.9,86,14,70,65,5,No,0,No
7340,Shaurya,18,Male,Shimla,B.Tech,7.2,88,10,67,69,3,Yes,0,No
7341,Shaurya,19,Male,Chandigarh,BCA,5.8,82,8,62,52,3,No,1,Yes
7342,Neha,23,Female,Shimla,MCA,7.5,85,12,69,74,4,No,1,Yes
7343,Anushka,19,Female,Hyderabad,B.Sc,8.1,92,16,81,76,3,Yes,0,Yes
7344,Isha,21,Female,Delhi,MCA,3.9,72,7,46,43,1,No,2,No
7345,Arjun,24,Male,Delhi,MCA,6.8,80,12,65,64,3,No,0,No
7346,Ishaan,20,Male,Solan,B.Tech,6.9,84,12,69,63,3,No,2,No
7347,Ishaan,21,Male,Pune,BCA,6.9,87,11,67,64,2,No,2,No
7348,Anika,20,Female,Kolkata,BCA,6.6,83,13,63,61,2,No,0,Yes
7349,Ananya,18,Female,Pune,BCA,8.3,86,16,69,69,4,Yes,0,Yes
7350,Tara,19,Female,Chennai,B.Tech,6.2,80,10,67,65,2,No,0,No
7351,Rohan,21,Male,Solan,B.Tech,6.5,86,14,63,57,3,Yes,0,Yes
7352,Arjun,24,Male,Chandigarh,MCA,7.0,85,14,67,65,2,Yes,0,No
7353,Aarav,22,Male,Jaipur,MCA,6.2,82,10,62,54,3,Yes,3,No
7354,Anika,18,Female,Ahmedabad,B.Sc,4.4,75,7,44,43,2,No,3,No
7355,Sanya,19,Female,Pune,BCA,6.8,87,12,70,66,3,No,0,No
7356,Tara,22,Female,Shimla,B.Sc,6.8,87,13,74,74,3,Yes,1,No
7357,Diya,22,Female,Delhi,B.Sc,6.0,77,9,65,58,3,No,0,Yes
7358,Ayaan,25,Male,Noida,M.Tech,6.3,85,10,64,60,4,Yes,2,Yes
7359,Priya,21,Female,Chandigarh,B.Tech,3.0,72,7,48,40,2,No,3,No
7360,Aadhya,21,Female,Chennai,BCA,8.3,94,13,72,77,5,Yes,0,Yes
7361,Reyansh,21,Male,Jaipur,MCA,7.9,87,14,78,73,3,Yes,0,Yes
7362,Vivaan,23,Male,Mumbai,MCA,4.5,79,6,51,47,1,No,1,No
7363,Kabir,19,Male,Kolkata,BCA,5.5,81,11,64,57,3,No,0,No
7364,Vivaan,20,Male,Gurugram,B.Tech,8.7,87,16,78,77,5,No,0,No
7365,Shaurya,24,Male,Shimla,MCA,4.8,80,6,51,47,2,No,1,No
7366,Tara,19,Female,Gurugram,BCA,7.2,88,11,72,72,3,Yes,0,Yes
7367,Shaurya,21,Male,Pune,B.Sc,5.8,78,10,60,61,3,No,0,No
7368,Ayaan,18,Male,Hyderabad,BCA,7.1,86,9,71,63,4,No,1,No
7369,Aditya,19,Male,Ahmedabad,B.Tech,6.6,89,10,65,64,3,No,0,No
7370,Anushka,21,Female,Pune,B.Tech,6.1,80,10,58,60,2,Yes,1,Yes
7371,Anushka,22,Female,Ahmedabad,BCA,7.1,87,15,73,70,2,No,0,No
7372,Aditya,22,Male,Jaipur,B.Tech,5.8,77,10,60,60,3,No,2,Yes
7373,Priya,21,Female,Pune,B.Tech,3.8,72,8,50,40,4,No,2,Yes
7374,Neha,20,Female,Chennai,BCA,5.1,80,8,60,55,1,No,0,No
7375,Shaurya,18,Male,Shimla,BCA,4.9,78,10,59,56,3,No,0,No
7376,Kabir,18,Male,Noida,B.Tech,4.1,74,5,57,47,2,Yes,1,No
7377,Anika,21,Female,Ahmedabad,B.Tech,7.1,90,12,72,64,2,No,1,No
7378,Kavya,21,Female,Pune,M.Tech,6.2,79,11,59,61,3,No,0,No
7379,Kavya,19,Female,Solan,B.Tech,7.0,84,13,66,63,5,No,1,No
7380,Kavya,18,Female,Ahmedabad,BCA,7.3,87,14,70,66,4,Yes,1,No
7381,Anushka,22,Female,Hyderabad,B.Tech,7.6,84,14,72,64,3,No,0,No
7382,Tara,24,Female,Pune,MCA,7.1,86,14,75,68,2,Yes,0,No
7383,Arjun,19,Male,Chandigarh,BCA,5.0,81,9,57,50,3,No,2,No
7384,Ayaan,18,Male,Hyderabad,B.Tech,7.4,86,14,78,67,3,No,0,No
7385,Aditya,22,Male,Chennai,B.Tech,6.8,82,11,74,66,4,No,1,No
7386,Riya,20,Female,Pune,B.Sc,9.8,93,15,88,91,4,Yes,0,Yes
7387,Aadhya,18,Female,Pune,B.Sc,6.5,75,10,65,63,2,No,1,No
7388,Diya,22,Female,Mumbai,BCA,7.1,88,10,69,61,3,No,1,No
7389,Vivaan,22,Male,Jaipur,B.Tech,6.4,83,12,72,67,4,No,0,Yes
7390,Diya,22,Female,Pune,BCA,6.6,83,13,64,64,4,No,1,No
7391,Dhruv,22,Male,Kolkata,BCA,6.5,78,10,69,64,3,No,0,Yes
7392,Aditya,20,Male,Ahmedabad,B.Sc,5.8,84,12,58,55,2,No,0,No
7393,Simran,21,Female,Shimla,B.Tech,6.8,82,13,69,63,3,No,0,No
7394,Riya,22,Female,Kolkata,BCA,7.4,88,12,77,73,3,Yes,0,Yes
7395,Meera,21,Female,Delhi,B.Tech,5.9,81,10,66,62,3,No,1,No
7396,Dhruv,20,Male,Solan,B.Sc,7.8,82,16,70,70,5,No,0,Yes
7397,Aarav,20,Male,Hyderabad,B.Sc,7.6,90,10,73,76,3,No,0,Yes
7398,Arjun,22,Male,Pune,MCA,5.2,81,11,65,57,2,Yes,1,No
7399,Ishaan,19,Male,Shimla,BCA,5.1,80,11,55,47,3,No,3,No
7400,Neha,22,Female,Noida,BCA,7.2,86,12,69,72,4,Yes,0,Yes
7401,Anika,21,Female,Pune,B.Tech,5.6,76,10,64,52,4,Yes,2,No
7402,Kavya,20,Female,Gurugram,B.Tech,4.9,80,11,56,50,2,No,2,No
7403,Ayaan,18,Male,Ahmedabad,B.Tech,9.1,98,14,84,79,4,No,0,No
7404,Tara,19,Female,Kolkata,B.Tech,5.1,78,9,64,56,2,No,1,Yes
7405,Shaurya,19,Male,Noida,B.Tech,4.2,75,9,48,43,1,No,4,No
7406,Anika,21,Female,Gurugram,M.Tech,5.3,75,10,54,48,2,Yes,2,Yes
7407,Reyansh,21,Male,Solan,B.Sc,6.8,78,12,66,67,3,Yes,0,No
7408,Rohan,21,Male,Solan,B.Tech,6.6,82,15,66,62,3,No,2,No
7409,Ayaan,21,Male,Mumbai,B.Tech,9.3,97,15,82,85,5,No,0,Yes
7410,Ananya,22,Female,Gurugram,BCA,5.3,83,8,63,53,3,No,1,No
7411,Krishna,22,Male,Solan,B.Tech,6.9,84,9,68,62,3,Yes,0,No
7412,Aarav,18,Male,Jaipur,B.Tech,8.2,90,13,77,72,4,No,0,No
7413,Ananya,20,Female,Shimla,BCA,5.5,76,9,58,56,2,No,1,No
7414,Rohan,21,Male,Mumbai,MCA,7.6,87,14,69,73,3,No,0,Yes
7415,Aditya,20,Male,Jaipur,BCA,3.8,72,8,45,40,3,No,2,No
7416,Arjun,18,Male,Shimla,BCA,9.1,92,15,76,71,4,No,0,Yes
7417,Shaurya,25,Male,Gurugram,MCA,8.0,87,14,79,77,3,Yes,0,Yes
7418,Diya,21,Female,Noida,B.Tech,5.5,78,12,59,57,4,No,0,No
7419,Ananya,19,Female,Solan,B.Tech,7.7,90,14,78,71,4,No,0,Yes
7420,Aditya,18,Male,Gurugram,BCA,8.5,96,16,79,79,4,No,0,No
7421,Kavya,18,Female,Ahmedabad,B.Sc,4.6,76,10,58,53,1,No,1,No
7422,Vivaan,19,Male,Pune,BCA,5.6,84,9,55,46,3,No,2,No
7423,Vivaan,18,Male,Chennai,B.Tech,8.5,86,14,81,82,5,Yes,0,Yes
7424,Shaurya,24,Male,Solan,M.Tech,6.6,83,14,66,66,3,Yes,1,No
7425,Vivaan,19,Male,Noida,B.Tech,7.2,81,14,63,62,4,No,2,No
7426,Ayaan,19,Male,Hyderabad,B.Sc,6.6,82,10,55,58,3,No,0,Yes
7427,Riya,24,Female,Shimla,MCA,7.8,89,12,77,79,3,Yes,0,Yes
7428,Priya,21,Female,Pune,B.Tech,7.3,89,13,76,69,3,No,0,Yes
7429,Ishaan,22,Male,Noida,MCA,6.7,81,14,66,67,2,Yes,1,No
7430,Priya,21,Female,Shimla,B.Sc,3.3,73,7,48,41,3,No,2,No
7431,Anika,24,Female,Hyderabad,MCA,7.5,90,15,75,68,4,No,0,No
7432,Anika,21,Female,Ahmedabad,B.Tech,7.6,90,13,74,66,4,Yes,0,No
7433,Anika,22,Female,Shimla,M.Tech,4.6,77,8,58,53,1,No,2,No
7434,Ayaan,18,Male,Mumbai,B.Tech,4.7,75,7,48,41,3,No,2,No
7435,Ananya,20,Female,Solan,B.Sc,7.3,83,13,70,70,3,No,0,No
7436,Anushka,19,Female,Jaipur,BCA,6.8,81,11,69,59,3,No,0,No
7437,Neha,20,Female,Shimla,B.Tech,3.5,72,5,45,40,1,No,1,No
7438,Dhruv,21,Male,Chennai,B.Tech,5.3,76,8,58,52,2,No,3,No
7439,Aarav,21,Male,Noida,BCA,7.0,87,12,65,69,3,No,1,No
7440,Diya,18,Female,Mumbai,BCA,7.5,87,14,73,71,4,Yes,1,No
7441,Rahul,21,Male,Kolkata,B.Tech,5.6,80,13,57,56,3,No,0,Yes
7442,Kabir,20,Male,Bangalore,B.Tech,6.3,77,11,60,57,3,Yes,2,No
7443,Anushka,19,Female,Chandigarh,BCA,5.2,78,10,59,53,2,No,1,No
7444,Rahul,19,Male,Noida,BCA,8.5,88,15,71,76,3,No,0,Yes
7445,Tara,18,Female,Gurugram,BCA,6.8,90,14,66,63,3,No,2,No
7446,Priya,23,Female,Hyderabad,MCA,5.5,75,8,60,52,3,No,1,No
7447,Anushka,21,Female,Chennai,B.Sc,4.8,76,8,54,53,2,No,2,No
7448,Krishna,22,Male,Solan,B.Tech,4.6,77,9,51,52,1,No,3,No
7449,Vansh,18,Male,Bangalore,BCA,9.2,89,17,83,87,5,Yes,0,Yes
7450,Simran,18,Female,Kolkata,B.Sc,6.2,87,12,61,62,2,No,0,No
7451,Sanya,22,Female,Solan,B.Tech,5.9,86,13,59,55,2,No,0,No
7452,Ananya,19,Female,Kolkata,BCA,6.2,79,9,62,56,2,No,1,No
7453,Aditya,19,Male,Delhi,BCA,5.6,78,8,59,51,3,No,2,No
7454,Vansh,22,Male,Ahmedabad,M.Tech,6.3,88,12,64,57,4,No,2,No
7455,Riya,22,Female,Hyderabad,BCA,6.6,87,13,67,63,4,Yes,1,No
7456,Vivaan,21,Male,Shimla,B.Sc,6.5,82,13,71,71,1,Yes,0,No
7457,Anika,21,Female,Delhi,B.Tech,4.6,77,12,54,44,2,Yes,3,No
7458,Krishna,20,Male,Mumbai,B.Sc,7.8,83,13,68,68,4,Yes,1,No
7459,Dhruv,20,Male,Mumbai,B.Tech,5.7,87,11,63,57,1,No,1,No
7460,Kabir,19,Male,Hyderabad,BCA,5.5,79,10,51,46,4,No,2,No
7461,Dhruv,22,Male,Chennai,BCA,5.4,81,11,66,58,1,No,1,No
7462,Aadhya,21,Female,Solan,M.Tech,4.9,74,9,49,50,3,No,2,No
7463,Riya,21,Female,Delhi,B.Tech,6.9,81,12,68,66,3,No,0,No
7464,Aarav,22,Male,Hyderabad,B.Tech,7.8,89,15,75,74,4,Yes,0,Yes
7465,Anushka,20,Female,Gurugram,B.Sc,5.4,85,10,58,57,2,No,0,No
7466,Vansh,21,Male,Chandigarh,BCA,3.7,71,7,52,45,1,No,3,No
7467,Sanya,21,Female,Chennai,B.Tech,5.0,75,11,63,54,3,No,2,No
7468,Krishna,22,Male,Bangalore,B.Tech,5.8,81,14,58,55,2,Yes,1,Yes
7469,Anushka,20,Female,Delhi,BCA,4.7,81,6,59,49,3,No,2,No
7470,Isha,22,Female,Ahmedabad,BCA,5.6,78,12,55,53,2,No,2,No
7471,Ananya,21,Female,Chennai,MCA,5.7,79,11,65,59,2,No,2,No
7472,Anushka,21,Female,Delhi,B.Tech,6.5,85,11,72,70,3,Yes,0,Yes
7473,Ananya,25,Female,Chandigarh,MCA,4.3,78,7,57,48,1,No,2,No
7474,Kavya,22,Female,Kolkata,BCA,7.4,85,15,64,63,4,Yes,1,Yes
7475,Priya,18,Female,Mumbai,B.Tech,9.0,95,16,81,76,4,No,0,Yes
7476,Diya,22,Female,Ahmedabad,BCA,8.6,92,15,78,79,5,Yes,0,Yes
7477,Shaurya,21,Male,Bangalore,B.Sc,5.6,80,9,58,50,2,No,1,No
7478,Vansh,19,Male,Chandigarh,B.Tech,7.5,89,12,78,72,4,Yes,0,Yes
7479,Isha,19,Female,Bangalore,B.Sc,7.3,88,12,64,62,3,No,2,No
7480,Kabir,20,Male,Chennai,B.Sc,6.4,79,11,65,64,3,Yes,2,No
7481,Diya,18,Female,Chennai,B.Tech,6.8,88,12,72,68,4,Yes,0,Yes
7482,Dhruv,20,Male,Pune,B.Tech,7.5,87,14,69,70,5,No,0,Yes
7483,Diya,19,Female,Noida,B.Tech,7.8,91,13,77,76,5,Yes,0,Yes
7484,Dhruv,18,Male,Noida,B.Sc,5.3,79,11,60,53,3,No,2,No
7485,Dhruv,22,Male,Pune,B.Tech,7.6,87,12,72,67,3,No,0,No
7486,Dhruv,22,Male,Gurugram,B.Sc,9.0,93,17,87,79,4,Yes,0,No
7487,Anika,21,Female,Mumbai,BCA,7.8,89,13,72,71,4,Yes,1,No
7488,Reyansh,19,Male,Chandigarh,B.Sc,8.8,95,19,86,80,3,No,0,Yes
7489,Vivaan,22,Male,Shimla,BCA,3.0,72,6,44,40,1,No,2,No
7490,Riya,18,Female,Jaipur,B.Tech,7.4,86,15,70,71,3,No,0,Yes
7491,Aadhya,25,Female,Solan,MCA,6.9,87,12,68,68,5,No,1,No
7492,Dhruv,20,Male,Delhi,B.Sc,8.0,89,15,70,70,3,No,0,Yes
7493,Rohan,20,Male,Kolkata,BCA,4.8,86,7,57,51,1,Yes,1,No
7494,Dhruv,20,Male,Delhi,B.Sc,5.7,81,9,56,54,3,No,3,No
7495,Meera,20,Female,Mumbai,B.Sc,7.9,91,14,77,80,4,No,0,Yes
7496,Aarav,20,Male,Pune,BCA,4.9,80,11,60,51,4,No,1,No
7497,Dhruv,21,Male,Chennai,BCA,6.9,78,14,68,65,3,No,0,No
7498,Ayaan,20,Male,Chandigarh,B.Tech,6.5,81,8,62,59,2,No,1,No
7499,Shaurya,24,Male,Bangalore,M.Tech,6.2,80,10,62,57,3,No,2,No
7500,Neha,21,Female,Jaipur,BCA,7.4,81,13,71,67,4,No,0,Yes
7501,Kabir,22,Male,Solan,B.Tech,4.8,76,11,56,50,3,No,2,No
7502,Krishna,18,Male,Delhi,BCA,5.3,74,10,63,53,2,No,3,No
7503,Dhruv,20,Male,Hyderabad,B.Tech,6.3,79,8,66,67,3,Yes,0,Yes
7504,Vivaan,18,Male,Gurugram,B.Tech,4.7,77,7,55,52,2,No,1,No
7505,Arjun,19,Male,Ahmedabad,BCA,8.3,95,16,80,80,3,No,0,Yes
7506,Anushka,21,Female,Chandigarh,BCA,5.3,74,10,55,51,2,Yes,2,No
7507,Ananya,22,Female,Chennai,M.Tech,7.7,83,14,72,69,3,Yes,1,No
7508,Simran,24,Female,Mumbai,M.Tech,5.2,77,11,60,54,2,No,4,No
7509,Aadhya,20,Female,Bangalore,B.Tech,7.6,86,13,70,67,4,No,0,Yes
7510,Diya,19,Female,Gurugram,BCA,4.1,70,8,50,48,2,No,1,No
7511,Shaurya,25,Male,Solan,MCA,8.6,88,18,78,81,3,Yes,0,Yes
7512,Priya,19,Female,Pune,B.Tech,8.2,86,15,82,80,4,Yes,0,Yes
7513,Simran,21,Female,Mumbai,B.Sc,5.7,81,9,62,62,3,No,0,No
7514,Simran,24,Female,Gurugram,MCA,5.3,80,9,60,62,2,No,0,Yes
7515,Ayaan,18,Male,Noida,B.Sc,7.2,85,12,67,71,4,No,0,Yes
7516,Vansh,19,Male,Bangalore,B.Tech,4.2,74,5,56,47,2,No,1,No
7517,Isha,25,Female,Chennai,M.Tech,6.6,81,11,67,56,3,Yes,0,No
7518,Tara,23,Female,Solan,MCA,5.3,79,10,64,59,4,No,0,Yes
7519,Aadhya,18,Female,Bangalore,B.Sc,6.1,78,11,61,59,4,No,1,No
7520,Vivaan,19,Male,Solan,BCA,5.5,84,12,61,56,3,No,0,Yes
7521,Ishaan,18,Male,Pune,B.Sc,5.3,74,10,51,48,2,No,4,No
7522,Krishna,19,Male,Solan,B.Tech,9.1,90,18,89,89,3,Yes,0,Yes
7523,Ananya,20,Female,Gurugram,B.Tech,7.7,90,11,76,68,2,Yes,0,No
7524,Arjun,20,Male,Noida,BCA,4.3,74,7,59,55,3,No,1,No
7525,Arjun,25,Male,Pune,M.Tech,5.2,80,9,57,58,2,Yes,2,Yes
7526,Meera,21,Female,Delhi,MCA,7.8,92,13,78,75,4,No,0,Yes
7527,Vansh,22,Male,Kolkata,B.Sc,8.0,90,17,80,77,3,Yes,0,Yes
7528,Priya,19,Female,Bangalore,BCA,4.4,72,5,52,43,2,No,3,No
7529,Krishna,20,Male,Kolkata,B.Tech,7.5,83,13,69,71,3,Yes,0,Yes
7530,Ananya,23,Female,Delhi,MCA,6.9,84,14,66,68,4,Yes,1,Yes
7531,Kavya,21,Female,Mumbai,BCA,3.6,74,8,46,42,2,No,3,No
7532,Ananya,24,Female,Pune,MCA,5.9,84,10,74,61,1,No,2,No
7533,Anika,22,Female,Shimla,BCA,6.3,80,10,61,54,4,No,4,No
7534,Ishaan,18,Male,Gurugram,B.Sc,6.6,82,14,58,57,3,No,0,No
7535,Aarav,22,Male,Noida,MCA,4.5,75,7,53,48,3,No,1,Yes
7536,Rohan,22,Male,Hyderabad,BCA,5.4,78,8,58,57,3,No,1,No
7537,Kavya,20,Female,Gurugram,B.Tech,5.6,84,12,60,55,2,Yes,1,Yes
7538,Simran,20,Female,Delhi,B.Tech,5.7,80,11,58,58,4,No,1,No
7539,Shaurya,23,Male,Solan,MCA,5.7,80,10,59,59,1,No,1,No
7540,Priya,19,Female,Shimla,B.Sc,6.3,85,12,60,59,2,No,2,No
7541,Aditya,22,Male,Bangalore,B.Sc,7.0,89,13,78,74,3,No,0,Yes
7542,Diya,19,Female,Noida,B.Tech,9.2,92,16,84,81,3,Yes,0,Yes
7543,Riya,20,Female,Pune,B.Sc,7.8,91,14,76,69,2,Yes,0,No
7544,Arjun,21,Male,Chennai,B.Sc,8.5,95,12,85,79,5,Yes,0,Yes
7545,Aarav,22,Male,Chandigarh,B.Tech,5.8,80,10,72,61,2,No,2,No
7546,Reyansh,24,Male,Bangalore,M.Tech,5.0,76,8,54,54,2,No,2,No
7547,Sanya,22,Female,Mumbai,BCA,7.7,94,13,77,76,4,No,0,Yes
7548,Ayaan,20,Male,Ahmedabad,B.Tech,6.5,86,11,70,59,4,No,1,No
7549,Vansh,21,Male,Hyderabad,BCA,7.6,87,13,76,73,5,Yes,0,Yes
7550,Rahul,21,Male,Noida,B.Tech,5.2,80,9,62,50,2,No,2,No
7551,Vivaan,22,Male,Shimla,B.Sc,7.5,83,14,74,67,5,No,1,No
7552,Sanya,21,Female,Gurugram,B.Tech,6.2,85,10,63,62,3,No,1,No
7553,Anika,24,Female,Hyderabad,MCA,5.8,75,11,64,54,3,No,3,No
7554,Rahul,20,Male,Noida,BCA,5.9,84,12,63,54,2,No,2,No
7555,Tara,22,Female,Kolkata,BCA,7.2,83,14,70,64,3,No,0,No
7556,Simran,22,Female,Noida,B.Sc,7.7,82,15,74,67,5,Yes,0,No
7557,Shaurya,18,Male,Pune,B.Sc,6.0,75,10,57,51,3,No,1,No
7558,Shaurya,22,Male,Mumbai,B.Tech,7.0,83,12,70,66,4,No,1,No
7559,Priya,23,Female,Bangalore,M.Tech,7.0,87,13,72,63,2,No,1,Yes
7560,Isha,21,Female,Gurugram,B.Sc,7.6,82,13,63,64,3,Yes,0,No
7561,Arjun,18,Male,Shimla,B.Tech,8.0,84,13,79,75,4,Yes,0,Yes
7562,Ayaan,21,Male,Jaipur,BCA,9.2,91,16,79,82,5,No,0,Yes
7563,Rohan,22,Male,Ahmedabad,BCA,5.8,83,13,63,61,3,Yes,0,Yes
7564,Tara,22,Female,Jaipur,MCA,8.7,93,15,87,79,5,Yes,0,Yes
7565,Aarav,21,Male,Delhi,B.Tech,6.7,84,11,70,61,2,No,0,Yes
7566,Krishna,22,Male,Jaipur,B.Tech,4.9,80,8,61,50,3,No,2,No
7567,Anushka,20,Female,Hyderabad,B.Tech,5.5,81,11,64,60,3,No,0,No
7568,Ananya,22,Female,Pune,B.Tech,7.2,84,13,68,67,3,No,0,Yes
7569,Shaurya,18,Male,Gurugram,B.Sc,7.6,89,15,69,67,3,Yes,0,No
7570,Aarav,19,Male,Gurugram,B.Sc,5.0,74,13,56,48,2,No,2,No
7571,Sanya,19,Female,Delhi,B.Tech,5.4,80,11,62,57,3,Yes,1,No
7572,Kabir,19,Male,Chandigarh,B.Tech,5.7,76,12,63,62,2,No,1,No
7573,Rohan,20,Male,Gurugram,BCA,5.2,79,14,61,59,4,No,1,No
7574,Priya,19,Female,Solan,B.Sc,3.7,77,7,47,40,1,No,2,No
7575,Arjun,24,Male,Chandigarh,MCA,3.2,72,5,48,43,1,No,4,No
7576,Meera,20,Female,Chandigarh,B.Tech,5.9,81,10,53,48,1,No,3,No
7577,Meera,22,Female,Delhi,B.Tech,6.9,85,14,74,67,3,Yes,0,Yes
7578,Vansh,18,Male,Jaipur,BCA,7.5,88,12,69,66,3,Yes,0,No
7579,Ayaan,23,Male,Kolkata,MCA,4.5,82,5,52,48,2,No,2,No
7580,Sanya,18,Female,Solan,BCA,4.5,78,7,64,51,2,No,2,No
7581,Neha,20,Female,Delhi,B.Tech,5.7,78,11,60,56,5,No,2,No
7582,Ananya,22,Female,Delhi,BCA,6.5,82,13,64,58,2,Yes,1,Yes
7583,Ananya,18,Female,Kolkata,BCA,8.0,85,14,69,70,4,No,0,Yes
7584,Dhruv,20,Male,Gurugram,B.Sc,7.6,83,15,73,66,4,Yes,0,Yes
7585,Simran,18,Female,Delhi,B.Tech,5.9,73,12,62,57,2,No,0,Yes
7586,Aarav,19,Male,Kolkata,BCA,7.0,83,13,67,65,3,No,1,No
7587,Aarav,19,Male,Chandigarh,B.Sc,5.2,74,9,47,46,4,No,1,No
7588,Aditya,19,Male,Chandigarh,B.Tech,6.6,83,13,73,69,3,Yes,0,No
7589,Reyansh,21,Male,Noida,BCA,6.4,81,13,63,53,4,No,2,No
7590,Diya,19,Female,Shimla,BCA,8.6,87,15,77,77,4,Yes,0,Yes
7591,Krishna,19,Male,Solan,B.Sc,7.2,79,14,67,63,3,No,0,Yes
7592,Aarav,22,Male,Bangalore,B.Tech,5.3,78,9,54,53,2,No,2,No
7593,Rahul,21,Male,Gurugram,MCA,5.4,74,10,62,56,2,No,2,No
7594,Anushka,18,Female,Bangalore,B.Tech,6.0,83,11,66,64,2,No,1,No
7595,Priya,19,Female,Hyderabad,B.Tech,4.2,75,7,53,46,1,No,2,No
7596,Ayaan,21,Male,Noida,MCA,6.2,81,11,73,69,3,Yes,0,No
7597,Ishaan,23,Male,Noida,MCA,6.3,86,12,63,60,3,No,1,No
7598,Reyansh,19,Male,Kolkata,B.Tech,7.2,85,11,75,66,3,No,0,No
7599,Isha,22,Female,Delhi,MCA,7.4,87,14,63,61,5,No,1,No
7600,Riya,21,Female,Kolkata,B.Tech,6.6,85,15,70,63,2,No,0,No
7601,Ananya,20,Female,Shimla,B.Sc,4.1,73,6,59,50,2,Yes,1,No
7602,Simran,19,Female,Pune,B.Tech,4.7,75,10,49,49,1,No,2,No
7603,Ishaan,19,Male,Bangalore,BCA,5.6,80,10,67,62,3,No,1,No
7604,Aadhya,18,Female,Kolkata,BCA,7.5,82,15,65,67,4,No,0,Yes
7605,Ananya,19,Female,Mumbai,BCA,7.4,91,12,82,73,3,Yes,1,Yes
7606,Ishaan,19,Male,Chennai,BCA,6.1,82,11,61,61,3,No,1,No
7607,Kabir,19,Male,Mumbai,BCA,10.0,94,20,85,86,4,Yes,0,Yes
7608,Neha,22,Female,Pune,M.Tech,8.8,97,16,81,82,5,Yes,0,Yes
7609,Anika,21,Female,Ahmedabad,B.Tech,8.4,86,16,77,71,4,No,0,Yes
7610,Arjun,20,Male,Kolkata,B.Tech,7.6,91,15,74,72,4,Yes,0,Yes
7611,Ananya,21,Female,Solan,B.Sc,7.2,88,10,71,66,4,Yes,0,Yes
7612,Ananya,18,Female,Pune,B.Tech,7.1,88,13,72,64,4,No,0,Yes
7613,Rohan,22,Male,Chennai,BCA,3.8,73,5,49,45,1,No,2,No
7614,Rahul,19,Male,Jaipur,BCA,4.9,77,10,55,49,2,Yes,2,Yes
7615,Reyansh,18,Male,Gurugram,B.Tech,6.2,81,11,62,60,3,No,1,No
7616,Neha,25,Female,Jaipur,M.Tech,6.7,86,10,70,63,3,No,0,No
7617,Ishaan,19,Male,Shimla,B.Tech,6.3,83,10,66,68,3,Yes,0,Yes
7618,Dhruv,19,Male,Hyderabad,B.Tech,6.9,82,12,69,65,2,Yes,0,No
7619,Reyansh,22,Male,Pune,B.Tech,3.3,70,10,44,40,1,No,2,No
7620,Kavya,21,Female,Delhi,B.Tech,7.3,86,16,68,69,3,Yes,1,No
7621,Dhruv,22,Male,Shimla,BCA,6.6,82,12,66,62,3,Yes,0,Yes
7622,Shaurya,22,Male,Ahmedabad,B.Sc,6.2,86,12,64,70,4,No,0,Yes
7623,Rahul,20,Male,Noida,B.Sc,7.9,90,15,67,71,3,No,0,No
7624,Anushka,22,Female,Gurugram,MCA,4.9,80,8,60,52,3,No,1,No
7625,Neha,19,Female,Noida,B.Tech,6.1,82,10,64,60,3,No,0,Yes
7626,Ayaan,21,Male,Solan,B.Tech,6.9,82,14,67,65,3,Yes,1,No
7627,Tara,24,Female,Gurugram,M.Tech,5.2,80,8,60,51,2,No,2,No
7628,Sanya,20,Female,Hyderabad,B.Tech,3.5,66,8,41,41,1,No,3,No
7629,Meera,23,Female,Noida,M.Tech,4.8,77,7,60,52,2,No,1,No
7630,Ananya,23,Female,Gurugram,MCA,6.4,80,10,69,63,2,No,1,No
7631,Rohan,24,Male,Ahmedabad,MCA,6.1,79,13,57,56,3,No,2,No
7632,Dhruv,22,Male,Pune,BCA,6.5,81,11,62,57,4,No,0,No
7633,Riya,19,Female,Ahmedabad,B.Tech,5.5,79,10,62,57,3,No,1,No
7634,Neha,19,Female,Bangalore,B.Sc,4.5,76,9,54,47,3,No,1,No
7635,Kavya,18,Female,Shimla,B.Sc,6.7,86,14,68,63,3,Yes,0,No
7636,Ishaan,21,Male,Chandigarh,B.Tech,6.3,82,12,66,61,2,No,0,No
7637,Isha,21,Female,Chennai,B.Sc,7.5,86,14,64,62,3,No,0,No
7638,Kavya,20,Female,Gurugram,B.Tech,5.4,75,11,53,46,1,No,2,No
7639,Rohan,18,Male,Bangalore,BCA,3.5,68,7,42,40,2,No,2,No
7640,Shaurya,21,Male,Hyderabad,MCA,3.0,71,7,46,40,1,No,1,No
7641,Ananya,21,Female,Gurugram,B.Tech,5.9,83,15,54,46,3,No,2,No
7642,Anika,20,Female,Noida,B.Tech,6.7,83,13,67,64,3,No,1,No
7643,Kabir,19,Male,Ahmedabad,B.Tech,6.2,84,10,63,59,4,Yes,0,Yes
7644,Riya,20,Female,Solan,B.Tech,5.7,76,12,62,58,2,No,0,No
7645,Kabir,19,Male,Gurugram,B.Tech,4.1,76,7,54,49,2,No,1,No
7646,Shaurya,21,Male,Ahmedabad,B.Tech,3.7,70,7,53,40,1,No,2,No
7647,Tara,20,Female,Chandigarh,B.Tech,7.1,82,13,64,61,2,Yes,0,No
7648,Diya,21,Female,Shimla,MCA,6.2,79,10,59,56,3,No,0,No
7649,Sanya,25,Female,Mumbai,MCA,6.0,81,10,63,60,4,No,2,No
7650,Ananya,18,Female,Kolkata,BCA,4.2,76,5,57,50,2,No,4,No
7651,Ishaan,19,Male,Pune,B.Tech,5.1,79,9,59,52,2,No,2,No
7652,Anushka,21,Female,Ahmedabad,B.Tech,6.6,82,13,66,63,3,Yes,1,Yes
7653,Dhruv,20,Male,Gurugram,B.Sc,6.9,86,12,74,68,4,Yes,0,No
7654,Rohan,21,Male,Hyderabad,B.Sc,6.3,87,11,65,58,3,No,2,No
7655,Vansh,24,Male,Chandigarh,M.Tech,8.6,90,16,84,81,5,Yes,0,Yes
7656,Ishaan,19,Male,Jaipur,B.Tech,5.6,80,9,67,53,2,No,2,No
7657,Aditya,21,Male,Jaipur,B.Sc,8.4,88,14,77,76,5,Yes,0,Yes
7658,Kabir,20,Male,Chennai,BCA,6.8,83,13,61,65,1,No,0,Yes
7659,Dhruv,21,Male,Delhi,MCA,6.7,87,13,69,64,1,Yes,1,No
7660,Aarav,21,Male,Gurugram,BCA,7.9,91,15,82,83,2,No,0,Yes
7661,Simran,20,Female,Solan,BCA,5.6,79,10,62,59,3,No,0,No
7662,Ishaan,20,Male,Solan,B.Sc,6.0,82,12,57,60,1,No,0,Yes
7663,Reyansh,22,Male,Ahmedabad,MCA,4.7,79,7,60,54,2,Yes,2,No
7664,Priya,21,Female,Chandigarh,B.Tech,7.9,86,14,77,76,3,No,0,Yes
7665,Anika,19,Female,Mumbai,B.Tech,7.0,81,14,71,68,4,Yes,0,Yes
7666,Priya,18,Female,Delhi,BCA,8.1,90,16,81,72,5,Yes,1,No
7667,Aarav,18,Male,Noida,B.Tech,6.8,86,11,66,58,4,Yes,0,Yes
7668,Kavya,20,Female,Shimla,BCA,8.2,91,18,82,77,3,Yes,0,Yes
7669,Aditya,24,Male,Ahmedabad,M.Tech,5.4,78,10,56,51,3,No,1,No
7670,Krishna,20,Male,Chennai,BCA,8.0,93,15,72,69,3,No,0,No
7671,Reyansh,21,Male,Hyderabad,B.Sc,5.9,82,12,59,52,3,No,1,No
7672,Meera,19,Female,Mumbai,B.Sc,6.5,79,14,67,66,3,No,0,No
7673,Vivaan,21,Male,Solan,MCA,7.6,82,14,69,65,3,No,1,No
7674,Reyansh,21,Male,Ahmedabad,M.Tech,10.0,94,20,94,88,4,Yes,0,Yes
7675,Rohan,19,Male,Chennai,B.Sc,7.7,88,13,78,74,3,Yes,0,Yes
7676,Tara,22,Female,Hyderabad,BCA,7.9,87,17,77,77,3,Yes,0,Yes
7677,Tara,22,Female,Ahmedabad,B.Tech,5.7,86,10,68,63,3,Yes,1,Yes
7678,Rohan,22,Male,Mumbai,BCA,6.7,85,13,63,59,3,No,0,Yes
7679,Priya,21,Female,Delhi,B.Tech,6.4,79,11,67,62,4,No,0,No
7680,Ananya,19,Female,Hyderabad,B.Tech,8.6,83,16,78,82,5,No,0,Yes
7681,Simran,21,Female,Hyderabad,B.Sc,6.3,83,10,60,61,4,Yes,0,Yes
7682,Rohan,21,Male,Ahmedabad,BCA,8.5,93,15,77,79,3,Yes,0,No
7683,Simran,19,Female,Hyderabad,B.Tech,4.5,81,8,54,49,2,Yes,3,No
7684,Rahul,24,Male,Hyderabad,M.Tech,8.6,89,14,78,77,3,Yes,0,Yes
7685,Kavya,19,Female,Kolkata,BCA,5.2,83,9,59,60,4,Yes,1,No
7686,Vivaan,22,Male,Mumbai,BCA,7.8,83,11,70,73,4,Yes,1,Yes
7687,Rahul,22,Male,Hyderabad,B.Sc,5.2,77,7,63,56,2,No,0,No
7688,Rohan,21,Male,Shimla,B.Sc,7.4,83,13,65,67,3,Yes,0,Yes
7689,Riya,18,Female,Chandigarh,B.Tech,5.1,80,11,53,49,3,No,1,No
7690,Aditya,19,Male,Delhi,B.Sc,8.1,84,14,70,66,3,No,0,Yes
7691,Diya,20,Female,Jaipur,B.Tech,7.8,89,14,72,67,2,No,1,No
7692,Aditya,20,Male,Mumbai,BCA,5.6,76,12,56,52,3,No,3,Yes
7693,Anushka,21,Female,Chennai,B.Tech,7.4,91,15,80,72,4,Yes,0,Yes
7694,Kavya,18,Female,Jaipur,B.Sc,7.9,87,15,72,69,3,No,0,No
7695,Riya,19,Female,Ahmedabad,B.Tech,5.1,79,9,57,50,3,No,4,No
7696,Diya,22,Female,Delhi,B.Sc,4.9,72,8,48,50,2,No,1,No
7697,Simran,21,Female,Bangalore,B.Tech,4.9,73,9,52,54,2,No,3,No
7698,Krishna,22,Male,Shimla,MCA,4.7,74,10,56,54,2,No,2,No
7699,Riya,22,Female,Chandigarh,MCA,4.9,80,12,59,46,2,No,2,No
7700,Aarav,19,Male,Delhi,BCA,7.9,90,18,79,78,3,No,0,Yes
7701,Isha,18,Female,Hyderabad,BCA,7.3,89,15,68,69,3,No,0,No
7702,Priya,19,Female,Chennai,B.Sc,4.0,69,7,45,41,1,No,1,No
7703,Vivaan,18,Male,Ahmedabad,B.Tech,5.7,81,8,64,57,2,No,0,No
7704,Rohan,18,Male,Delhi,B.Tech,4.8,75,10,54,48,2,No,2,No
7705,Arjun,19,Male,Chennai,B.Tech,7.8,85,16,73,74,4,No,0,Yes
7706,Anika,22,Female,Pune,BCA,5.8,79,7,63,59,3,No,2,No
7707,Isha,19,Female,Bangalore,B.Tech,4.2,74,5,55,51,2,No,2,No
7708,Anushka,22,Female,Chandigarh,B.Tech,6.8,86,12,66,66,3,No,0,No
7709,Meera,21,Female,Ahmedabad,B.Sc,7.4,89,12,72,73,3,No,0,Yes
7710,Anushka,20,Female,Ahmedabad,B.Tech,5.1,79,7,57,54,2,No,3,Yes
7711,Rahul,21,Male,Mumbai,B.Tech,6.1,83,12,60,54,1,No,1,No
7712,Shaurya,21,Male,Hyderabad,M.Tech,5.1,83,11,60,49,1,No,2,Yes
7713,Sanya,21,Female,Chandigarh,B.Sc,8.4,91,15,76,77,3,No,0,No
7714,Kavya,20,Female,Ahmedabad,B.Tech,5.9,80,8,61,59,2,Yes,0,Yes
7715,Sanya,20,Female,Jaipur,B.Tech,5.4,81,10,62,54,3,No,4,No
7716,Krishna,22,Male,Chennai,BCA,6.4,88,10,68,64,3,Yes,0,No
7717,Aditya,21,Male,Pune,B.Tech,6.2,79,10,59,56,3,Yes,0,Yes
7718,Vivaan,21,Male,Noida,M.Tech,7.5,85,15,72,68,4,Yes,0,No
7719,Shaurya,18,Male,Gurugram,B.Sc,8.3,93,17,79,72,4,No,0,Yes
7720,Shaurya,25,Male,Ahmedabad,M.Tech,8.3,88,15,74,74,3,Yes,0,Yes
7721,Diya,25,Female,Noida,MCA,5.9,83,12,59,54,3,No,2,No
7722,Ayaan,21,Male,Pune,BCA,7.0,88,11,71,68,2,No,0,Yes
7723,Kavya,22,Female,Solan,B.Sc,8.7,87,16,73,69,4,No,1,No
7724,Krishna,23,Male,Ahmedabad,MCA,8.8,90,15,76,78,4,Yes,0,Yes
7725,Tara,18,Female,Hyderabad,BCA,5.2,82,7,54,49,2,No,4,No
7726,Krishna,20,Male,Chandigarh,B.Tech,7.4,86,12,67,63,4,No,0,No
7727,Shaurya,19,Male,Delhi,BCA,7.1,79,13,65,63,3,Yes,0,Yes
7728,Vansh,20,Male,Delhi,B.Tech,7.9,86,12,78,70,2,Yes,0,Yes
7729,Sanya,18,Female,Bangalore,B.Sc,8.4,92,15,81,77,3,Yes,0,Yes
7730,Aadhya,19,Female,Shimla,B.Sc,4.9,81,10,61,54,3,No,1,No
7731,Aarav,24,Male,Pune,M.Tech,5.5,79,9,57,54,3,No,2,No
7732,Vansh,19,Male,Hyderabad,B.Sc,7.9,89,12,67,69,3,No,1,No
7733,Neha,25,Female,Hyderabad,MCA,6.7,82,12,64,60,3,No,1,No
7734,Krishna,18,Male,Hyderabad,B.Tech,3.2,74,7,50,44,2,Yes,1,No
7735,Shaurya,22,Male,Delhi,B.Tech,4.0,78,5,50,45,1,No,1,No
7736,Diya,23,Female,Noida,MCA,7.5,89,15,73,72,3,No,0,No
7737,Isha,21,Female,Bangalore,B.Sc,7.8,87,15,73,76,4,No,0,Yes
7738,Aarav,18,Male,Pune,B.Sc,4.5,77,9,56,45,3,No,1,No
7739,Krishna,21,Male,Delhi,B.Tech,8.1,91,15,80,75,4,Yes,0,Yes
7740,Kavya,18,Female,Mumbai,B.Sc,6.2,82,11,58,54,3,Yes,2,No
7741,Krishna,25,Male,Kolkata,MCA,5.0,80,10,47,52,2,No,2,Yes
7742,Vivaan,20,Male,Kolkata,B.Tech,5.7,81,10,64,60,2,Yes,0,Yes
7743,Neha,19,Female,Bangalore,B.Sc,4.7,81,10,55,50,1,No,2,No
7744,Meera,21,Female,Chennai,BCA,5.6,82,12,63,61,2,No,0,Yes
7745,Ishaan,18,Male,Shimla,B.Tech,3.7,71,5,46,41,2,No,4,No
7746,Meera,18,Female,Pune,B.Sc,6.4,87,10,69,65,3,No,0,Yes
7747,Tara,21,Female,Solan,B.Tech,7.4,87,13,71,67,4,No,0,No
7748,Vansh,19,Male,Chandigarh,B.Tech,4.5,75,7,50,42,3,No,2,No
7749,Tara,20,Female,Shimla,B.Sc,6.5,79,13,63,63,1,No,0,No
7750,Aditya,18,Male,Mumbai,B.Sc,5.3,79,7,57,50,2,No,1,No
7751,Vivaan,18,Male,Gurugram,B.Tech,7.5,92,14,77,75,5,Yes,0,Yes
7752,Diya,24,Female,Bangalore,M.Tech,3.0,62,7,40,40,2,No,1,No
7753,Ayaan,21,Male,Chandigarh,B.Tech,7.6,79,13,65,59,3,Yes,0,No
7754,Vansh,21,Male,Pune,M.Tech,3.8,76,9,56,50,1,No,2,No
7755,Ishaan,18,Male,Shimla,B.Sc,6.2,82,13,65,61,2,No,0,No
7756,Aarav,18,Male,Gurugram,BCA,5.4,81,9,65,55,3,No,1,No
7757,Neha,22,Female,Jaipur,B.Tech,6.0,79,12,57,50,2,No,1,No
7758,Riya,18,Female,Chennai,B.Tech,4.2,68,6,47,43,2,No,4,No
7759,Kavya,20,Female,Gurugram,B.Tech,9.0,89,15,81,80,4,No,0,Yes
7760,Kabir,20,Male,Delhi,B.Sc,4.6,81,8,58,54,4,No,3,No
7761,Dhruv,19,Male,Kolkata,BCA,4.7,75,10,46,44,2,No,3,No
7762,Dhruv,21,Male,Chandigarh,B.Tech,9.2,91,16,75,74,3,Yes,0,Yes
7763,Ayaan,19,Male,Chandigarh,B.Sc,7.0,77,13,63,58,4,Yes,0,Yes
7764,Shaurya,18,Male,Solan,B.Tech,4.6,71,7,54,49,2,No,2,No
7765,Priya,21,Female,Hyderabad,BCA,6.3,85,13,63,60,2,Yes,0,No
7766,Anika,18,Female,Delhi,B.Tech,6.1,81,12,62,63,3,No,0,No
7767,Anushka,21,Female,Gurugram,B.Sc,4.0,77,6,51,43,3,No,4,No
7768,Reyansh,22,Male,Chandigarh,B.Sc,5.4,77,6,54,53,2,No,2,No
7769,Isha,22,Female,Shimla,B.Sc,6.5,78,11,70,64,2,No,0,No
7770,Arjun,22,Male,Gurugram,B.Tech,8.4,89,16,74,66,4,No,0,No
7771,Aarav,19,Male,Mumbai,B.Tech,6.2,80,11,55,57,2,No,0,No
7772,Meera,21,Female,Ahmedabad,B.Tech,6.3,80,11,60,57,3,No,1,No
7773,Simran,19,Female,Bangalore,B.Tech,5.3,76,10,54,53,3,No,1,No
7774,Krishna,21,Male,Hyderabad,B.Tech,8.1,88,14,76,74,3,Yes,0,No
7775,Ayaan,18,Male,Shimla,BCA,7.9,86,12,75,70,2,Yes,0,No
7776,Arjun,22,Male,Delhi,BCA,7.7,84,15,74,71,5,Yes,0,Yes
7777,Riya,25,Female,Chandigarh,MCA,6.7,89,11,77,70,3,No,0,Yes
7778,Ishaan,21,Male,Pune,BCA,4.1,76,6,51,46,1,No,2,No
7779,Aadhya,19,Female,Gurugram,BCA,8.1,89,15,79,77,3,Yes,0,Yes
7780,Krishna,22,Male,Chandigarh,M.Tech,6.6,83,10,64,62,3,No,2,No
7781,Arjun,20,Male,Noida,BCA,6.0,83,10,64,65,3,No,0,Yes
7782,Rahul,22,Male,Bangalore,BCA,7.2,87,15,69,69,1,No,0,No
7783,Vivaan,25,Male,Chennai,M.Tech,6.8,81,15,66,66,4,No,0,No
7784,Shaurya,22,Male,Bangalore,M.Tech,4.9,73,11,54,52,2,No,1,No
7785,Aadhya,22,Female,Delhi,BCA,6.0,74,12,64,60,4,Yes,0,Yes
7786,Tara,19,Female,Mumbai,B.Sc,3.6,78,8,49,44,2,No,2,No
7787,Kavya,20,Female,Hyderabad,BCA,6.6,82,15,66,66,4,Yes,0,Yes
7788,Sanya,21,Female,Chennai,B.Sc,8.5,92,17,81,79,4,Yes,0,Yes
7789,Meera,24,Female,Ahmedabad,M.Tech,3.8,74,7,52,48,2,Yes,3,No
7790,Ananya,20,Female,Chennai,B.Tech,6.7,86,13,62,57,4,No,1,No
7791,Riya,25,Female,Bangalore,MCA,7.5,86,13,73,73,3,Yes,0,Yes
7792,Rohan,18,Male,Mumbai,B.Sc,7.7,83,14,66,64,4,No,0,No
7793,Vivaan,22,Male,Gurugram,B.Tech,5.4,76,10,63,53,3,No,2,No
7794,Arjun,19,Male,Noida,B.Sc,4.8,76,8,56,50,3,No,3,No
7795,Rohan,18,Male,Mumbai,BCA,5.6,75,10,63,58,2,No,1,No
7796,Aarav,20,Male,Shimla,B.Tech,8.3,86,17,69,71,3,Yes,0,Yes
7797,Anika,24,Female,Ahmedabad,M.Tech,3.9,70,6,47,46,3,No,1,No
7798,Krishna,21,Male,Noida,BCA,4.7,75,9,57,49,2,No,2,No
7799,Vansh,22,Male,Gurugram,BCA,5.8,79,9,66,65,2,Yes,1,Yes
7800,Aadhya,24,Female,Jaipur,MCA,5.0,78,6,58,57,2,Yes,0,Yes
7801,Aditya,25,Male,Bangalore,M.Tech,6.4,85,13,64,61,2,No,2,No
7802,Kabir,22,Male,Gurugram,MCA,8.6,89,17,78,74,4,No,1,No
7803,Aarav,19,Male,Jaipur,BCA,4.7,72,8,48,53,1,No,1,No
7804,Rohan,20,Male,Shimla,BCA,6.3,76,11,68,68,3,No,0,Yes
7805,Reyansh,19,Male,Chennai,B.Tech,6.5,83,11,68,64,2,Yes,0,No
7806,Diya,22,Female,Chandigarh,BCA,6.0,79,10,61,54,4,No,2,No
7807,Neha,24,Female,Pune,M.Tech,4.1,74,7,52,47,1,No,3,No
7808,Kabir,19,Male,Pune,B.Sc,5.5,80,11,59,53,2,No,1,No
7809,Aarav,19,Male,Mumbai,B.Tech,5.5,84,9,60,58,3,No,1,No
7810,Dhruv,22,Male,Delhi,B.Tech,7.5,81,14,67,67,4,Yes,0,Yes
7811,Diya,22,Female,Chennai,M.Tech,7.1,82,15,65,59,3,No,0,No
7812,Rahul,24,Male,Jaipur,MCA,4.2,74,8,52,42,1,No,2,No
7813,Rahul,21,Male,Chandigarh,BCA,5.9,77,11,64,57,3,Yes,0,Yes
7814,Neha,21,Female,Bangalore,B.Sc,5.7,75,9,57,59,3,Yes,0,Yes
7815,Krishna,21,Male,Pune,B.Tech,9.4,97,17,83,81,4,Yes,0,Yes
7816,Arjun,18,Male,Jaipur,B.Sc,6.9,81,10,71,60,4,No,1,No
7817,Aarav,21,Male,Bangalore,B.Sc,4.9,73,11,54,49,2,Yes,2,No
7818,Ananya,18,Female,Pune,B.Sc,5.3,75,8,48,47,1,Yes,4,No
7819,Aadhya,21,Female,Solan,BCA,5.9,84,8,60,61,3,Yes,2,Yes
7820,Kavya,21,Female,Chandigarh,BCA,7.0,82,12,70,71,2,Yes,0,Yes
7821,Vansh,22,Male,Mumbai,B.Tech,7.2,81,13,65,60,3,No,1,No
7822,Diya,24,Female,Pune,M.Tech,6.8,81,14,67,65,2,Yes,0,Yes
7823,Diya,22,Female,Jaipur,M.Tech,6.2,82,12,59,59,4,No,2,No
7824,Tara,24,Female,Gurugram,MCA,6.3,85,13,64,60,2,No,0,No
7825,Ishaan,23,Male,Jaipur,M.Tech,6.3,84,13,61,59,2,No,0,No
7826,Neha,22,Female,Noida,B.Sc,3.8,71,8,42,42,4,No,2,No
7827,Dhruv,22,Male,Chandigarh,B.Tech,6.4,81,10,61,60,4,No,0,No
7828,Ayaan,21,Male,Mumbai,B.Sc,5.6,86,11,66,61,2,No,1,No
7829,Simran,20,Female,Noida,B.Tech,4.0,77,5,52,49,1,No,2,No
7830,Reyansh,21,Male,Kolkata,BCA,10.0,94,20,96,91,4,Yes,0,Yes
7831,Simran,19,Female,Bangalore,B.Tech,7.0,78,14,64,65,3,Yes,0,Yes
7832,Arjun,22,Male,Hyderabad,BCA,6.5,81,11,69,63,3,Yes,1,No
7833,Vansh,22,Male,Chandigarh,B.Sc,5.9,77,11,68,65,2,No,1,No
7834,Riya,20,Female,Solan,B.Tech,7.6,84,12,76,70,5,Yes,1,Yes
7835,Simran,18,Female,Delhi,B.Tech,4.8,74,6,58,53,2,No,2,No
7836,Arjun,20,Male,Mumbai,B.Sc,6.0,80,12,62,58,1,No,0,No
7837,Rohan,19,Male,Kolkata,B.Sc,5.1,78,8,58,54,4,Yes,2,No
7838,Sanya,20,Female,Hyderabad,BCA,7.6,84,13,68,65,4,No,0,No
7839,Krishna,18,Male,Chennai,B.Tech,5.3,75,10,46,45,2,No,2,No
7840,Riya,19,Female,Hyderabad,BCA,8.2,88,14,77,75,4,Yes,0,Yes
7841,Isha,19,Female,Chandigarh,B.Sc,6.4,81,10,61,56,3,No,0,No
7842,Reyansh,18,Male,Jaipur,B.Sc,7.7,81,14,69,67,2,No,0,No
7843,Arjun,21,Male,Hyderabad,B.Tech,7.1,87,13,67,60,3,No,1,No
7844,Shaurya,23,Male,Jaipur,M.Tech,8.1,86,16,76,75,4,No,0,Yes
7845,Anushka,19,Female,Solan,B.Tech,5.1,77,13,56,54,3,No,2,No
7846,Rahul,20,Male,Jaipur,B.Tech,7.9,87,11,79,71,2,Yes,0,Yes
7847,Krishna,18,Male,Mumbai,BCA,3.7,73,5,45,40,2,No,3,No
7848,Arjun,22,Male,Mumbai,B.Tech,6.6,84,12,67,60,3,No,0,No
7849,Anushka,21,Female,Ahmedabad,M.Tech,5.7,76,12,58,51,3,No,2,No
7850,Aarav,20,Male,Shimla,B.Tech,4.4,76,8,51,47,1,No,2,No
7851,Shaurya,19,Male,Jaipur,B.Tech,5.2,77,11,56,50,3,No,2,No
7852,Anika,20,Female,Mumbai,BCA,5.5,83,8,67,60,2,No,0,Yes
7853,Diya,22,Female,Shimla,BCA,6.2,84,11,68,60,3,No,1,No
7854,Ananya,19,Female,Jaipur,B.Tech,5.7,84,12,60,55,2,No,0,No
7855,Dhruv,22,Male,Chandigarh,B.Tech,6.6,80,11,63,64,2,No,2,No
7856,Shaurya,21,Male,Jaipur,B.Tech,5.3,82,5,56,49,4,No,1,No
7857,Simran,18,Female,Ahmedabad,BCA,5.8,81,9,62,56,4,No,1,No
7858,Vivaan,21,Male,Mumbai,B.Sc,6.1,83,12,58,57,2,No,2,Yes
7859,Ananya,20,Female,Gurugram,B.Sc,6.8,86,12,68,64,2,No,0,No
7860,Simran,21,Female,Delhi,BCA,7.8,89,12,76,73,4,Yes,0,Yes
7861,Kabir,18,Male,Gurugram,BCA,7.8,84,13,70,69,4,Yes,0,No
7862,Priya,22,Female,Gurugram,MCA,6.9,87,10,69,61,3,No,2,No
7863,Anushka,22,Female,Gurugram,BCA,7.1,86,11,71,72,3,Yes,0,Yes
7864,Rohan,19,Male,Bangalore,B.Tech,7.0,80,11,60,60,2,Yes,1,No
7865,Anushka,21,Female,Jaipur,B.Sc,6.0,80,11,63,64,3,No,2,No
7866,Ishaan,20,Male,Kolkata,B.Sc,7.9,84,11,71,71,2,No,0,Yes
7867,Aarav,21,Male,Hyderabad,BCA,5.1,74,11,62,59,3,No,0,Yes
7868,Rahul,18,Male,Jaipur,B.Tech,3.4,74,6,47,43,2,No,3,No
7869,Aadhya,18,Female,Mumbai,B.Tech,4.9,73,7,50,51,2,No,1,No
7870,Sanya,23,Female,Delhi,MCA,8.6,86,14,70,71,4,Yes,0,No
7871,Aarav,19,Male,Pune,B.Tech,6.1,87,10,65,66,1,Yes,0,No
7872,Dhruv,18,Male,Pune,BCA,6.9,83,12,73,67,2,Yes,0,Yes
7873,Riya,18,Female,Noida,B.Tech,6.1,83,11,61,59,2,Yes,1,No
7874,Rohan,20,Male,Ahmedabad,B.Tech,7.3,89,13,73,72,2,No,0,No
7875,Diya,19,Female,Noida,B.Tech,6.6,85,11,70,75,4,Yes,0,Yes
7876,Reyansh,21,Male,Chandigarh,B.Tech,6.4,83,12,68,66,2,No,0,Yes
7877,Rahul,22,Male,Bangalore,B.Tech,7.4,86,10,71,67,3,No,0,Yes
7878,Reyansh,20,Male,Pune,B.Sc,5.8,82,9,59,57,4,No,0,No
7879,Kavya,19,Female,Gurugram,BCA,7.1,84,12,68,62,4,No,0,Yes
7880,Vivaan,22,Male,Kolkata,B.Sc,6.2,84,9,60,62,4,No,0,No
7881,Simran,20,Female,Delhi,B.Tech,6.3,81,11,60,49,4,No,2,No
7882,Krishna,24,Male,Noida,MCA,5.3,78,8,62,55,3,No,2,No
7883,Aarav,24,Male,Chandigarh,M.Tech,6.2,87,14,67,68,2,No,1,No
7884,Kabir,19,Male,Solan,B.Tech,5.7,79,8,61,59,1,Yes,2,Yes
7885,Riya,22,Female,Chandigarh,M.Tech,8.2,89,17,74,75,4,No,0,Yes
7886,Kavya,21,Female,Jaipur,B.Tech,4.0,75,5,55,43,1,No,4,No
7887,Vivaan,21,Male,Hyderabad,B.Sc,7.8,89,17,74,76,2,No,0,Yes
7888,Kabir,20,Male,Bangalore,B.Tech,3.9,75,8,50,41,2,No,1,No
7889,Ishaan,19,Male,Mumbai,BCA,7.3,82,14,74,67,3,No,0,No
7890,Aarav,22,Male,Delhi,BCA,5.2,79,7,55,55,1,No,0,No
7891,Ayaan,21,Male,Hyderabad,BCA,7.3,86,13,68,64,4,No,1,No
7892,Isha,22,Female,Solan,B.Sc,6.3,85,11,70,60,2,No,0,No
7893,Meera,19,Female,Chennai,BCA,4.4,78,8,56,46,4,No,3,No
7894,Vansh,19,Male,Kolkata,BCA,8.5,93,17,81,79,5,Yes,0,Yes
7895,Krishna,21,Male,Hyderabad,M.Tech,7.7,84,15,63,63,4,No,0,No
7896,Diya,24,Female,Kolkata,M.Tech,7.3,83,13,75,76,3,Yes,0,Yes
7897,Diya,22,Female,Delhi,M.Tech,5.5,80,11,57,54,3,No,2,No
7898,Arjun,22,Male,Chandigarh,MCA,7.7,90,16,72,66,4,No,0,No
7899,Ishaan,21,Male,Noida,B.Tech,4.6,75,7,52,42,2,No,1,No
7900,Rohan,18,Male,Bangalore,B.Tech,3.2,69,5,40,40,1,No,2,No
7901,Krishna,18,Male,Solan,B.Tech,4.2,70,11,54,48,3,No,3,No
7902,Vansh,21,Male,Shimla,M.Tech,5.1,79,9,58,54,2,No,2,No
7903,Arjun,18,Male,Noida,B.Tech,5.4,79,9,61,54,3,No,2,Yes
7904,Isha,20,Female,Mumbai,BCA,5.8,79,10,58,56,2,Yes,2,No
7905,Arjun,21,Male,Ahmedabad,B.Tech,5.9,83,12,67,64,1,Yes,0,Yes
7906,Reyansh,21,Male,Ahmedabad,B.Tech,5.5,79,11,65,58,3,Yes,2,Yes
7907,Rohan,21,Male,Ahmedabad,B.Tech,3.3,72,6,40,40,2,No,2,No
7908,Kavya,18,Female,Shimla,B.Sc,6.8,86,13,64,64,4,Yes,1,Yes
7909,Kavya,18,Female,Solan,B.Tech,6.1,88,11,62,58,2,No,0,No
7910,Vansh,19,Male,Ahmedabad,BCA,5.5,78,10,62,59,2,Yes,1,Yes
7911,Aarav,23,Male,Mumbai,MCA,8.6,87,15,79,78,4,No,0,Yes
7912,Aadhya,21,Female,Hyderabad,B.Sc,6.1,78,11,61,61,3,No,1,No
7913,Krishna,20,Male,Delhi,B.Tech,6.6,85,11,68,65,4,No,0,No
7914,Dhruv,24,Male,Pune,MCA,7.7,84,14,80,79,3,No,0,No
7915,Ayaan,18,Male,Pune,B.Sc,4.3,74,8,44,44,2,No,2,No
7916,Rohan,18,Male,Jaipur,B.Tech,6.5,82,10,64,57,4,Yes,1,No
7917,Vivaan,21,Male,Hyderabad,B.Sc,7.7,92,13,63,59,3,No,0,No
7918,Diya,22,Female,Bangalore,B.Sc,6.4,86,11,68,63,3,No,1,No
7919,Sanya,18,Female,Delhi,BCA,4.5,71,11,55,51,2,Yes,2,No
7920,Arjun,19,Male,Jaipur,B.Tech,5.8,85,10,62,55,3,No,0,No
7921,Simran,18,Female,Mumbai,BCA,6.8,80,13,69,67,4,No,0,No
7922,Reyansh,19,Male,Ahmedabad,B.Sc,3.3,72,9,40,40,1,No,2,No
7923,Aditya,20,Male,Chandigarh,B.Tech,4.5,73,6,54,48,1,Yes,3,No
7924,Meera,18,Female,Jaipur,B.Sc,9.5,92,15,94,88,5,Yes,0,Yes
7925,Simran,18,Female,Shimla,BCA,7.2,82,12,67,62,4,Yes,0,No
7926,Vivaan,20,Male,Solan,BCA,8.7,95,15,83,88,3,No,0,Yes
7927,Dhruv,19,Male,Kolkata,BCA,7.8,87,14,71,64,3,No,0,Yes
7928,Priya,22,Female,Chennai,B.Tech,7.1,86,12,71,64,3,Yes,2,Yes
7929,Aadhya,22,Female,Pune,MCA,6.0,78,9,66,68,3,No,1,No
7930,Aadhya,21,Female,Hyderabad,B.Sc,7.1,81,14,70,64,3,Yes,0,No
7931,Rohan,21,Male,Ahmedabad,B.Tech,8.7,89,15,79,76,4,No,0,Yes
7932,Rahul,21,Male,Pune,BCA,7.7,89,16,74,73,3,Yes,1,Yes
7933,Ishaan,20,Male,Delhi,B.Sc,6.8,83,11,62,62,1,No,1,No
7934,Vansh,22,Male,Delhi,MCA,6.2,85,14,69,64,3,No,0,Yes
7935,Meera,18,Female,Jaipur,B.Sc,7.2,86,10,73,73,3,No,0,Yes
7936,Kabir,21,Male,Hyderabad,BCA,5.7,80,10,55,50,1,No,1,No
7937,Rahul,22,Male,Delhi,M.Tech,7.2,87,11,72,69,3,No,0,No
7938,Meera,18,Female,Hyderabad,B.Sc,5.5,80,10,56,53,3,No,3,No
7939,Kabir,19,Male,Mumbai,B.Tech,6.0,84,9,62,56,3,No,1,No
7940,Rahul,20,Male,Shimla,BCA,5.0,79,6,60,54,2,No,2,No
7941,Ananya,21,Female,Kolkata,BCA,5.8,83,9,66,62,2,No,1,No
7942,Kavya,22,Female,Pune,B.Sc,5.5,81,12,63,59,3,Yes,0,Yes
7943,Riya,21,Female,Noida,B.Tech,9.0,96,15,82,84,5,Yes,0,Yes
7944,Ayaan,21,Male,Noida,BCA,5.2,81,10,60,54,3,No,1,No
7945,Sanya,20,Female,Ahmedabad,B.Tech,7.1,90,13,68,63,4,No,0,No
7946,Tara,18,Female,Pune,B.Tech,5.1,76,8,59,49,2,Yes,3,No
7947,Vansh,21,Male,Ahmedabad,BCA,6.6,86,15,67,62,2,No,1,No
7948,Ayaan,18,Male,Hyderabad,B.Sc,6.9,80,12,65,59,4,No,1,No
7949,Anushka,18,Female,Pune,BCA,3.7,76,7,46,40,2,No,3,No
7950,Rohan,20,Male,Solan,BCA,4.4,76,8,55,45,3,No,2,No
7951,Anushka,21,Female,Delhi,BCA,5.1,81,12,57,50,4,Yes,1,No
7952,Arjun,20,Male,Solan,BCA,4.5,81,6,53,53,2,No,2,No
7953,Aditya,20,Male,Jaipur,BCA,6.6,86,15,65,62,4,Yes,1,No
7954,Vivaan,22,Male,Ahmedabad,B.Tech,6.9,83,15,63,67,3,No,0,Yes
7955,Kavya,20,Female,Ahmedabad,B.Tech,4.9,74,9,55,51,3,Yes,2,Yes
7956,Aarav,25,Male,Pune,MCA,6.7,85,13,69,63,2,Yes,1,No
7957,Anika,18,Female,Pune,BCA,5.9,80,10,56,54,3,Yes,4,Yes
7958,Neha,18,Female,Mumbai,B.Sc,6.4,84,12,61,54,3,No,1,No
7959,Simran,19,Female,Delhi,BCA,5.6,78,11,53,50,3,Yes,3,Yes
7960,Aadhya,19,Female,Shimla,B.Tech,7.2,82,12,74,66,2,Yes,1,Yes
7961,Riya,18,Female,Jaipur,B.Sc,9.0,91,18,84,84,4,No,0,Yes
7962,Ishaan,21,Male,Gurugram,B.Tech,7.7,88,14,78,72,4,Yes,0,Yes
7963,Meera,22,Female,Delhi,M.Tech,8.6,90,16,85,80,3,No,0,Yes
7964,Ananya,20,Female,Noida,B.Tech,4.4,73,7,53,46,3,No,2,No
7965,Rahul,19,Male,Mumbai,BCA,5.5,85,12,61,59,4,No,1,No
7966,Shaurya,18,Male,Pune,B.Tech,7.3,85,13,71,65,3,No,1,No
7967,Kavya,24,Female,Solan,MCA,8.8,84,15,75,73,4,No,1,No
7968,Aarav,21,Male,Bangalore,M.Tech,7.5,89,12,70,69,3,Yes,0,Yes
7969,Aadhya,21,Female,Ahmedabad,B.Tech,5.0,77,9,54,53,4,No,4,No
7970,Vansh,19,Male,Jaipur,B.Tech,5.8,80,9,60,57,3,No,1,No
7971,Reyansh,20,Male,Ahmedabad,B.Tech,7.0,84,13,62,68,3,Yes,0,Yes
7972,Kavya,20,Female,Kolkata,B.Sc,6.3,81,13,59,55,2,No,0,Yes
7973,Reyansh,18,Male,Jaipur,B.Tech,5.3,84,9,55,45,2,No,2,No
7974,Aditya,21,Male,Ahmedabad,BCA,6.1,83,11,58,58,2,No,1,No
7975,Anika,19,Female,Gurugram,B.Tech,6.5,84,14,69,64,3,No,1,No
7976,Krishna,21,Male,Delhi,B.Sc,4.9,76,9,54,51,2,No,2,No
7977,Simran,21,Female,Gurugram,BCA,8.0,93,14,76,76,5,Yes,0,Yes
7978,Sanya,21,Female,Chennai,B.Sc,5.8,83,10,64,54,1,No,1,No
7979,Kavya,19,Female,Shimla,B.Sc,6.4,85,11,69,63,3,No,1,No
7980,Dhruv,21,Male,Solan,B.Tech,8.1,89,14,78,77,4,No,0,Yes
7981,Arjun,20,Male,Noida,BCA,6.3,85,10,72,66,1,No,0,No
7982,Anika,18,Female,Kolkata,B.Sc,8.0,89,15,76,73,3,Yes,0,Yes
7983,Neha,22,Female,Bangalore,BCA,5.0,76,9,56,53,2,No,1,No
7984,Diya,21,Female,Gurugram,B.Tech,7.1,86,14,67,68,4,No,0,Yes
7985,Diya,20,Female,Bangalore,B.Sc,7.8,94,16,69,63,3,Yes,0,No
7986,Shaurya,23,Male,Gurugram,M.Tech,5.3,79,8,58,58,2,No,2,No
7987,Rohan,21,Male,Chandigarh,M.Tech,6.2,86,10,69,59,2,No,2,No
7988,Rohan,18,Male,Ahmedabad,B.Sc,6.3,86,12,63,62,3,No,0,Yes
7989,Vansh,22,Male,Gurugram,BCA,6.8,85,12,66,62,3,Yes,0,No
7990,Ishaan,22,Male,Mumbai,B.Tech,7.2,90,13,76,75,3,Yes,0,Yes
7991,Kavya,22,Female,Mumbai,B.Tech,5.1,71,9,54,52,2,No,2,No
7992,Shaurya,19,Male,Pune,BCA,6.4,77,10,59,60,4,Yes,2,No
7993,Ayaan,19,Male,Solan,B.Tech,8.9,96,17,79,79,4,Yes,0,No
7994,Aditya,20,Male,Ahmedabad,B.Tech,8.1,86,15,78,74,3,No,0,Yes
7995,Anika,21,Female,Hyderabad,MCA,7.7,87,12,73,68,4,No,0,No
7996,Priya,24,Female,Delhi,M.Tech,6.2,87,11,65,57,2,No,0,No
7997,Anika,21,Female,Ahmedabad,M.Tech,9.7,95,17,81,81,4,No,0,Yes
7998,Meera,19,Female,Solan,B.Tech,8.0,93,16,79,78,5,No,0,Yes
7999,Ishaan,23,Male,Chennai,MCA,6.6,82,14,70,62,3,No,1,No
8000,Priya,21,Female,Delhi,B.Tech,6.8,86,12,67,68,3,No,0,No
8001,Ayaan,22,Male,Kolkata,BCA,5.8,80,8,63,55,3,Yes,1,Yes
8002,Rohan,22,Male,Jaipur,B.Sc,7.1,89,14,69,66,2,Yes,1,Yes
8003,Diya,19,Female,Gurugram,BCA,7.4,85,17,73,71,4,No,0,Yes
8004,Riya,23,Female,Shimla,M.Tech,7.6,84,15,74,74,2,No,0,Yes
8005,Rohan,18,Male,Chennai,B.Tech,6.2,80,11,61,57,3,Yes,0,No
8006,Ayaan,19,Male,Delhi,BCA,4.3,74,8,43,42,1,No,3,No
8007,Anika,18,Female,Chennai,B.Tech,6.9,82,14,64,63,3,Yes,1,No
8008,Ayaan,24,Male,Jaipur,MCA,7.6,85,14,73,70,5,Yes,0,Yes
8009,Reyansh,18,Male,Solan,BCA,5.0,81,11,61,51,1,No,2,No
8010,Aarav,21,Male,Delhi,B.Sc,6.4,87,10,64,62,2,No,2,No
8011,Vansh,20,Male,Mumbai,B.Sc,8.5,91,15,84,80,5,No,0,Yes
8012,Riya,19,Female,Solan,B.Sc,4.7,75,9,59,51,2,Yes,2,No
8013,Ishaan,18,Male,Noida,BCA,6.1,80,12,65,61,3,No,1,No
8014,Rahul,20,Male,Gurugram,B.Tech,8.7,84,15,73,76,4,Yes,0,Yes
8015,Krishna,20,Male,Kolkata,B.Sc,6.7,85,11,70,60,3,No,1,Yes
8016,Anika,21,Female,Hyderabad,M.Tech,5.7,78,9,58,53,2,No,2,No
8017,Ayaan,25,Male,Jaipur,MCA,6.5,87,11,65,59,3,No,0,No
8018,Arjun,22,Male,Chennai,B.Tech,7.7,83,15,74,69,3,No,0,No
8019,Rahul,21,Male,Hyderabad,B.Tech,6.2,80,11,65,58,4,No,1,No
8020,Priya,20,Female,Jaipur,BCA,7.4,86,15,73,73,3,Yes,0,Yes
8021,Riya,19,Female,Noida,B.Sc,6.9,86,11,72,68,4,Yes,0,No
8022,Kavya,19,Female,Kolkata,B.Tech,7.0,90,12,71,64,4,No,0,No
8023,Aadhya,20,Female,Mumbai,B.Sc,7.5,82,15,65,66,3,No,0,No
8024,Kavya,25,Female,Pune,M.Tech,6.1,80,11,71,65,2,No,0,Yes
8025,Riya,20,Female,Hyderabad,BCA,5.1,74,8,54,49,2,No,4,No
8026,Vansh,21,Male,Solan,B.Tech,7.2,88,15,68,62,3,Yes,2,No
8027,Krishna,23,Male,Chandigarh,MCA,6.3,80,11,59,54,2,No,3,No
8028,Riya,18,Female,Hyderabad,BCA,5.8,80,13,62,53,3,No,1,No
8029,Dhruv,22,Male,Gurugram,BCA,7.3,85,13,71,75,4,No,0,Yes
8030,Rohan,18,Male,Jaipur,BCA,8.4,90,17,78,71,5,Yes,0,Yes
8031,Isha,18,Female,Mumbai,BCA,6.3,82,11,70,60,2,Yes,1,Yes
8032,Shaurya,20,Male,Shimla,B.Sc,6.5,80,11,67,63,1,No,2,No
8033,Neha,20,Female,Noida,BCA,4.7,77,9,50,41,2,No,1,No
8034,Isha,19,Female,Ahmedabad,B.Tech,6.2,79,9,71,61,4,No,1,No
8035,Aarav,18,Male,Solan,B.Sc,6.8,86,9,62,61,3,No,2,No
8036,Simran,20,Female,Solan,B.Tech,6.5,83,11,65,62,4,Yes,2,Yes
8037,Rahul,19,Male,Shimla,B.Tech,6.0,78,9,58,57,2,Yes,0,Yes
8038,Dhruv,18,Male,Chandigarh,B.Sc,7.6,94,10,77,75,4,No,0,Yes
8039,Sanya,22,Female,Chandigarh,MCA,6.6,88,13,71,66,3,No,0,Yes
8040,Riya,22,Female,Solan,B.Tech,10.0,100,17,88,86,3,Yes,0,Yes
8041,Diya,21,Female,Ahmedabad,B.Tech,6.8,83,12,71,68,3,No,0,No
8042,Vivaan,18,Male,Hyderabad,B.Sc,3.0,68,6,43,40,2,No,1,No
8043,Aadhya,20,Female,Noida,B.Sc,4.8,79,9,61,55,2,No,0,No
8044,Aarav,22,Male,Bangalore,BCA,7.3,89,14,76,69,3,Yes,1,No
8045,Priya,19,Female,Noida,B.Tech,5.5,80,10,58,56,2,No,2,No
8046,Aditya,21,Male,Delhi,B.Tech,5.6,73,11,61,58,3,No,0,No
8047,Neha,18,Female,Chennai,B.Sc,4.6,73,8,50,42,1,No,1,No
8048,Rahul,21,Male,Shimla,BCA,5.8,82,9,64,58,2,No,1,Yes
8049,Dhruv,25,Male,Hyderabad,MCA,6.8,82,9,69,67,2,No,0,No
8050,Rahul,21,Male,Gurugram,BCA,7.1,81,14,66,68,4,Yes,0,No
8051,Anika,18,Female,Hyderabad,B.Sc,5.0,77,8,48,44,3,No,1,No
8052,Riya,25,Female,Bangalore,M.Tech,7.7,77,17,75,68,4,No,0,No
8053,Priya,19,Female,Noida,B.Tech,4.7,75,10,55,51,2,No,3,No
8054,Vivaan,18,Male,Mumbai,BCA,7.2,84,14,70,66,2,No,0,No
8055,Arjun,21,Male,Hyderabad,B.Tech,7.0,85,14,69,67,2,Yes,0,Yes
8056,Aditya,18,Male,Solan,BCA,5.1,79,10,61,55,2,Yes,0,No
8057,Neha,22,Female,Chennai,B.Tech,4.9,78,10,64,56,2,No,0,No
8058,Ayaan,21,Male,Kolkata,B.Tech,7.1,88,14,74,68,3,No,0,No
8059,Ananya,22,Female,Chandigarh,M.Tech,5.7,79,11,62,60,1,No,1,No
8060,Tara,20,Female,Chandigarh,B.Sc,6.2,77,10,63,57,4,No,0,No
8061,Aadhya,22,Female,Kolkata,MCA,7.5,86,12,73,71,3,No,1,Yes
8062,Meera,18,Female,Noida,BCA,7.2,83,14,65,65,1,No,0,No
8063,Isha,20,Female,Chandigarh,BCA,5.1,74,11,57,51,3,No,2,No
8064,Simran,22,Female,Shimla,B.Tech,6.4,84,11,60,61,2,No,1,No
8065,Vivaan,21,Male,Ahmedabad,BCA,5.1,74,9,57,51,3,No,1,No
8066,Aadhya,21,Female,Kolkata,BCA,7.8,89,12,73,78,2,Yes,0,Yes
8067,Krishna,22,Male,Shimla,B.Tech,8.8,87,15,82,81,4,Yes,0,Yes
8068,Arjun,18,Male,Solan,B.Sc,5.2,77,8,58,57,2,No,2,No
8069,Vivaan,19,Male,Mumbai,B.Tech,6.5,81,10,63,63,3,Yes,2,No
8070,Krishna,20,Male,Jaipur,BCA,7.9,91,14,72,75,3,Yes,0,Yes
8071,Reyansh,22,Male,Noida,BCA,6.5,85,12,72,66,3,No,0,Yes
8072,Aditya,21,Male,Kolkata,M.Tech,7.3,83,14,69,70,3,No,1,No
8073,Priya,18,Female,Hyderabad,B.Tech,6.6,83,13,73,71,2,No,0,Yes
8074,Vansh,20,Male,Shimla,BCA,4.9,81,8,52,49,3,No,3,No
8075,Vivaan,22,Male,Chandigarh,BCA,6.7,88,9,68,62,5,Yes,0,Yes
8076,Rahul,19,Male,Shimla,B.Tech,8.2,85,13,66,74,3,No,1,No
8077,Tara,19,Female,Noida,B.Sc,7.0,88,12,73,68,3,No,0,No
8078,Ananya,22,Female,Noida,B.Tech,8.9,95,17,86,83,4,No,0,No
8079,Diya,21,Female,Pune,B.Tech,3.8,74,8,46,42,2,No,2,No
8080,Sanya,19,Female,Delhi,B.Tech,7.1,85,13,67,63,2,No,1,No
8081,Arjun,24,Male,Chennai,MCA,5.5,78,11,57,54,2,No,2,No
8082,Priya,22,Female,Chennai,B.Tech,5.2,74,13,55,52,1,No,2,No
8083,Kabir,18,Male,Mumbai,BCA,8.5,91,15,77,76,3,Yes,0,Yes
8084,Kabir,22,Male,Hyderabad,B.Tech,6.1,81,11,67,61,4,No,0,No
8085,Riya,18,Female,Solan,B.Tech,6.0,82,10,61,57,1,No,2,No
8086,Rohan,22,Male,Kolkata,B.Tech,7.0,86,13,62,61,3,Yes,0,No
8087,Isha,21,Female,Noida,BCA,3.3,79,8,47,42,1,No,2,No
8088,Meera,21,Female,Bangalore,B.Tech,8.5,93,15,78,77,4,Yes,0,Yes
8089,Arjun,22,Male,Chandigarh,B.Tech,9.4,95,16,80,84,3,Yes,0,Yes
8090,Kabir,21,Male,Chandigarh,MCA,7.9,81,13,73,70,3,Yes,0,Yes
8091,Dhruv,22,Male,Noida,BCA,7.1,86,11,62,65,4,Yes,0,No
8092,Sanya,18,Female,Pune,B.Tech,6.2,86,11,67,65,2,Yes,0,Yes
8093,Priya,21,Female,Chandigarh,BCA,4.9,76,9,55,49,3,No,2,No
8094,Vivaan,20,Male,Hyderabad,B.Tech,8.3,96,15,78,74,2,No,0,Yes
8095,Vivaan,19,Male,Chandigarh,BCA,7.9,89,17,71,72,4,No,1,No
8096,Meera,21,Female,Hyderabad,B.Tech,7.2,86,14,65,59,3,No,2,No
8097,Anika,22,Female,Ahmedabad,B.Tech,7.0,82,11,71,66,2,Yes,0,Yes
8098,Ayaan,22,Male,Pune,B.Tech,7.0,89,14,69,67,4,No,0,No
8099,Ayaan,18,Male,Kolkata,B.Tech,5.7,77,10,53,51,2,No,1,No
8100,Tara,22,Female,Kolkata,MCA,10.0,93,18,87,84,5,Yes,0,Yes
8101,Ishaan,21,Male,Chandigarh,B.Tech,6.1,76,11,60,58,2,No,0,No
8102,Vansh,19,Male,Jaipur,B.Tech,5.9,83,10,68,58,2,No,0,No
8103,Aadhya,19,Female,Delhi,BCA,8.2,90,15,75,74,4,No,0,No
8104,Aadhya,21,Female,Gurugram,BCA,6.5,83,15,70,64,5,Yes,1,No
8105,Kabir,18,Male,Ahmedabad,B.Tech,6.5,85,11,66,62,2,Yes,0,No
8106,Shaurya,18,Male,Jaipur,B.Tech,8.6,92,16,75,73,5,Yes,0,Yes
8107,Aarav,18,Male,Chennai,B.Tech,7.5,85,14,73,72,4,No,0,Yes
8108,Dhruv,20,Male,Mumbai,B.Tech,7.6,84,13,76,72,4,No,0,Yes
8109,Priya,19,Female,Shimla,B.Tech,4.4,70,7,54,46,3,No,3,No
8110,Rahul,20,Male,Pune,B.Tech,7.1,84,14,70,66,3,No,0,No
8111,Tara,18,Female,Bangalore,B.Sc,5.0,74,8,59,58,1,Yes,0,Yes
8112,Sanya,24,Female,Ahmedabad,M.Tech,5.8,81,9,62,59,2,No,0,Yes
8113,Aarav,19,Male,Kolkata,B.Sc,6.8,83,15,68,68,3,Yes,0,Yes
8114,Arjun,21,Male,Gurugram,BCA,6.4,81,10,59,53,3,No,2,No
8115,Aditya,22,Male,Jaipur,B.Sc,7.5,89,15,74,70,3,Yes,1,Yes
8116,Sanya,19,Female,Mumbai,BCA,7.7,84,14,78,71,3,Yes,0,Yes
8117,Tara,24,Female,Noida,MCA,7.8,82,12,65,65,3,No,0,Yes
8118,Dhruv,18,Male,Shimla,B.Sc,4.5,75,8,47,42,3,No,2,No
8119,Meera,20,Female,Delhi,B.Sc,10.0,93,18,86,90,4,Yes,0,Yes
8120,Anushka,21,Female,Pune,B.Tech,6.5,83,9,60,61,3,No,0,No
8121,Tara,22,Female,Shimla,BCA,8.3,86,16,79,74,4,No,0,No
8122,Shaurya,18,Male,Jaipur,B.Tech,3.0,72,6,40,40,1,No,1,No
8123,Sanya,22,Female,Mumbai,B.Tech,6.1,78,10,64,61,3,No,1,No
8124,Priya,20,Female,Jaipur,B.Tech,4.3,72,8,54,50,3,No,1,No
8125,Reyansh,22,Male,Mumbai,BCA,5.2,80,10,61,58,2,Yes,1,No
8126,Ishaan,21,Male,Chennai,BCA,6.6,83,14,66,65,2,Yes,0,Yes
8127,Arjun,24,Male,Jaipur,M.Tech,6.0,77,9,63,64,2,Yes,0,Yes
8128,Dhruv,18,Male,Noida,B.Tech,8.5,87,15,73,75,3,Yes,0,Yes
8129,Shaurya,20,Male,Noida,B.Tech,9.2,91,18,83,81,5,Yes,0,Yes
8130,Ananya,23,Female,Delhi,MCA,5.0,74,10,52,46,2,No,1,No
8131,Kabir,22,Male,Noida,M.Tech,5.8,79,7,64,55,1,No,0,Yes
8132,Ishaan,19,Male,Mumbai,BCA,5.0,77,6,59,49,3,No,3,No
8133,Kavya,21,Female,Solan,B.Tech,8.2,86,15,72,74,4,No,0,Yes
8134,Rohan,22,Male,Delhi,BCA,6.7,85,15,69,70,3,Yes,0,Yes
8135,Kabir,22,Male,Ahmedabad,B.Tech,6.5,80,11,66,63,3,No,1,No
8136,Neha,21,Female,Solan,MCA,7.0,88,14,68,71,2,No,0,Yes
8137,Simran,20,Female,Solan,B.Sc,6.0,80,11,62,58,2,No,2,No
8138,Diya,21,Female,Pune,B.Tech,5.2,76,10,58,55,2,No,1,No
8139,Ananya,25,Female,Mumbai,MCA,6.6,85,13,65,57,3,Yes,1,No
8140,Rohan,19,Male,Mumbai,B.Sc,6.1,81,12,59,59,3,No,1,No
8141,Kavya,24,Female,Ahmedabad,M.Tech,7.0,87,14,71,65,5,No,0,No
8142,Krishna,21,Male,Bangalore,M.Tech,4.1,68,6,54,49,3,No,2,No
8143,Meera,21,Female,Gurugram,B.Tech,6.8,85,12,67,68,1,Yes,0,No
8144,Dhruv,22,Male,Chennai,B.Tech,5.5,78,11,57,54,2,No,3,Yes
8145,Diya,18,Female,Noida,BCA,6.7,84,13,64,63,1,No,1,No
8146,Tara,22,Female,Hyderabad,M.Tech,7.9,87,15,79,75,4,Yes,0,Yes
8147,Anushka,22,Female,Chandigarh,M.Tech,5.7,84,8,66,61,2,No,2,No
8148,Ishaan,22,Male,Noida,BCA,8.3,83,17,74,79,4,Yes,0,Yes
8149,Rahul,18,Male,Noida,B.Tech,3.9,78,5,48,42,2,No,1,Yes
8150,Isha,19,Female,Jaipur,B.Tech,8.8,93,15,78,78,4,Yes,0,Yes
8151,Sanya,18,Female,Chandigarh,B.Sc,8.4,90,15,75,69,3,Yes,0,No
8152,Vansh,21,Male,Hyderabad,BCA,5.2,74,9,54,52,2,Yes,1,No
8153,Neha,20,Female,Shimla,BCA,5.2,73,11,53,48,2,No,4,No
8154,Priya,20,Female,Gurugram,BCA,4.3,73,6,48,43,2,No,2,No
8155,Vansh,20,Male,Noida,B.Sc,7.9,90,14,80,77,4,Yes,0,Yes
8156,Meera,22,Female,Pune,MCA,6.0,81,8,69,58,3,No,1,No
8157,Shaurya,22,Male,Delhi,B.Tech,5.9,82,11,58,57,3,No,1,No
8158,Vansh,20,Male,Delhi,B.Tech,4.8,72,8,51,48,3,No,2,No
8159,Ayaan,22,Male,Kolkata,B.Sc,9.2,92,15,79,82,5,Yes,0,Yes
8160,Aadhya,23,Female,Ahmedabad,MCA,5.0,81,11,59,51,1,No,1,No
8161,Anushka,21,Female,Bangalore,B.Tech,6.5,87,13,66,66,2,No,0,No
8162,Shaurya,20,Male,Solan,B.Tech,6.8,80,12,62,62,3,Yes,0,No
8163,Neha,22,Female,Mumbai,B.Tech,5.9,80,12,68,59,2,No,1,No
8164,Ananya,19,Female,Mumbai,B.Tech,5.6,79,10,62,53,3,No,3,No
8165,Priya,21,Female,Pune,B.Tech,5.9,79,12,57,53,3,No,3,No
8166,Krishna,22,Male,Bangalore,BCA,7.3,88,14,78,75,4,Yes,0,Yes
8167,Meera,18,Female,Ahmedabad,B.Tech,6.0,90,9,61,59,1,No,0,No
8168,Rahul,20,Male,Gurugram,B.Sc,8.9,88,17,82,74,4,Yes,1,Yes
8169,Kabir,21,Male,Noida,B.Tech,5.3,80,10,68,58,4,Yes,1,No
8170,Aditya,19,Male,Jaipur,B.Tech,7.6,87,12,72,70,4,No,0,No
8171,Kabir,18,Male,Chandigarh,BCA,3.9,75,5,48,48,2,No,1,No
8172,Sanya,20,Female,Chandigarh,BCA,5.3,83,10,60,58,3,No,0,No
8173,Aditya,21,Male,Noida,B.Tech,5.3,80,9,67,58,2,Yes,1,Yes
8174,Kavya,25,Female,Solan,MCA,4.8,70,6,58,52,2,No,2,No
8175,Reyansh,20,Male,Hyderabad,B.Tech,6.9,80,13,65,59,3,No,2,No
8176,Aarav,21,Male,Shimla,BCA,6.3,79,13,64,53,2,No,4,No
8177,Diya,20,Female,Ahmedabad,BCA,3.1,69,5,47,40,2,No,1,No
8178,Aadhya,24,Female,Jaipur,MCA,9.5,93,17,83,86,4,Yes,0,Yes
8179,Kabir,22,Male,Bangalore,BCA,6.8,83,15,63,62,4,Yes,1,No
8180,Vansh,20,Male,Jaipur,BCA,6.5,77,10,68,61,3,No,0,Yes
8181,Aarav,21,Male,Pune,BCA,8.5,85,18,79,80,4,Yes,0,Yes
8182,Vansh,18,Male,Mumbai,B.Tech,8.0,82,14,74,78,4,No,0,Yes
8183,Priya,19,Female,Kolkata,B.Sc,6.1,77,11,66,56,3,No,0,No
8184,Anika,21,Female,Chennai,B.Tech,3.6,76,5,44,40,3,No,2,No
8185,Dhruv,24,Male,Noida,MCA,7.3,85,11,70,66,4,No,0,Yes
8186,Priya,21,Female,Bangalore,B.Tech,5.1,75,8,66,58,2,No,1,No
8187,Sanya,23,Female,Chennai,M.Tech,8.4,84,16,78,75,4,No,0,Yes
8188,Arjun,19,Male,Chennai,B.Tech,5.3,76,13,59,62,1,No,1,No
8189,Ayaan,23,Male,Bangalore,MCA,5.8,82,14,62,57,4,No,2,No
8190,Aadhya,21,Female,Ahmedabad,BCA,4.5,77,8,46,44,1,No,2,No
8191,Anika,21,Female,Mumbai,B.Tech,4.6,75,8,50,47,1,No,2,No
8192,Vansh,19,Male,Kolkata,B.Tech,6.3,81,10,68,59,4,Yes,1,Yes
8193,Dhruv,21,Male,Delhi,MCA,6.2,76,13,59,58,2,No,0,No
8194,Vansh,20,Male,Bangalore,B.Tech,5.8,78,9,60,52,2,No,1,No
8195,Neha,18,Female,Gurugram,B.Tech,9.6,95,17,87,91,5,Yes,0,Yes
8196,Sanya,21,Female,Jaipur,B.Tech,7.4,84,14,67,69,3,Yes,0,No
8197,Kabir,24,Male,Mumbai,M.Tech,6.5,88,12,63,59,2,No,1,No
8198,Meera,22,Female,Chandigarh,B.Tech,3.0,74,5,45,40,2,No,2,No
8199,Neha,22,Female,Hyderabad,B.Tech,7.7,86,14,71,73,4,Yes,0,Yes
8200,Isha,21,Female,Hyderabad,M.Tech,10.0,94,17,89,89,5,No,0,Yes
8201,Arjun,25,Male,Pune,MCA,6.2,88,10,60,53,3,Yes,2,No
8202,Vansh,19,Male,Noida,B.Tech,5.3,81,8,57,53,3,No,4,No
8203,Ayaan,21,Male,Noida,MCA,6.7,84,10,70,69,4,No,1,No
8204,Rahul,22,Male,Chennai,B.Tech,4.4,76,8,64,47,2,No,2,No
8205,Anushka,22,Female,Ahmedabad,B.Tech,7.2,86,13,71,68,5,No,1,No
8206,Reyansh,22,Male,Delhi,MCA,8.8,91,14,83,78,4,No,0,Yes
8207,Krishna,19,Male,Solan,B.Sc,5.5,76,8,60,59,4,Yes,0,Yes
8208,Vansh,18,Male,Chennai,B.Tech,5.5,78,8,60,54,2,No,2,No
8209,Dhruv,20,Male,Bangalore,B.Tech,6.4,78,11,66,60,4,No,1,No
8210,Meera,19,Female,Hyderabad,B.Tech,5.7,82,12,57,57,3,No,1,Yes
8211,Krishna,22,Male,Pune,B.Sc,4.2,74,7,49,41,3,No,3,No
8212,Rahul,21,Male,Noida,M.Tech,5.9,83,11,64,59,2,Yes,1,No
8213,Ayaan,20,Male,Hyderabad,B.Tech,5.6,76,12,55,53,2,No,2,No
8214,Vivaan,21,Male,Hyderabad,MCA,8.5,94,16,82,78,5,No,0,Yes
8215,Reyansh,22,Male,Noida,B.Tech,8.2,93,14,71,67,4,No,0,No
8216,Sanya,20,Female,Pune,B.Sc,8.6,85,15,80,75,5,Yes,0,Yes
8217,Meera,20,Female,Chandigarh,B.Tech,7.7,85,14,72,70,2,Yes,1,No
8218,Riya,19,Female,Gurugram,BCA,6.8,83,15,70,60,2,Yes,1,No
8219,Meera,21,Female,Pune,B.Tech,5.2,74,7,60,54,2,No,1,No
8220,Sanya,25,Female,Delhi,M.Tech,8.5,89,17,84,79,5,No,0,No
8221,Kavya,21,Female,Chennai,B.Tech,7.0,86,10,70,68,4,No,0,Yes
8222,Reyansh,22,Male,Shimla,BCA,4.6,75,9,46,46,2,No,2,No
8223,Aditya,21,Male,Pune,MCA,5.1,73,9,48,43,3,No,1,No
8224,Kabir,21,Male,Pune,BCA,4.6,78,11,49,44,2,No,2,No
8225,Kavya,20,Female,Shimla,B.Tech,3.4,70,7,48,40,1,No,1,No
8226,Riya,19,Female,Delhi,BCA,7.1,83,14,63,61,3,No,2,No
8227,Meera,25,Female,Gurugram,MCA,4.6,81,7,54,48,1,Yes,1,Yes
8228,Rohan,19,Male,Jaipur,BCA,5.4,80,12,57,56,2,No,2,No
8229,Ananya,22,Female,Shimla,B.Tech,6.6,81,16,67,62,3,No,0,Yes
8230,Ayaan,20,Male,Mumbai,BCA,6.2,78,14,65,63,4,No,1,No
8231,Rohan,23,Male,Shimla,M.Tech,5.4,82,8,60,56,3,No,1,Yes
8232,Aarav,20,Male,Jaipur,B.Tech,8.8,93,16,84,85,4,No,0,No
8233,Kabir,20,Male,Jaipur,BCA,4.2,73,6,46,41,2,No,3,No
8234,Sanya,20,Female,Solan,B.Sc,4.3,71,7,54,45,1,No,1,No
8235,Rahul,19,Male,Mumbai,B.Tech,7.2,86,13,71,68,5,No,0,No
8236,Arjun,18,Male,Pune,B.Tech,5.6,81,11,63,53,3,Yes,1,No
8237,Meera,24,Female,Chandigarh,M.Tech,5.5,78,11,57,54,1,Yes,2,No
8238,Priya,19,Female,Bangalore,B.Tech,4.9,74,6,46,46,2,No,2,No
8239,Ananya,21,Female,Kolkata,B.Sc,7.0,85,13,72,71,5,No,1,No
8240,Aarav,21,Male,Noida,MCA,6.8,85,13,67,65,3,Yes,0,Yes
8241,Ananya,22,Female,Solan,B.Tech,6.7,82,13,71,66,3,Yes,0,Yes
8242,Meera,18,Female,Kolkata,B.Tech,5.6,80,11,62,63,3,Yes,0,Yes
8243,Aarav,21,Male,Shimla,MCA,5.4,80,10,71,61,1,Yes,1,No
8244,Anushka,22,Female,Kolkata,B.Sc,6.3,85,11,71,61,2,No,0,No
8245,Reyansh,21,Male,Delhi,B.Tech,7.9,86,15,73,71,2,Yes,0,No
8246,Ayaan,20,Male,Shimla,B.Tech,8.9,88,20,73,71,4,No,0,Yes
8247,Diya,22,Female,Chennai,B.Sc,8.2,88,17,73,69,5,Yes,0,Yes
8248,Sanya,22,Female,Gurugram,BCA,7.3,91,14,69,68,4,Yes,0,No
8249,Rahul,18,Male,Delhi,BCA,8.0,83,15,71,67,4,No,0,Yes
8250,Sanya,25,Female,Ahmedabad,M.Tech,4.7,70,9,51,45,2,No,1,No
8251,Simran,19,Female,Noida,BCA,5.4,79,10,60,51,3,No,2,No
8252,Tara,23,Female,Kolkata,MCA,7.3,84,15,76,72,3,Yes,1,Yes
8253,Kabir,18,Male,Jaipur,B.Sc,6.3,81,10,60,56,3,No,0,No
8254,Simran,21,Female,Jaipur,B.Tech,7.0,84,12,63,64,4,No,1,Yes
8255,Vansh,21,Male,Gurugram,B.Sc,8.0,91,12,80,77,4,No,0,Yes
8256,Meera,21,Female,Pune,BCA,7.7,87,15,79,70,4,No,0,Yes
8257,Reyansh,21,Male,Kolkata,B.Tech,4.9,80,10,55,53,2,No,3,No
8258,Ishaan,21,Male,Chennai,B.Tech,6.5,75,13,67,62,4,No,0,Yes
8259,Kavya,18,Female,Chennai,BCA,5.1,76,9,59,50,3,No,3,No
8260,Shaurya,19,Male,Noida,B.Sc,5.3,76,9,50,50,2,No,2,No
8261,Reyansh,22,Male,Chandigarh,M.Tech,3.9,67,7,44,45,1,No,3,No
8262,Dhruv,24,Male,Pune,MCA,6.7,84,14,65,62,3,No,1,No
8263,Diya,19,Female,Bangalore,B.Tech,3.8,73,8,56,42,2,No,2,No
8264,Vivaan,20,Male,Solan,B.Sc,7.1,83,11,71,70,5,Yes,0,Yes
8265,Simran,19,Female,Kolkata,B.Tech,8.5,89,14,76,80,3,Yes,0,Yes
8266,Reyansh,22,Male,Shimla,B.Tech,7.3,86,14,68,63,3,No,0,No
8267,Aditya,21,Male,Chandigarh,B.Tech,6.6,86,10,61,57,4,No,1,No
8268,Kabir,22,Male,Noida,BCA,8.8,93,17,85,82,4,Yes,0,Yes
8269,Kabir,22,Male,Chennai,B.Tech,7.0,85,12,71,61,3,No,0,No
8270,Krishna,21,Male,Chandigarh,BCA,5.2,85,10,62,62,3,No,0,Yes
8271,Vivaan,18,Male,Mumbai,B.Tech,6.7,81,12,61,60,2,Yes,2,No
8272,Neha,19,Female,Delhi,B.Tech,9.4,89,17,86,85,5,Yes,0,Yes
8273,Riya,23,Female,Chandigarh,M.Tech,4.9,81,7,56,52,2,No,1,No
8274,Dhruv,21,Male,Jaipur,M.Tech,4.4,81,7,51,45,2,No,3,No
8275,Ayaan,20,Male,Ahmedabad,B.Sc,7.4,84,13,73,68,4,Yes,0,No
8276,Anika,21,Female,Bangalore,BCA,6.2,86,11,61,55,3,No,0,No
8277,Aditya,19,Male,Mumbai,B.Sc,5.7,78,11,60,52,3,No,3,No
8278,Aditya,18,Male,Jaipur,B.Sc,4.6,78,7,53,49,2,Yes,3,No
8279,Isha,21,Female,Noida,B.Sc,3.6,75,6,52,48,1,No,1,No
8280,Meera,18,Female,Solan,B.Tech,4.3,73,10,54,50,3,Yes,3,No
8281,Sanya,22,Female,Ahmedabad,B.Tech,8.9,97,17,84,81,4,Yes,0,Yes
8282,Aditya,19,Male,Shimla,B.Tech,6.5,89,12,69,64,3,Yes,0,No
8283,Kabir,19,Male,Gurugram,BCA,3.6,70,5,48,46,2,No,1,No
8284,Aadhya,21,Female,Delhi,B.Tech,8.3,90,13,77,73,5,Yes,0,Yes
8285,Kabir,21,Male,Ahmedabad,B.Sc,8.4,92,16,76,70,4,No,1,Yes
8286,Aarav,21,Male,Noida,B.Sc,8.3,83,16,73,74,4,Yes,0,Yes
8287,Anushka,19,Female,Delhi,B.Tech,5.9,81,8,57,57,1,No,1,No
8288,Aditya,22,Male,Shimla,B.Tech,6.1,76,12,65,53,2,No,3,No
8289,Priya,19,Female,Ahmedabad,B.Sc,6.7,85,11,69,66,3,Yes,0,No
8290,Kavya,21,Female,Noida,B.Tech,8.6,90,15,77,73,4,No,1,No
8291,Kavya,20,Female,Kolkata,B.Tech,5.7,79,12,57,50,2,No,2,No
8292,Kabir,25,Male,Hyderabad,MCA,5.4,74,11,58,53,2,Yes,3,Yes
8293,Krishna,19,Male,Hyderabad,BCA,7.5,84,13,65,62,3,Yes,0,Yes
8294,Dhruv,23,Male,Bangalore,MCA,8.3,91,16,74,68,4,Yes,1,No
8295,Rohan,25,Male,Delhi,MCA,6.4,82,11,65,62,3,No,2,No
8296,Anushka,22,Female,Ahmedabad,MCA,7.5,90,12,83,76,4,No,0,Yes
8297,Rohan,21,Male,Jaipur,B.Tech,6.7,87,14,70,60,3,Yes,0,Yes
8298,Ishaan,19,Male,Ahmedabad,B.Tech,6.1,85,13,65,56,3,Yes,0,Yes
8299,Aarav,22,Male,Kolkata,B.Tech,5.3,77,9,53,52,3,No,1,No
8300,Isha,21,Female,Mumbai,B.Tech,4.8,78,8,51,49,2,No,2,No
8301,Dhruv,18,Male,Bangalore,BCA,5.6,77,11,64,50,2,No,1,No
8302,Aarav,20,Male,Pune,B.Sc,5.0,74,8,53,46,2,No,2,No
8303,Dhruv,24,Male,Chennai,M.Tech,6.9,88,14,70,66,1,No,0,No
8304,Aadhya,24,Female,Noida,MCA,8.3,85,13,78,77,5,Yes,0,Yes
8305,Shaurya,22,Male,Delhi,BCA,6.8,80,12,64,63,1,Yes,2,No
8306,Sanya,22,Female,Gurugram,B.Sc,5.1,78,11,55,53,3,No,4,No
8307,Priya,20,Female,Chennai,B.Tech,7.8,86,13,67,65,4,Yes,0,Yes
8308,Ishaan,22,Male,Solan,BCA,6.9,84,12,63,62,2,Yes,2,Yes
8309,Anika,24,Female,Chennai,MCA,7.2,92,14,75,69,3,Yes,0,No
8310,Vansh,20,Male,Chennai,B.Tech,5.7,77,8,58,53,2,No,4,No
8311,Simran,20,Female,Solan,BCA,8.2,90,15,80,72,4,Yes,0,Yes
8312,Kavya,22,Female,Chandigarh,MCA,8.2,89,17,70,72,4,No,1,Yes
8313,Dhruv,21,Male,Mumbai,B.Tech,6.2,85,12,68,58,3,No,0,No
8314,Ishaan,24,Male,Gurugram,M.Tech,7.6,84,14,71,66,3,No,0,Yes
8315,Arjun,22,Male,Delhi,B.Tech,8.2,88,15,70,73,5,No,0,Yes
8316,Isha,24,Female,Bangalore,MCA,5.8,81,13,66,59,2,No,0,Yes
8317,Krishna,22,Male,Pune,BCA,6.4,78,14,58,60,2,No,1,No
8318,Anika,21,Female,Mumbai,B.Tech,6.6,78,12,69,63,3,No,1,No
8319,Rohan,19,Male,Mumbai,B.Tech,4.9,77,8,55,48,2,No,4,No
8320,Aadhya,21,Female,Solan,B.Sc,7.2,89,14,68,69,2,No,0,No
8321,Shaurya,22,Male,Solan,MCA,8.0,87,16,82,76,2,No,0,Yes
8322,Riya,21,Female,Noida,B.Sc,6.3,81,13,66,62,3,No,1,No
8323,Dhruv,24,Male,Chandigarh,M.Tech,7.0,88,13,75,69,3,No,0,Yes
8324,Simran,21,Female,Chandigarh,MCA,8.6,90,15,81,79,5,Yes,0,Yes
8325,Arjun,21,Male,Delhi,B.Tech,5.9,83,8,62,57,4,No,0,No
8326,Krishna,19,Male,Chandigarh,B.Sc,7.0,92,16,68,68,3,No,0,No
8327,Ishaan,20,Male,Kolkata,B.Tech,5.6,78,12,58,55,2,No,2,No
8328,Neha,19,Female,Mumbai,BCA,5.6,79,9,60,55,3,No,1,No
8329,Reyansh,21,Male,Delhi,B.Tech,7.0,86,13,73,69,2,Yes,0,Yes
8330,Tara,22,Female,Kolkata,B.Tech,6.9,89,12,69,61,4,No,0,No
8331,Rohan,18,Male,Solan,B.Sc,7.3,85,13,73,72,2,Yes,0,Yes
8332,Anika,22,Female,Jaipur,B.Tech,6.6,85,11,74,63,5,No,0,No
8333,Anushka,18,Female,Chennai,B.Sc,7.2,86,14,71,66,2,No,0,Yes
8334,Vansh,21,Male,Shimla,M.Tech,9.0,91,14,74,75,3,No,0,Yes
8335,Dhruv,22,Male,Jaipur,B.Tech,8.1,87,14,75,74,2,Yes,0,Yes
8336,Rohan,21,Male,Ahmedabad,B.Sc,7.0,83,14,68,70,3,No,0,Yes
8337,Rohan,19,Male,Solan,B.Sc,7.3,95,10,74,73,4,No,0,Yes
8338,Kabir,22,Male,Bangalore,B.Tech,6.1,77,11,55,50,2,No,4,No
8339,Riya,20,Female,Bangalore,B.Sc,6.3,78,11,64,58,2,Yes,0,No
8340,Anushka,18,Female,Bangalore,B.Tech,7.2,86,15,68,62,2,Yes,1,Yes
8341,Aadhya,19,Female,Mumbai,B.Tech,6.6,84,12,66,59,3,No,1,No
8342,Vivaan,20,Male,Hyderabad,B.Tech,7.7,88,13,77,71,4,Yes,0,Yes
8343,Priya,19,Female,Hyderabad,BCA,8.4,87,17,74,78,4,Yes,0,Yes
8344,Shaurya,21,Male,Kolkata,BCA,6.3,79,11,63,59,3,No,1,No
8345,Ishaan,20,Male,Pune,B.Tech,3.5,71,6,45,40,1,No,3,No
8346,Krishna,22,Male,Chandigarh,B.Tech,9.6,96,19,86,86,4,Yes,0,Yes
8347,Aarav,22,Male,Mumbai,MCA,5.5,76,9,56,50,2,Yes,3,No
8348,Aditya,25,Male,Shimla,MCA,6.8,84,14,66,63,4,Yes,0,Yes
8349,Meera,22,Female,Jaipur,BCA,7.6,85,15,79,75,4,No,0,Yes
8350,Anika,19,Female,Kolkata,B.Tech,8.6,86,15,76,83,5,Yes,0,Yes
8351,Krishna,19,Male,Hyderabad,B.Tech,9.2,88,16,82,84,5,No,0,Yes
8352,Aditya,21,Male,Mumbai,MCA,6.0,84,9,64,64,2,Yes,0,No
8353,Reyansh,18,Male,Gurugram,B.Tech,8.3,87,15,77,75,4,Yes,0,Yes
8354,Meera,20,Female,Bangalore,B.Tech,6.8,88,12,71,68,2,Yes,0,No
8355,Rohan,20,Male,Jaipur,BCA,10.0,95,18,85,87,5,No,0,No
8356,Ananya,20,Female,Chandigarh,B.Sc,8.2,85,12,81,72,3,No,0,Yes
8357,Kavya,18,Female,Chennai,BCA,6.2,83,10,61,51,4,No,1,No
8358,Priya,22,Female,Kolkata,B.Tech,5.3,76,8,56,49,3,No,2,No
8359,Reyansh,21,Male,Shimla,B.Sc,3.0,69,6,40,40,1,No,3,No
8360,Neha,21,Female,Solan,B.Sc,7.5,90,13,77,71,3,Yes,0,Yes
8361,Neha,19,Female,Gurugram,B.Sc,8.0,84,15,70,72,3,Yes,0,Yes
8362,Vivaan,18,Male,Ahmedabad,B.Tech,7.6,85,13,75,76,3,No,0,Yes
8363,Anushka,19,Female,Pune,B.Sc,3.0,67,8,43,40,1,No,2,No
8364,Diya,21,Female,Gurugram,BCA,4.6,73,8,53,52,1,No,2,No
8365,Reyansh,19,Male,Chennai,BCA,7.2,84,14,74,66,3,No,1,No
8366,Krishna,18,Male,Chennai,BCA,9.2,90,16,80,80,3,Yes,0,Yes
8367,Rahul,18,Male,Solan,B.Tech,6.4,82,13,71,62,3,No,1,No
8368,Ananya,18,Female,Shimla,B.Tech,8.1,90,13,75,74,3,No,0,No
8369,Vansh,21,Male,Shimla,B.Tech,4.9,75,9,56,50,1,No,2,No
8370,Riya,18,Female,Solan,BCA,6.8,79,12,65,65,4,No,0,No
8371,Meera,20,Female,Chandigarh,BCA,6.1,83,14,66,64,1,Yes,0,No
8372,Kavya,20,Female,Kolkata,B.Sc,8.3,87,13,72,77,4,Yes,0,Yes
8373,Kabir,18,Male,Ahmedabad,B.Tech,5.7,85,13,63,60,3,No,0,Yes
8374,Kavya,23,Female,Mumbai,M.Tech,9.0,90,14,81,83,3,Yes,0,Yes
8375,Krishna,18,Male,Ahmedabad,B.Tech,6.0,81,12,64,58,2,No,0,Yes
8376,Vivaan,21,Male,Pune,BCA,4.9,70,8,54,49,2,No,3,No
8377,Neha,20,Female,Shimla,B.Tech,4.9,74,9,51,49,2,No,4,No
8378,Shaurya,21,Male,Jaipur,B.Sc,5.6,73,10,62,53,3,Yes,1,No
8379,Simran,20,Female,Pune,B.Sc,7.1,86,12,70,70,4,Yes,0,Yes
8380,Aditya,25,Male,Jaipur,M.Tech,5.6,79,10,63,57,3,No,0,No
8381,Kabir,22,Male,Shimla,B.Tech,5.3,80,9,53,51,3,No,2,No
8382,Ishaan,21,Male,Chennai,B.Tech,7.8,90,15,73,67,4,No,0,No
8383,Neha,20,Female,Mumbai,B.Sc,3.0,73,5,49,40,1,No,1,No
8384,Tara,22,Female,Pune,B.Sc,5.9,80,11,68,64,3,No,0,No
8385,Riya,21,Female,Ahmedabad,M.Tech,4.5,76,9,55,50,2,No,2,No
8386,Rohan,19,Male,Kolkata,B.Tech,5.2,80,9,58,55,3,No,0,No
8387,Vivaan,22,Male,Bangalore,B.Sc,6.9,82,10,63,61,2,No,1,No
8388,Simran,22,Female,Pune,B.Tech,6.2,79,14,66,62,4,No,2,No
8389,Kabir,18,Male,Bangalore,BCA,6.1,86,12,66,61,2,No,0,No
8390,Ayaan,22,Male,Mumbai,B.Tech,8.3,84,14,66,71,5,Yes,0,Yes
8391,Aadhya,22,Female,Noida,B.Sc,6.5,84,12,59,59,4,Yes,1,No
8392,Rohan,22,Male,Kolkata,B.Sc,9.2,93,14,85,82,4,Yes,0,Yes
8393,Anika,20,Female,Solan,B.Tech,7.6,83,15,68,60,4,No,0,Yes
8394,Simran,22,Female,Ahmedabad,B.Tech,5.0,75,12,51,49,1,No,2,No
8395,Ayaan,19,Male,Chandigarh,BCA,9.4,92,18,83,78,5,No,0,Yes
8396,Reyansh,20,Male,Shimla,B.Tech,6.9,85,11,70,68,4,No,0,No
8397,Ishaan,20,Male,Shimla,B.Tech,9.3,94,14,90,89,5,Yes,0,Yes
8398,Kavya,21,Female,Noida,B.Tech,6.1,81,13,60,50,2,No,4,No
8399,Meera,22,Female,Ahmedabad,B.Sc,6.9,85,12,70,67,5,No,0,Yes
8400,Ayaan,19,Male,Kolkata,BCA,7.1,87,12,66,65,3,No,0,Yes
8401,Reyansh,19,Male,Chennai,B.Tech,6.2,84,13,63,61,2,No,0,No
8402,Aadhya,24,Female,Solan,M.Tech,8.4,94,14,80,74,4,No,0,No
8403,Sanya,19,Female,Mumbai,B.Tech,9.4,96,18,85,85,4,Yes,0,Yes
8404,Ishaan,20,Male,Bangalore,B.Sc,3.1,71,6,40,40,1,No,2,No
8405,Rohan,18,Male,Ahmedabad,BCA,7.7,89,14,76,75,3,Yes,0,Yes
8406,Vivaan,23,Male,Gurugram,M.Tech,5.2,79,12,61,56,1,Yes,0,Yes
8407,Tara,18,Female,Pune,BCA,3.0,71,5,53,41,2,No,2,No
8408,Isha,19,Female,Jaipur,B.Sc,7.3,83,12,71,69,4,Yes,0,Yes
8409,Vansh,22,Male,Solan,B.Tech,7.3,86,13,72,66,3,Yes,0,No
8410,Tara,21,Female,Jaipur,M.Tech,7.5,80,12,71,67,3,No,0,No
8411,Ayaan,20,Male,Jaipur,B.Tech,7.1,88,14,65,67,3,No,0,No
8412,Arjun,20,Male,Gurugram,BCA,7.8,88,15,69,72,4,No,1,No
8413,Vivaan,20,Male,Shimla,B.Tech,5.6,79,10,59,52,3,No,2,No
8414,Aadhya,23,Female,Pune,M.Tech,6.9,83,11,59,58,4,No,1,No
8415,Reyansh,21,Male,Ahmedabad,B.Sc,7.5,88,9,68,65,3,No,0,No
8416,Simran,19,Female,Noida,B.Tech,8.5,95,14,79,77,4,Yes,0,Yes
8417,Vivaan,22,Male,Kolkata,B.Tech,6.6,84,12,71,65,3,Yes,0,Yes
8418,Aditya,21,Male,Hyderabad,BCA,6.2,87,8,67,66,3,No,0,No
8419,Krishna,19,Male,Shimla,B.Tech,6.4,85,15,60,63,4,Yes,0,Yes
8420,Kavya,18,Female,Kolkata,B.Tech,4.7,74,9,53,54,2,No,1,No
8421,Kabir,24,Male,Ahmedabad,M.Tech,7.7,88,15,76,79,3,No,0,Yes
8422,Priya,21,Female,Shimla,B.Sc,4.3,76,8,55,43,1,No,1,No
8423,Rohan,24,Male,Delhi,M.Tech,7.1,82,14,72,67,5,No,1,No
8424,Aditya,21,Male,Shimla,BCA,6.6,82,11,71,64,2,Yes,1,Yes
8425,Krishna,18,Male,Mumbai,B.Sc,4.2,73,7,52,43,2,No,2,No
8426,Krishna,20,Male,Bangalore,BCA,4.3,75,10,53,51,1,No,1,No
8427,Aditya,21,Male,Noida,B.Tech,5.2,77,11,58,54,3,No,2,No
8428,Krishna,19,Male,Jaipur,BCA,6.0,82,11,66,56,2,No,0,No
8429,Aadhya,20,Female,Bangalore,BCA,8.7,92,19,77,84,4,No,0,Yes
8430,Meera,21,Female,Kolkata,M.Tech,6.3,86,11,65,56,3,No,0,Yes
8431,Aarav,22,Male,Bangalore,BCA,7.3,87,12,69,66,3,Yes,0,Yes
8432,Ayaan,21,Male,Chennai,MCA,8.4,87,15,79,77,4,Yes,0,Yes
8433,Reyansh,22,Male,Pune,B.Sc,8.1,95,15,77,71,4,No,0,Yes
8434,Ishaan,19,Male,Ahmedabad,BCA,6.5,81,10,69,66,2,No,0,Yes
8435,Vansh,22,Male,Solan,BCA,5.4,78,10,58,52,3,No,2,No
8436,Aadhya,21,Female,Jaipur,B.Tech,7.2,87,16,75,73,3,Yes,0,Yes
8437,Shaurya,20,Male,Mumbai,B.Tech,5.5,88,11,54,53,3,No,2,No
8438,Ishaan,20,Male,Mumbai,B.Sc,9.2,93,18,80,73,3,Yes,0,Yes
8439,Aditya,24,Male,Chennai,MCA,7.8,85,15,77,69,4,Yes,0,No
8440,Aarav,20,Male,Jaipur,B.Tech,6.8,79,11,66,66,3,Yes,1,No
8441,Priya,21,Female,Bangalore,M.Tech,7.3,80,12,73,71,3,Yes,0,Yes
8442,Kabir,21,Male,Mumbai,B.Tech,6.8,84,12,69,62,4,No,0,No
8443,Aditya,21,Male,Bangalore,BCA,5.9,82,10,59,54,2,No,2,No
8444,Anika,20,Female,Noida,B.Tech,7.2,81,11,76,71,4,Yes,0,Yes
8445,Krishna,22,Male,Chennai,B.Tech,6.1,82,10,61,52,2,No,3,No
8446,Anushka,19,Female,Jaipur,B.Tech,9.4,89,18,80,88,5,Yes,0,Yes
8447,Sanya,22,Female,Bangalore,BCA,5.5,76,11,61,53,3,No,1,No
8448,Ayaan,18,Male,Kolkata,B.Tech,7.3,87,12,68,66,2,No,0,No
8449,Riya,21,Female,Bangalore,B.Tech,5.3,76,9,52,55,3,Yes,1,No
8450,Aarav,21,Male,Gurugram,B.Tech,5.3,82,10,56,52,3,No,4,No
8451,Isha,18,Female,Chandigarh,B.Tech,3.8,72,5,51,45,2,No,2,No
8452,Kabir,19,Male,Kolkata,B.Tech,7.1,88,12,79,69,3,No,0,No
8453,Rohan,21,Male,Hyderabad,BCA,5.7,87,10,63,56,2,Yes,2,Yes
8454,Simran,25,Female,Solan,MCA,8.1,86,13,72,69,4,No,0,No
8455,Priya,18,Female,Bangalore,B.Tech,7.1,92,12,77,75,2,Yes,0,Yes
8456,Riya,21,Female,Shimla,B.Tech,6.7,83,16,64,60,2,Yes,0,No
8457,Aadhya,22,Female,Chandigarh,B.Sc,4.4,74,6,50,43,3,No,2,No
8458,Vivaan,18,Male,Hyderabad,B.Tech,7.4,85,15,73,67,2,Yes,0,Yes
8459,Arjun,18,Male,Gurugram,B.Sc,5.5,78,10,63,58,1,No,2,No
8460,Arjun,18,Male,Solan,B.Tech,4.4,80,6,54,50,2,No,2,No
8461,Vivaan,19,Male,Ahmedabad,B.Tech,7.1,89,14,70,61,3,Yes,0,Yes
8462,Krishna,18,Male,Chandigarh,B.Tech,4.6,80,8,64,55,3,No,0,Yes
8463,Anika,20,Female,Noida,B.Tech,3.4,68,8,42,40,1,No,1,No
8464,Aarav,20,Male,Mumbai,B.Sc,8.4,90,16,76,79,3,Yes,0,Yes
8465,Shaurya,18,Male,Bangalore,B.Tech,5.7,75,11,57,50,3,No,3,No
8466,Aditya,24,Male,Gurugram,M.Tech,3.9,77,7,53,42,1,No,2,No
8467,Riya,20,Female,Jaipur,B.Tech,5.1,76,11,54,52,1,No,1,No
8468,Tara,25,Female,Gurugram,M.Tech,5.4,80,9,62,56,2,No,1,No
8469,Meera,22,Female,Chandigarh,B.Tech,8.2,87,13,76,78,4,No,0,Yes
8470,Aditya,21,Male,Bangalore,B.Tech,4.0,69,5,46,45,2,No,4,Yes
8471,Neha,22,Female,Chennai,BCA,4.5,78,6,51,47,3,No,2,No
8472,Aditya,21,Male,Gurugram,B.Tech,8.0,91,16,76,73,2,No,1,No
8473,Simran,25,Female,Kolkata,MCA,5.8,81,10,63,58,2,Yes,1,Yes
8474,Ayaan,18,Male,Gurugram,BCA,6.8,77,11,65,63,4,No,0,Yes
8475,Aarav,22,Male,Delhi,B.Sc,5.8,83,10,63,58,2,No,2,No
8476,Dhruv,18,Male,Chandigarh,B.Tech,9.5,91,18,81,86,4,Yes,0,Yes
8477,Meera,22,Female,Noida,B.Sc,4.6,78,9,51,41,3,No,1,No
8478,Ayaan,22,Male,Mumbai,BCA,6.9,83,13,68,64,3,No,1,No
8479,Priya,22,Female,Ahmedabad,B.Sc,8.8,90,15,80,79,4,Yes,0,Yes
8480,Rahul,18,Male,Jaipur,B.Tech,5.9,82,10,62,56,3,No,1,No
8481,Rohan,25,Male,Kolkata,M.Tech,5.4,76,10,55,51,3,No,1,No
8482,Aarav,25,Male,Hyderabad,M.Tech,7.7,86,13,73,69,2,Yes,0,Yes
8483,Arjun,22,Male,Bangalore,MCA,8.0,90,14,76,78,5,Yes,0,Yes
8484,Ayaan,18,Male,Chandigarh,BCA,5.3,85,8,60,53,2,No,2,No
8485,Rahul,20,Male,Hyderabad,BCA,8.7,90,16,77,74,4,No,0,No
8486,Anushka,21,Female,Jaipur,B.Tech,6.6,86,13,69,67,2,No,0,No
8487,Rohan,22,Male,Hyderabad,M.Tech,7.3,82,15,69,65,2,No,1,No
8488,Neha,25,Female,Pune,M.Tech,8.7,96,16,79,77,2,No,0,Yes
8489,Riya,20,Female,Gurugram,B.Tech,7.7,85,14,72,67,4,No,0,No
8490,Neha,20,Female,Mumbai,BCA,6.5,82,10,63,59,1,Yes,1,Yes
8491,Arjun,25,Male,Chennai,MCA,5.5,81,10,60,55,2,No,1,No
8492,Arjun,22,Male,Pune,B.Tech,10.0,93,16,93,87,4,No,0,Yes
8493,Shaurya,19,Male,Delhi,B.Tech,5.3,82,7,60,54,3,No,3,No
8494,Aadhya,21,Female,Jaipur,M.Tech,7.0,83,12,69,67,2,No,1,No
8495,Sanya,22,Female,Ahmedabad,MCA,7.3,88,12,77,66,3,No,1,No
8496,Krishna,21,Male,Solan,MCA,7.3,89,14,73,67,4,Yes,1,No
8497,Vivaan,20,Male,Kolkata,B.Tech,9.7,96,16,89,95,5,Yes,0,Yes
8498,Neha,21,Female,Ahmedabad,B.Tech,6.6,85,16,68,63,2,No,0,Yes
8499,Ayaan,22,Male,Chennai,B.Sc,6.4,90,11,66,65,3,Yes,1,No
8500,Simran,19,Female,Ahmedabad,BCA,8.8,92,16,83,81,5,No,0,Yes
8501,Priya,20,Female,Chandigarh,B.Tech,6.3,82,10,71,64,4,Yes,1,Yes
8502,Tara,22,Female,Ahmedabad,MCA,7.8,88,15,69,72,4,Yes,0,Yes
8503,Reyansh,21,Male,Pune,MCA,6.8,88,12,67,68,3,No,0,No
8504,Rahul,22,Male,Jaipur,B.Tech,7.9,95,13,74,69,4,No,0,No
8505,Riya,18,Female,Delhi,B.Tech,7.6,86,11,69,65,3,No,0,No
8506,Ananya,18,Female,Gurugram,B.Tech,5.9,78,11,66,56,3,Yes,1,No
8507,Dhruv,18,Male,Bangalore,BCA,3.7,76,8,48,40,3,No,3,No
8508,Vivaan,20,Male,Gurugram,B.Tech,4.0,70,8,51,48,3,No,2,No
8509,Simran,22,Female,Chennai,BCA,3.7,74,6,45,40,1,No,3,No
8510,Anushka,21,Female,Mumbai,BCA,6.4,83,11,63,64,1,Yes,1,Yes
8511,Anika,22,Female,Jaipur,MCA,3.0,70,7,40,40,2,No,2,No
8512,Isha,18,Female,Bangalore,B.Tech,6.3,82,11,70,61,4,Yes,0,Yes
8513,Rohan,22,Male,Chennai,BCA,6.7,78,14,68,63,3,No,0,No
8514,Kabir,19,Male,Chennai,B.Sc,7.8,85,14,69,70,3,No,0,Yes
8515,Isha,22,Female,Ahmedabad,BCA,7.3,88,13,76,71,2,No,0,No
8516,Kavya,22,Female,Chandigarh,M.Tech,7.9,82,15,71,72,5,Yes,1,No
8517,Ayaan,22,Male,Shimla,B.Sc,7.1,85,15,71,69,3,No,0,No
8518,Vivaan,24,Male,Pune,MCA,6.0,80,13,62,60,3,No,0,Yes
8519,Aadhya,22,Female,Kolkata,B.Tech,6.3,76,11,56,58,2,No,0,Yes
8520,Shaurya,22,Male,Chennai,BCA,5.2,83,9,56,55,1,No,0,No
8521,Kabir,18,Male,Hyderabad,BCA,6.8,81,10,72,60,4,No,0,No
8522,Dhruv,21,Male,Mumbai,M.Tech,4.1,76,8,55,47,2,No,3,No
8523,Diya,18,Female,Kolkata,B.Tech,8.1,87,12,71,73,3,Yes,0,Yes
8524,Ananya,22,Female,Bangalore,B.Tech,5.1,75,12,56,59,5,No,1,No
8525,Shaurya,21,Male,Mumbai,B.Sc,6.7,83,13,66,63,4,No,1,No
8526,Isha,19,Female,Jaipur,B.Tech,7.0,83,11,73,62,3,No,0,No
8527,Simran,18,Female,Shimla,B.Sc,8.2,88,17,75,78,4,Yes,0,Yes
8528,Meera,23,Female,Chennai,M.Tech,4.0,72,8,46,40,1,No,1,No
8529,Anika,25,Female,Noida,M.Tech,6.0,78,12,64,61,2,Yes,2,Yes
8530,Dhruv,21,Male,Jaipur,B.Tech,7.3,89,13,77,73,3,No,0,Yes
8531,Aarav,21,Male,Chennai,B.Tech,9.1,92,17,84,83,4,No,0,Yes
8532,Shaurya,18,Male,Pune,BCA,6.4,82,9,67,56,4,Yes,0,No
8533,Vivaan,18,Male,Pune,BCA,5.6,77,10,54,51,1,No,4,No
8534,Vivaan,20,Male,Chennai,B.Sc,9.5,98,16,82,78,5,Yes,0,Yes
8535,Neha,20,Female,Noida,B.Sc,7.7,87,13,68,69,4,Yes,0,No
8536,Simran,18,Female,Gurugram,B.Sc,8.6,84,14,81,76,3,No,0,Yes
8537,Kavya,19,Female,Pune,B.Tech,4.7,77,8,53,42,1,No,4,No
8538,Krishna,18,Male,Mumbai,B.Sc,7.3,83,15,73,71,3,No,0,Yes
8539,Arjun,18,Male,Jaipur,B.Tech,4.9,80,7,54,46,2,Yes,4,No
8540,Rahul,21,Male,Mumbai,B.Tech,4.5,79,9,54,49,1,No,3,No
8541,Ishaan,18,Male,Chandigarh,B.Sc,7.4,89,12,69,65,2,No,0,Yes
8542,Aditya,18,Male,Hyderabad,BCA,7.5,85,15,70,71,3,No,0,Yes
8543,Riya,18,Female,Pune,B.Sc,5.8,80,11,54,55,3,No,0,Yes
8544,Priya,19,Female,Pune,BCA,8.6,91,13,78,78,3,Yes,0,Yes
8545,Rohan,21,Male,Ahmedabad,B.Tech,5.9,83,11,61,57,3,No,0,Yes
8546,Vansh,22,Male,Pune,B.Tech,6.1,78,10,55,53,4,No,1,No
8547,Anika,22,Female,Shimla,B.Sc,6.4,83,12,67,59,2,No,0,No
8548,Aditya,22,Male,Solan,B.Tech,6.1,87,9,68,60,2,Yes,0,Yes
8549,Neha,22,Female,Pune,B.Sc,8.4,88,17,75,76,3,No,0,Yes
8550,Priya,21,Female,Jaipur,B.Sc,4.9,77,6,50,53,1,No,2,No
8551,Isha,18,Female,Chandigarh,BCA,5.4,87,9,69,62,4,No,2,No
8552,Vansh,25,Male,Bangalore,MCA,4.7,76,7,55,52,2,No,1,No
8553,Sanya,21,Female,Ahmedabad,MCA,9.3,88,17,72,75,5,Yes,0,Yes
8554,Ayaan,25,Male,Kolkata,MCA,6.0,81,10,61,59,3,No,2,No
8555,Anika,19,Female,Hyderabad,B.Sc,5.3,84,9,57,46,3,No,2,No
8556,Kabir,18,Male,Gurugram,B.Tech,6.1,85,10,62,56,3,Yes,1,No
8557,Aditya,21,Male,Chennai,BCA,7.8,84,12,77,76,4,No,0,Yes
8558,Krishna,19,Male,Ahmedabad,B.Sc,7.5,87,13,73,72,2,No,0,Yes
8559,Meera,19,Female,Solan,B.Tech,5.6,79,8,62,55,3,No,2,No
8560,Sanya,21,Female,Shimla,B.Sc,5.9,83,8,62,54,3,Yes,2,No
8561,Priya,19,Female,Kolkata,BCA,4.3,73,9,54,47,1,No,1,No
8562,Isha,18,Female,Shimla,B.Tech,6.7,85,10,66,62,1,No,0,No
8563,Vivaan,20,Male,Chandigarh,BCA,8.4,95,17,81,81,4,Yes,0,Yes
8564,Kavya,20,Female,Noida,B.Tech,5.6,72,12,59,57,3,No,1,No
8565,Kabir,22,Male,Pune,B.Tech,7.5,88,15,70,73,2,Yes,0,Yes
8566,Ananya,25,Female,Solan,MCA,5.6,84,8,53,55,2,Yes,0,Yes
8567,Ananya,18,Female,Delhi,BCA,4.9,72,12,47,45,1,No,2,No
8568,Kabir,21,Male,Jaipur,BCA,7.5,84,10,80,75,4,Yes,0,Yes
8569,Aadhya,18,Female,Chennai,B.Tech,10.0,94,17,90,95,5,Yes,0,Yes
8570,Kabir,22,Male,Delhi,BCA,7.3,83,14,72,68,3,Yes,0,No
8571,Arjun,19,Male,Kolkata,B.Tech,5.9,78,12,66,61,3,No,0,No
8572,Simran,18,Female,Delhi,B.Sc,6.0,80,10,58,56,3,Yes,1,No
8573,Vansh,21,Male,Shimla,MCA,9.4,95,16,82,82,3,No,0,Yes
8574,Anushka,24,Female,Hyderabad,MCA,7.0,89,12,66,61,3,Yes,2,No
8575,Rohan,22,Male,Shimla,B.Tech,5.4,83,10,70,65,2,No,0,No
8576,Vivaan,18,Male,Chennai,BCA,6.4,85,11,62,57,3,No,1,No
8577,Sanya,22,Female,Gurugram,MCA,6.8,89,15,75,74,3,No,0,Yes
8578,Priya,19,Female,Kolkata,B.Tech,7.2,91,12,70,72,3,No,0,Yes
8579,Meera,20,Female,Delhi,B.Tech,8.8,91,18,81,80,4,Yes,0,Yes
8580,Diya,25,Female,Hyderabad,MCA,8.4,94,16,85,80,3,No,0,Yes
8581,Ananya,19,Female,Noida,B.Sc,6.8,85,14,69,63,3,Yes,1,No
8582,Ishaan,21,Male,Kolkata,BCA,6.4,82,9,64,61,3,Yes,0,Yes
8583,Ishaan,22,Male,Shimla,B.Tech,7.1,85,14,79,75,3,No,0,Yes
8584,Rahul,19,Male,Pune,BCA,5.6,83,12,54,50,2,No,1,No
8585,Anushka,18,Female,Kolkata,BCA,8.0,92,13,73,76,3,No,0,Yes
8586,Kavya,22,Female,Chennai,BCA,6.2,83,12,63,63,3,No,1,No
8587,Rohan,19,Male,Pune,BCA,7.2,84,11,74,69,3,Yes,0,Yes
8588,Riya,18,Female,Mumbai,BCA,9.1,90,16,79,82,4,Yes,0,Yes
8589,Anushka,20,Female,Bangalore,B.Sc,7.3,80,15,72,66,2,Yes,1,No
8590,Aarav,22,Male,Noida,B.Sc,6.8,85,12,61,60,3,Yes,0,Yes
8591,Kabir,22,Male,Bangalore,B.Sc,5.7,81,10,65,66,2,Yes,0,Yes
8592,Kavya,19,Female,Chandigarh,B.Tech,6.4,79,14,67,66,2,No,0,No
8593,Neha,20,Female,Shimla,BCA,4.8,78,6,51,49,1,No,1,No
8594,Riya,21,Female,Bangalore,B.Tech,7.3,87,13,71,68,4,No,0,No
8595,Rohan,19,Male,Chennai,BCA,3.3,67,6,42,40,1,No,2,No
8596,Meera,22,Female,Bangalore,M.Tech,8.0,87,13,77,74,3,Yes,0,Yes
8597,Ishaan,21,Male,Delhi,B.Sc,7.6,91,16,79,72,5,No,1,No
8598,Rahul,21,Male,Hyderabad,B.Tech,6.6,81,11,63,63,3,No,0,No
8599,Simran,21,Female,Jaipur,B.Tech,5.7,80,9,62,60,1,No,2,No
8600,Dhruv,21,Male,Kolkata,B.Tech,6.5,83,8,67,62,2,No,0,Yes
8601,Diya,21,Female,Mumbai,B.Tech,3.8,73,9,49,44,1,No,1,No
8602,Krishna,18,Male,Shimla,BCA,7.7,89,13,80,73,3,No,0,Yes
8603,Sanya,18,Female,Chennai,B.Tech,6.3,85,11,66,61,4,Yes,1,Yes
8604,Diya,21,Female,Bangalore,B.Tech,8.8,95,16,77,74,4,No,0,Yes
8605,Aditya,20,Male,Mumbai,B.Tech,7.1,84,15,72,67,3,Yes,0,Yes
8606,Neha,20,Female,Chennai,B.Sc,6.8,85,15,74,69,3,Yes,0,No
8607,Dhruv,21,Male,Pune,BCA,7.1,87,10,71,69,3,Yes,0,Yes
8608,Kavya,21,Female,Bangalore,MCA,5.0,77,8,61,52,1,Yes,1,No
8609,Shaurya,20,Male,Jaipur,B.Tech,5.8,78,9,59,57,3,No,1,No
8610,Arjun,21,Male,Pune,MCA,6.7,84,12,69,62,3,No,0,Yes
8611,Rohan,19,Male,Hyderabad,BCA,6.0,79,11,55,55,2,No,1,No
8612,Krishna,18,Male,Delhi,B.Tech,5.6,77,8,56,60,2,No,0,No
8613,Anushka,21,Female,Hyderabad,B.Tech,6.1,82,12,64,59,4,No,0,No
8614,Kabir,22,Male,Hyderabad,BCA,6.6,83,11,69,60,3,No,0,Yes
8615,Rahul,21,Male,Solan,BCA,10.0,96,19,90,92,3,Yes,0,Yes
8616,Reyansh,19,Male,Bangalore,B.Tech,6.0,76,11,66,61,2,Yes,2,No
8617,Vansh,21,Male,Gurugram,MCA,5.5,79,7,53,52,2,No,2,No
8618,Priya,20,Female,Pune,B.Tech,6.3,75,12,67,66,5,No,0,No
8619,Meera,21,Female,Shimla,BCA,8.8,88,14,76,74,5,Yes,0,Yes
8620,Aditya,20,Male,Gurugram,BCA,8.9,91,14,76,75,5,No,0,Yes
8621,Sanya,18,Female,Kolkata,BCA,9.4,97,16,90,89,5,Yes,0,Yes
8622,Simran,22,Female,Delhi,MCA,6.6,85,11,63,64,2,No,0,No
8623,Rahul,24,Male,Chandigarh,M.Tech,7.5,87,11,78,74,5,Yes,0,Yes
8624,Kavya,20,Female,Hyderabad,B.Tech,4.9,76,9,46,45,3,No,2,No
8625,Vivaan,21,Male,Mumbai,BCA,6.0,80,11,59,57,4,No,0,No
8626,Riya,24,Female,Gurugram,MCA,4.8,81,8,60,55,4,No,2,No
8627,Simran,20,Female,Mumbai,B.Tech,7.2,82,10,71,63,4,Yes,1,No
8628,Krishna,19,Male,Delhi,B.Sc,6.6,81,12,55,53,3,No,2,No
8629,Riya,24,Female,Noida,M.Tech,6.8,87,13,66,63,3,No,0,Yes
8630,Priya,19,Female,Chandigarh,B.Sc,5.2,77,7,50,50,2,No,1,No
8631,Dhruv,19,Male,Hyderabad,B.Tech,7.8,93,12,77,80,4,Yes,0,Yes
8632,Riya,21,Female,Solan,MCA,3.0,73,7,44,40,2,No,2,No
8633,Rohan,23,Male,Bangalore,M.Tech,6.1,85,13,64,60,3,No,0,No
8634,Neha,18,Female,Jaipur,B.Sc,6.3,77,11,62,57,3,Yes,0,Yes
8635,Sanya,22,Female,Shimla,BCA,3.5,75,6,43,40,1,No,2,No
8636,Rohan,21,Male,Delhi,M.Tech,7.1,82,13,65,61,3,No,0,No
8637,Kabir,24,Male,Ahmedabad,M.Tech,6.2,84,13,69,63,4,No,2,No
8638,Simran,24,Female,Kolkata,M.Tech,7.3,84,12,68,63,3,Yes,0,No
8639,Ishaan,21,Male,Chandigarh,BCA,9.5,94,16,83,77,4,Yes,0,Yes
8640,Aditya,22,Male,Jaipur,B.Sc,7.0,81,12,72,76,3,No,0,Yes
8641,Kabir,19,Male,Gurugram,B.Sc,8.0,83,12,68,71,5,No,0,Yes
8642,Reyansh,21,Male,Shimla,B.Tech,8.6,91,17,85,84,4,No,0,Yes
8643,Shaurya,18,Male,Chennai,BCA,7.2,84,13,76,74,3,No,1,No
8644,Rohan,19,Male,Chandigarh,B.Sc,5.2,76,6,52,54,4,No,1,No
8645,Ishaan,21,Male,Chandigarh,MCA,4.0,69,7,51,45,2,No,2,No
8646,Sanya,21,Female,Shimla,MCA,7.1,77,15,58,62,3,Yes,1,No
8647,Vivaan,21,Male,Shimla,B.Tech,5.9,82,11,63,57,3,No,2,No
8648,Shaurya,18,Male,Ahmedabad,BCA,8.4,89,18,74,73,2,Yes,1,Yes
8649,Kabir,22,Male,Pune,BCA,5.8,78,10,62,53,3,No,4,No
8650,Simran,22,Female,Mumbai,MCA,6.5,83,13,67,64,3,Yes,1,Yes
8651,Kabir,21,Male,Jaipur,B.Tech,4.8,80,11,55,48,3,No,1,No
8652,Shaurya,21,Male,Chennai,B.Sc,6.0,82,11,58,55,2,No,0,No
8653,Ishaan,18,Male,Gurugram,B.Sc,5.1,77,9,60,56,2,No,1,No
8654,Priya,21,Female,Mumbai,M.Tech,5.2,85,11,60,55,4,No,0,Yes
8655,Priya,20,Female,Delhi,BCA,6.4,80,12,61,62,3,No,0,No
8656,Anika,20,Female,Jaipur,B.Sc,5.6,75,12,56,51,3,No,2,No
8657,Priya,24,Female,Shimla,M.Tech,10.0,95,19,88,89,4,Yes,0,No
8658,Ananya,21,Female,Bangalore,B.Sc,7.8,87,14,73,69,3,No,0,No
8659,Vansh,18,Male,Noida,B.Tech,8.1,91,14,78,75,3,Yes,0,Yes
8660,Tara,22,Female,Delhi,B.Tech,6.3,80,11,67,61,4,No,2,No
8661,Ayaan,25,Male,Chandigarh,MCA,6.7,83,13,71,63,3,No,0,No
8662,Anushka,18,Female,Pune,B.Tech,5.9,78,10,60,55,2,Yes,0,No
8663,Diya,20,Female,Pune,B.Sc,10.0,97,18,91,91,5,Yes,0,Yes
8664,Krishna,20,Male,Chennai,B.Sc,6.3,82,10,63,57,5,Yes,1,No
8665,Arjun,25,Male,Jaipur,M.Tech,5.6,79,9,64,56,1,No,0,No
8666,Vivaan,21,Male,Gurugram,BCA,5.4,78,11,58,57,1,No,0,Yes
8667,Riya,18,Female,Mumbai,B.Sc,7.0,84,13,69,70,3,No,0,Yes
8668,Simran,21,Female,Pune,B.Tech,8.6,86,15,77,79,3,Yes,0,Yes
8669,Tara,20,Female,Shimla,BCA,8.1,92,17,79,81,4,No,0,Yes
8670,Dhruv,22,Male,Bangalore,B.Tech,5.4,82,8,62,60,2,Yes,0,Yes
8671,Tara,24,Female,Shimla,MCA,5.3,79,10,64,57,2,No,2,No
8672,Riya,23,Female,Kolkata,MCA,8.4,89,16,82,85,4,Yes,0,Yes
8673,Isha,20,Female,Gurugram,B.Tech,9.7,91,18,85,90,3,Yes,0,Yes
8674,Aadhya,20,Female,Delhi,B.Tech,6.3,87,13,66,61,2,No,1,No
8675,Aditya,21,Male,Delhi,B.Sc,8.3,94,17,78,77,4,No,0,Yes
8676,Diya,19,Female,Solan,B.Sc,4.3,76,6,56,47,3,No,2,No
8677,Diya,22,Female,Solan,B.Sc,5.2,81,6,59,53,2,No,2,No
8678,Meera,23,Female,Chennai,M.Tech,5.0,81,8,67,53,3,No,2,No
8679,Reyansh,24,Male,Jaipur,MCA,7.1,88,11,70,65,3,No,1,No
8680,Shaurya,18,Male,Pune,BCA,6.2,79,11,69,65,3,Yes,0,No
8681,Kavya,22,Female,Chennai,B.Tech,6.9,83,15,74,65,3,Yes,0,Yes
8682,Diya,18,Female,Chandigarh,BCA,8.3,90,19,84,79,4,No,0,Yes
8683,Neha,21,Female,Jaipur,MCA,5.5,80,8,58,56,3,No,2,No
8684,Rohan,21,Male,Gurugram,BCA,6.6,85,12,67,62,4,No,1,No
8685,Ayaan,19,Male,Shimla,B.Sc,4.5,78,8,53,51,2,No,3,No
8686,Simran,21,Female,Chandigarh,B.Tech,8.2,89,15,82,81,4,Yes,0,Yes
8687,Riya,24,Female,Mumbai,M.Tech,8.1,81,13,71,69,4,No,0,Yes
8688,Reyansh,22,Male,Kolkata,B.Sc,7.0,88,14,68,64,3,No,0,No
8689,Dhruv,21,Male,Gurugram,BCA,6.7,86,13,71,66,3,Yes,1,No
8690,Aadhya,22,Female,Ahmedabad,BCA,5.7,86,10,58,53,2,No,2,No
8691,Ayaan,20,Male,Pune,B.Tech,4.4,74,10,55,53,2,Yes,3,No
8692,Anika,25,Female,Solan,MCA,7.0,79,10,62,60,4,No,0,Yes
8693,Ayaan,21,Male,Kolkata,B.Sc,7.6,86,11,71,72,2,Yes,0,Yes
8694,Diya,20,Female,Chandigarh,B.Sc,9.5,95,17,90,83,4,No,0,Yes
8695,Simran,20,Female,Noida,B.Tech,5.9,79,11,59,54,3,No,1,No
8696,Aadhya,19,Female,Noida,B.Tech,6.9,88,12,71,63,3,Yes,1,No
8697,Ishaan,21,Male,Noida,BCA,8.2,87,16,81,74,3,Yes,0,Yes
8698,Tara,18,Female,Bangalore,B.Tech,8.2,88,14,72,70,2,No,0,Yes
8699,Shaurya,21,Male,Jaipur,BCA,5.6,79,12,60,57,3,No,0,No
8700,Rohan,18,Male,Kolkata,B.Tech,6.1,90,12,69,67,1,Yes,0,No
8701,Neha,19,Female,Shimla,B.Tech,5.7,77,13,54,52,4,No,2,No
8702,Tara,21,Female,Delhi,B.Sc,5.1,80,7,53,50,2,Yes,1,No
8703,Sanya,22,Female,Jaipur,MCA,8.7,87,15,85,82,3,No,0,Yes
8704,Shaurya,18,Male,Hyderabad,BCA,6.6,84,11,62,58,2,Yes,1,No
8705,Vivaan,22,Male,Chandigarh,B.Sc,6.4,80,13,63,60,2,No,1,Yes
8706,Arjun,21,Male,Bangalore,B.Tech,6.9,87,15,61,67,2,Yes,0,No
8707,Neha,20,Female,Shimla,BCA,6.6,86,11,64,63,3,Yes,1,Yes
8708,Simran,23,Female,Bangalore,M.Tech,6.2,83,12,67,68,4,No,0,Yes
8709,Tara,19,Female,Ahmedabad,B.Tech,5.4,75,12,61,56,1,No,0,No
8710,Simran,22,Female,Chandigarh,B.Tech,8.8,91,16,84,79,4,No,0,No
8711,Rohan,20,Male,Pune,B.Tech,5.6,79,11,59,58,1,No,1,No
8712,Dhruv,20,Male,Mumbai,BCA,5.1,80,6,53,53,2,Yes,2,No
8713,Dhruv,21,Male,Solan,B.Sc,6.4,80,14,66,61,3,Yes,2,No
8714,Reyansh,20,Male,Chandigarh,B.Tech,9.7,97,17,86,87,4,No,0,Yes
8715,Arjun,18,Male,Solan,B.Tech,5.3,81,14,52,50,4,Yes,1,Yes
8716,Anushka,22,Female,Chandigarh,MCA,7.6,82,12,71,65,4,No,0,No
8717,Rohan,20,Male,Kolkata,BCA,6.1,81,12,68,58,3,Yes,0,No
8718,Anushka,21,Female,Jaipur,BCA,6.9,84,14,73,67,3,No,0,Yes
8719,Arjun,21,Male,Gurugram,M.Tech,7.9,91,10,81,80,3,Yes,0,Yes
8720,Anushka,20,Female,Mumbai,B.Tech,3.9,72,10,50,46,1,No,2,No
8721,Riya,22,Female,Jaipur,MCA,5.2,79,10,54,48,3,No,2,No
8722,Isha,22,Female,Gurugram,M.Tech,7.9,91,12,78,71,4,Yes,0,Yes
8723,Arjun,19,Male,Jaipur,B.Tech,6.6,84,12,67,61,2,No,0,No
8724,Meera,20,Female,Hyderabad,BCA,6.8,78,13,64,59,2,No,0,Yes
8725,Aadhya,18,Female,Chandigarh,BCA,7.6,85,13,75,69,2,No,0,No
8726,Kabir,25,Male,Hyderabad,MCA,5.2,81,8,60,48,4,No,1,No
8727,Dhruv,19,Male,Solan,B.Tech,8.1,91,14,74,65,3,Yes,0,Yes
8728,Ayaan,18,Male,Mumbai,B.Sc,7.7,80,15,68,60,2,Yes,1,No
8729,Aadhya,24,Female,Hyderabad,M.Tech,6.9,85,14,64,58,1,No,1,No
8730,Neha,24,Female,Bangalore,MCA,7.2,88,13,72,72,3,No,0,Yes
8731,Diya,21,Female,Mumbai,MCA,8.2,90,15,81,88,4,No,0,Yes
8732,Rohan,21,Male,Shimla,B.Sc,5.6,82,10,58,60,2,No,0,No
8733,Ayaan,24,Male,Chandigarh,MCA,7.5,92,12,70,69,3,No,0,Yes
8734,Sanya,19,Female,Delhi,B.Tech,9.1,92,16,84,80,5,No,0,Yes
8735,Vivaan,20,Male,Jaipur,B.Sc,7.5,87,12,79,72,4,No,0,No
8736,Simran,20,Female,Jaipur,B.Sc,6.2,79,10,71,65,2,Yes,1,No
8737,Meera,20,Female,Delhi,BCA,10.0,93,14,93,97,5,No,0,Yes
8738,Dhruv,20,Male,Ahmedabad,B.Tech,6.8,83,12,67,61,3,No,1,No
8739,Priya,18,Female,Bangalore,B.Sc,8.6,93,17,77,76,3,Yes,0,Yes
8740,Rahul,19,Male,Ahmedabad,B.Tech,5.9,78,12,63,59,4,Yes,0,Yes
8741,Priya,18,Female,Delhi,BCA,8.1,92,15,77,74,3,Yes,0,Yes
8742,Vansh,21,Male,Noida,BCA,5.7,77,8,59,49,2,No,2,No
8743,Anushka,22,Female,Kolkata,M.Tech,7.0,86,12,77,70,3,No,0,Yes
8744,Aditya,22,Male,Delhi,B.Tech,5.6,81,8,66,55,3,Yes,2,No
8745,Ishaan,23,Male,Chandigarh,MCA,9.4,94,20,87,92,5,Yes,0,Yes
8746,Diya,21,Female,Kolkata,B.Tech,6.2,85,11,65,62,4,No,0,Yes
8747,Kabir,20,Male,Delhi,BCA,4.8,75,8,54,53,3,Yes,4,No
8748,Ananya,20,Female,Mumbai,BCA,6.6,82,13,60,56,3,No,2,No
8749,Rahul,20,Male,Shimla,B.Sc,7.3,83,13,74,69,4,No,0,No
8750,Riya,25,Female,Pune,MCA,6.5,83,13,71,71,3,Yes,0,Yes
8751,Kabir,21,Male,Jaipur,B.Sc,5.3,78,8,55,55,2,Yes,1,No
8752,Anika,20,Female,Delhi,B.Sc,8.1,91,15,74,74,3,Yes,0,Yes
8753,Arjun,20,Male,Delhi,BCA,8.4,91,16,82,83,4,Yes,0,Yes
8754,Shaurya,19,Male,Solan,B.Sc,4.0,76,5,49,49,1,No,1,No
8755,Vansh,20,Male,Jaipur,BCA,5.2,78,8,62,60,3,Yes,2,Yes
8756,Sanya,19,Female,Delhi,B.Tech,6.3,83,10,62,62,3,No,1,No
8757,Arjun,24,Male,Chandigarh,MCA,5.7,85,10,61,60,3,No,1,No
8758,Riya,24,Female,Bangalore,MCA,7.3,82,13,71,67,4,Yes,0,Yes
8759,Simran,21,Female,Noida,B.Tech,9.3,87,17,80,81,4,Yes,0,Yes
8760,Dhruv,22,Male,Delhi,MCA,5.9,83,10,61,59,2,No,1,No
8761,Aadhya,22,Female,Gurugram,B.Sc,8.9,89,18,78,79,3,Yes,0,Yes
8762,Arjun,22,Male,Chandigarh,BCA,4.3,71,11,53,48,2,No,1,No
8763,Krishna,20,Male,Ahmedabad,B.Tech,7.2,87,11,75,70,3,No,0,Yes
8764,Diya,24,Female,Delhi,M.Tech,5.6,77,10,61,48,1,No,1,No
8765,Diya,18,Female,Shimla,B.Sc,7.2,90,15,69,69,2,No,0,Yes
8766,Simran,20,Female,Kolkata,BCA,3.9,74,6,55,47,2,No,1,No
8767,Shaurya,22,Male,Noida,B.Sc,4.6,75,9,54,49,1,Yes,2,No
8768,Rahul,22,Male,Solan,BCA,7.2,83,12,73,76,4,Yes,0,Yes
8769,Krishna,21,Male,Gurugram,BCA,5.6,80,9,55,54,4,No,2,No
8770,Anika,19,Female,Chandigarh,B.Sc,6.0,76,9,65,58,2,Yes,0,No
8771,Vansh,20,Male,Hyderabad,BCA,9.3,85,13,79,82,3,Yes,0,Yes
8772,Anika,19,Female,Pune,B.Sc,6.7,79,12,63,62,3,No,0,Yes
8773,Reyansh,25,Male,Gurugram,MCA,7.9,91,15,78,78,4,Yes,0,Yes
8774,Rohan,24,Male,Bangalore,M.Tech,5.4,76,8,49,47,3,No,2,No
8775,Rohan,22,Male,Chennai,B.Sc,4.5,71,8,52,45,3,Yes,2,No
8776,Vivaan,24,Male,Kolkata,M.Tech,6.4,82,9,64,59,3,No,1,No
8777,Ayaan,21,Male,Shimla,MCA,4.3,82,9,60,46,2,No,1,No
8778,Tara,19,Female,Shimla,B.Tech,5.5,83,9,62,55,3,No,0,No
8779,Neha,23,Female,Kolkata,M.Tech,6.9,82,14,63,67,3,No,0,No
8780,Ishaan,21,Male,Mumbai,B.Tech,6.3,80,11,60,56,4,No,0,No
8781,Ayaan,18,Male,Hyderabad,B.Tech,7.0,82,11,58,55,3,No,0,No
8782,Rohan,18,Male,Mumbai,B.Sc,7.4,83,13,80,72,4,No,1,No
8783,Ananya,19,Female,Kolkata,BCA,4.7,78,11,45,44,3,No,2,No
8784,Shaurya,21,Male,Pune,BCA,5.1,77,12,54,48,4,No,2,Yes
8785,Ananya,20,Female,Solan,B.Sc,3.2,68,5,46,40,2,No,3,No
8786,Arjun,20,Male,Gurugram,B.Tech,5.9,77,12,66,61,2,No,0,Yes
8787,Rahul,23,Male,Solan,M.Tech,7.6,94,12,83,76,3,No,0,Yes
8788,Tara,22,Female,Kolkata,BCA,8.7,93,15,80,78,4,No,0,Yes
8789,Rahul,25,Male,Noida,M.Tech,6.8,81,13,68,70,2,Yes,1,Yes
8790,Priya,21,Female,Hyderabad,BCA,8.6,94,16,79,78,4,No,0,Yes
8791,Ananya,20,Female,Solan,B.Sc,7.1,81,12,62,60,3,No,0,Yes
8792,Arjun,18,Male,Kolkata,BCA,6.7,83,13,63,64,3,Yes,1,No
8793,Kabir,20,Male,Jaipur,B.Sc,5.6,79,12,53,51,1,No,1,No
8794,Simran,21,Female,Bangalore,B.Tech,3.0,71,6,45,40,2,No,2,No
8795,Meera,20,Female,Solan,BCA,8.3,86,13,75,77,3,No,0,Yes
8796,Rahul,19,Male,Noida,B.Tech,6.4,83,11,64,65,2,No,0,Yes
8797,Anushka,20,Female,Solan,BCA,8.6,85,17,80,75,2,No,0,No
8798,Reyansh,21,Male,Solan,M.Tech,5.1,77,12,57,57,2,No,0,No
8799,Rahul,21,Male,Gurugram,B.Tech,10.0,99,16,92,90,5,Yes,0,Yes
8800,Reyansh,21,Male,Delhi,B.Sc,6.1,84,11,71,64,3,Yes,0,Yes
8801,Aarav,18,Male,Chennai,B.Sc,5.5,77,11,55,49,3,No,3,No
8802,Reyansh,21,Male,Solan,B.Tech,6.2,77,9,54,56,4,No,2,No
8803,Anika,20,Female,Chandigarh,B.Tech,6.8,77,14,62,57,4,No,1,No
8804,Rahul,21,Male,Bangalore,B.Tech,6.4,84,15,65,63,3,No,2,No
8805,Vivaan,20,Male,Kolkata,B.Tech,5.7,81,11,63,63,2,No,2,No
8806,Rahul,21,Male,Ahmedabad,B.Tech,3.8,74,8,51,43,2,No,2,No
8807,Anika,20,Female,Chandigarh,BCA,5.3,84,8,56,55,2,No,0,No
8808,Tara,20,Female,Delhi,BCA,8.1,89,14,71,71,5,No,0,Yes
8809,Vansh,21,Male,Jaipur,MCA,5.2,79,8,63,52,3,No,2,No
8810,Vivaan,21,Male,Ahmedabad,MCA,3.9,69,6,48,43,2,No,2,No
8811,Arjun,22,Male,Noida,B.Sc,4.9,82,8,59,52,3,No,1,No
8812,Rohan,18,Male,Gurugram,BCA,6.4,82,12,66,65,4,No,1,No
8813,Krishna,20,Male,Gurugram,B.Tech,5.4,76,8,58,53,2,No,1,No
8814,Reyansh,20,Male,Kolkata,BCA,6.1,82,10,62,60,3,No,1,No
8815,Rahul,21,Male,Hyderabad,B.Tech,5.3,85,10,58,50,3,Yes,2,Yes
8816,Rahul,21,Male,Shimla,BCA,8.0,94,11,75,74,2,Yes,0,Yes
8817,Reyansh,25,Male,Hyderabad,M.Tech,7.2,82,14,77,71,3,Yes,0,Yes
8818,Kavya,20,Female,Gurugram,B.Tech,9.8,98,18,95,91,4,Yes,0,Yes
8819,Meera,22,Female,Gurugram,BCA,5.9,82,11,66,60,3,No,0,No
8820,Anika,20,Female,Noida,B.Sc,6.1,84,13,64,59,5,No,1,No
8821,Kabir,21,Male,Solan,MCA,8.3,90,16,80,77,3,Yes,0,Yes
8822,Aditya,21,Male,Chandigarh,B.Tech,7.1,87,14,65,63,3,No,1,Yes
8823,Arjun,22,Male,Gurugram,B.Tech,5.1,82,10,62,52,3,Yes,2,No
8824,Sanya,22,Female,Noida,MCA,7.3,80,13,68,62,2,No,2,No
8825,Rahul,20,Male,Jaipur,B.Tech,7.1,86,12,70,65,2,Yes,0,Yes
8826,Priya,18,Female,Chandigarh,B.Sc,3.8,70,5,47,41,2,No,2,No
8827,Meera,22,Female,Shimla,MCA,5.5,78,10,58,45,2,No,2,No
8828,Reyansh,21,Male,Hyderabad,M.Tech,6.8,84,13,71,66,4,No,1,No
8829,Diya,18,Female,Ahmedabad,B.Tech,8.7,87,16,85,88,4,Yes,0,Yes
8830,Vivaan,20,Male,Pune,BCA,7.5,85,11,75,73,2,Yes,0,Yes
8831,Aarav,18,Male,Mumbai,B.Tech,5.7,76,6,59,55,2,No,2,No
8832,Dhruv,22,Male,Delhi,BCA,5.4,77,10,54,49,3,No,3,Yes
8833,Aditya,19,Male,Shimla,B.Sc,7.7,88,11,74,66,3,No,0,No
8834,Simran,21,Female,Jaipur,M.Tech,3.0,73,6,44,40,1,No,2,Yes
8835,Vivaan,18,Male,Delhi,BCA,5.3,76,12,60,56,2,No,0,Yes
8836,Rohan,21,Male,Hyderabad,BCA,8.6,94,16,78,73,3,No,0,Yes
8837,Priya,21,Female,Gurugram,BCA,6.9,86,12,65,66,3,Yes,0,No
8838,Anushka,22,Female,Gurugram,B.Tech,5.4,83,8,61,58,4,Yes,0,Yes
8839,Reyansh,21,Male,Chandigarh,B.Tech,4.7,71,8,56,48,3,No,2,No
8840,Priya,18,Female,Shimla,B.Tech,7.8,88,14,75,71,4,Yes,0,Yes
8841,Anushka,21,Female,Shimla,MCA,6.6,85,13,71,66,2,Yes,0,No
8842,Vansh,19,Male,Chandigarh,BCA,6.2,77,11,57,58,3,No,0,No
8843,Reyansh,21,Male,Chandigarh,B.Tech,7.1,92,12,74,66,4,No,1,No
8844,Dhruv,20,Male,Noida,BCA,6.7,82,13,61,62,3,Yes,0,No
8845,Ananya,21,Female,Pune,B.Tech,6.6,85,14,78,70,3,No,0,Yes
8846,Isha,18,Female,Jaipur,B.Tech,4.5,79,9,59,54,3,No,1,No
8847,Ananya,22,Female,Gurugram,MCA,5.0,78,9,58,55,3,No,1,No
8848,Kabir,24,Male,Noida,M.Tech,7.6,91,11,68,68,4,No,0,No
8849,Arjun,19,Male,Hyderabad,B.Tech,7.3,92,11,68,69,2,No,0,No
8850,Ishaan,21,Male,Gurugram,B.Sc,7.1,82,11,76,66,3,No,0,Yes
8851,Aarav,22,Male,Shimla,BCA,5.6,80,10,55,51,2,No,2,No
8852,Anushka,18,Female,Chennai,BCA,7.6,89,12,76,69,3,No,0,No
8853,Meera,18,Female,Chennai,B.Sc,5.9,76,10,67,59,2,No,1,No
8854,Vivaan,20,Male,Jaipur,B.Tech,8.5,93,14,80,76,4,Yes,0,Yes
8855,Rahul,18,Male,Jaipur,B.Tech,5.4,84,9,56,49,2,No,3,No
8856,Kabir,20,Male,Bangalore,B.Tech,5.7,84,7,55,56,2,Yes,1,No
8857,Rahul,18,Male,Delhi,B.Tech,6.3,83,12,66,64,3,No,0,Yes
8858,Vansh,21,Male,Pune,B.Tech,7.8,92,15,71,68,4,No,0,No
8859,Vansh,21,Male,Pune,B.Tech,6.4,83,12,65,54,4,Yes,2,Yes
8860,Rahul,22,Male,Solan,BCA,6.6,79,12,60,58,3,Yes,2,Yes
8861,Ishaan,21,Male,Bangalore,B.Sc,5.9,79,11,59,56,1,No,0,Yes
8862,Krishna,19,Male,Gurugram,B.Tech,6.9,83,13,65,67,4,Yes,0,No
8863,Ishaan,21,Male,Kolkata,B.Tech,6.4,82,13,64,59,3,No,0,Yes
8864,Neha,20,Female,Chandigarh,B.Tech,5.3,78,11,55,54,3,No,1,Yes
8865,Reyansh,25,Male,Ahmedabad,MCA,6.7,82,14,67,62,3,No,0,No
8866,Diya,19,Female,Shimla,B.Tech,6.7,84,9,71,68,3,No,0,No
8867,Shaurya,22,Male,Kolkata,MCA,10.0,100,19,89,91,5,No,0,No
8868,Vansh,18,Male,Noida,BCA,5.6,80,8,61,58,2,Yes,1,Yes
8869,Kabir,23,Male,Hyderabad,M.Tech,5.2,80,11,54,48,3,No,3,No
8870,Shaurya,21,Male,Gurugram,BCA,6.9,78,13,59,58,3,Yes,0,Yes
8871,Meera,21,Female,Ahmedabad,B.Tech,5.0,78,9,58,54,2,Yes,3,No
8872,Shaurya,18,Male,Mumbai,BCA,4.9,80,9,60,48,2,No,2,No
8873,Tara,21,Female,Gurugram,BCA,4.3,79,8,45,44,2,No,4,No
8874,Neha,19,Female,Noida,B.Sc,5.3,82,12,59,50,2,No,3,No
8875,Anushka,21,Female,Kolkata,BCA,5.4,80,12,61,51,3,No,1,No
8876,Anushka,21,Female,Solan,B.Tech,4.6,77,11,55,48,2,Yes,3,No
8877,Diya,19,Female,Chandigarh,B.Sc,6.1,79,11,60,55,2,Yes,2,No
8878,Kabir,23,Male,Jaipur,M.Tech,3.0,73,5,44,40,2,No,3,No
8879,Diya,23,Female,Noida,M.Tech,7.2,83,14,73,70,5,No,0,Yes
8880,Aditya,19,Male,Kolkata,BCA,5.7,82,9,58,55,3,No,1,No
8881,Aarav,19,Male,Delhi,B.Tech,5.9,81,10,68,59,3,No,0,No
8882,Dhruv,22,Male,Solan,B.Tech,7.4,86,13,66,69,5,Yes,0,No
8883,Priya,25,Female,Gurugram,MCA,7.1,88,13,74,69,4,No,0,Yes
8884,Anushka,24,Female,Kolkata,MCA,5.6,81,11,61,59,2,No,0,No
8885,Shaurya,24,Male,Chennai,M.Tech,7.2,86,12,68,59,5,No,1,No
8886,Priya,22,Female,Mumbai,BCA,8.8,89,17,72,76,3,No,0,Yes
8887,Arjun,24,Male,Noida,MCA,5.0,82,9,63,54,2,No,2,No
8888,Reyansh,23,Male,Delhi,MCA,7.6,88,18,69,70,4,Yes,1,Yes
8889,Shaurya,20,Male,Jaipur,BCA,4.8,79,6,55,55,4,No,0,No
8890,Rahul,18,Male,Bangalore,B.Sc,8.3,89,15,79,73,3,No,0,No
8891,Dhruv,22,Male,Gurugram,B.Tech,5.4,77,11,67,62,2,No,0,No
8892,Reyansh,20,Male,Gurugram,B.Sc,5.4,80,9,58,52,3,No,2,No
8893,Aadhya,21,Female,Mumbai,M.Tech,8.2,87,14,76,69,5,Yes,0,No
8894,Rahul,19,Male,Chandigarh,B.Tech,7.6,88,16,75,74,4,Yes,0,Yes
8895,Dhruv,20,Male,Solan,B.Sc,5.5,69,11,56,58,2,No,0,No
8896,Simran,18,Female,Delhi,B.Tech,6.7,82,11,63,68,2,Yes,0,No
8897,Anika,24,Female,Mumbai,MCA,5.4,79,7,65,59,2,No,1,No
8898,Dhruv,18,Male,Chennai,B.Sc,4.1,71,8,47,40,2,No,1,No
8899,Vansh,23,Male,Ahmedabad,M.Tech,6.8,85,13,70,65,3,No,0,Yes
8900,Ananya,21,Female,Delhi,B.Sc,6.0,80,12,61,57,3,No,2,Yes
8901,Meera,21,Female,Gurugram,BCA,5.1,78,9,54,54,2,No,1,No
8902,Rahul,18,Male,Gurugram,B.Tech,8.5,88,17,82,79,4,No,0,No
8903,Kabir,18,Male,Chennai,B.Sc,5.1,81,12,59,47,3,No,1,No
8904,Anika,20,Female,Pune,BCA,6.7,85,14,59,61,3,Yes,1,No
8905,Krishna,21,Male,Pune,B.Sc,8.1,89,13,77,75,4,No,0,Yes
8906,Neha,22,Female,Hyderabad,B.Tech,6.1,82,15,61,61,3,Yes,0,No
8907,Vivaan,21,Male,Gurugram,MCA,5.4,86,11,55,53,1,No,2,No
8908,Sanya,22,Female,Solan,BCA,6.9,84,10,72,69,3,Yes,0,Yes
8909,Rohan,25,Male,Hyderabad,MCA,7.2,83,14,66,65,3,No,0,Yes
8910,Kabir,21,Male,Bangalore,B.Sc,7.8,84,14,74,73,5,Yes,0,Yes
8911,Priya,20,Female,Noida,B.Tech,9.3,95,17,88,83,3,No,0,No
8912,Arjun,22,Male,Chandigarh,BCA,5.8,85,10,62,59,1,No,0,No
8913,Aadhya,23,Female,Chennai,MCA,6.8,81,13,67,63,4,Yes,1,No
8914,Reyansh,18,Male,Mumbai,B.Sc,4.6,75,9,50,48,2,No,1,No
8915,Ishaan,21,Male,Hyderabad,BCA,7.5,85,13,76,68,3,Yes,0,Yes
8916,Ayaan,22,Male,Noida,M.Tech,6.8,83,11,66,68,3,Yes,0,Yes
8917,Kavya,21,Female,Kolkata,B.Tech,6.2,76,10,64,61,3,Yes,2,No
8918,Arjun,19,Male,Mumbai,BCA,5.6,82,10,67,62,2,No,2,No
8919,Ishaan,18,Male,Gurugram,B.Sc,6.0,85,12,57,55,3,No,1,No
8920,Vansh,20,Male,Delhi,B.Tech,6.9,78,14,63,64,2,No,0,No
8921,Anika,18,Female,Kolkata,BCA,5.1,83,9,58,46,3,No,2,No
8922,Simran,21,Female,Jaipur,B.Sc,6.0,86,12,65,60,2,Yes,2,No
8923,Vansh,19,Male,Jaipur,B.Sc,6.5,74,12,65,59,2,Yes,1,No
8924,Vivaan,19,Male,Pune,B.Tech,4.2,68,8,53,45,2,No,2,No
8925,Riya,21,Female,Kolkata,B.Sc,4.9,77,12,52,51,2,Yes,1,No
8926,Vivaan,21,Male,Chennai,BCA,5.5,83,10,60,50,3,No,3,No
8927,Diya,18,Female,Chandigarh,BCA,8.9,92,16,86,85,2,Yes,0,Yes
8928,Sanya,25,Female,Jaipur,MCA,5.3,79,11,59,55,1,No,1,No
8929,Kavya,19,Female,Delhi,B.Tech,6.4,84,10,59,62,3,No,0,No
8930,Ayaan,21,Male,Delhi,B.Sc,4.9,75,8,47,40,2,No,2,No
8931,Riya,18,Female,Chennai,B.Sc,5.3,82,10,57,55,2,No,1,No
8932,Anika,22,Female,Noida,B.Sc,4.3,75,9,54,48,2,No,1,No
8933,Sanya,20,Female,Bangalore,BCA,7.5,81,14,72,69,5,Yes,1,Yes
8934,Arjun,21,Male,Ahmedabad,BCA,4.5,73,6,48,49,1,No,1,No
8935,Arjun,22,Male,Jaipur,BCA,7.9,89,13,78,68,2,Yes,1,No
8936,Ishaan,20,Male,Jaipur,B.Sc,7.2,84,12,71,68,3,No,0,No
8937,Rohan,20,Male,Hyderabad,BCA,6.4,81,12,60,61,2,No,0,No
8938,Simran,18,Female,Delhi,B.Tech,7.9,88,12,72,66,4,No,1,No
8939,Reyansh,19,Male,Chennai,B.Sc,10.0,96,20,81,85,5,Yes,0,Yes
8940,Vivaan,24,Male,Delhi,MCA,7.2,82,13,64,65,3,No,0,Yes
8941,Reyansh,22,Male,Kolkata,B.Tech,4.8,80,9,48,40,2,No,3,No
8942,Neha,23,Female,Kolkata,M.Tech,8.7,90,15,73,78,3,Yes,0,Yes
8943,Priya,19,Female,Pune,B.Tech,6.8,85,10,75,66,4,No,0,No
8944,Dhruv,20,Male,Delhi,BCA,9.7,94,18,84,89,4,No,0,Yes
8945,Ishaan,21,Male,Noida,BCA,5.7,79,11,53,53,4,No,2,No
8946,Kabir,21,Male,Hyderabad,B.Tech,8.4,92,15,80,78,4,No,0,Yes
8947,Aadhya,21,Female,Mumbai,MCA,6.5,83,13,67,66,3,No,0,No
8948,Neha,21,Female,Jaipur,BCA,10.0,95,18,89,91,4,Yes,0,Yes
8949,Tara,21,Female,Jaipur,B.Tech,6.1,74,12,57,50,3,No,2,No
8950,Vansh,21,Male,Chennai,B.Sc,10.0,97,18,91,84,5,Yes,0,Yes
8951,Sanya,19,Female,Noida,B.Sc,7.2,85,14,66,64,4,Yes,1,No
8952,Aarav,25,Male,Solan,M.Tech,7.8,90,15,78,71,5,No,0,Yes
8953,Aadhya,22,Female,Mumbai,BCA,9.1,97,15,88,90,3,Yes,0,Yes
8954,Krishna,21,Male,Chandigarh,B.Tech,5.3,81,11,59,51,2,No,4,No
8955,Ananya,22,Female,Solan,B.Tech,8.0,88,16,69,70,3,Yes,1,Yes
8956,Ananya,21,Female,Chandigarh,B.Sc,6.1,80,14,66,63,2,No,0,No
8957,Aadhya,22,Female,Hyderabad,B.Sc,6.7,91,12,68,72,2,Yes,0,Yes
8958,Neha,25,Female,Delhi,M.Tech,6.6,85,9,68,67,2,Yes,0,No
8959,Dhruv,20,Male,Gurugram,B.Sc,7.4,87,11,75,69,4,No,0,No
8960,Dhruv,22,Male,Bangalore,M.Tech,7.3,85,12,67,67,4,No,0,No
8961,Anushka,23,Female,Gurugram,M.Tech,5.6,77,12,67,62,2,No,0,Yes
8962,Aditya,20,Male,Solan,BCA,6.7,78,15,65,64,3,No,0,No
8963,Arjun,22,Male,Chandigarh,B.Tech,3.0,75,5,42,40,1,No,3,No
8964,Rahul,18,Male,Kolkata,B.Tech,8.0,86,14,78,81,3,Yes,0,Yes
8965,Neha,18,Female,Hyderabad,B.Tech,9.0,91,12,88,81,4,Yes,0,Yes
8966,Kabir,19,Male,Jaipur,BCA,6.8,83,13,59,61,3,No,1,No
8967,Aarav,21,Male,Pune,B.Tech,4.1,79,8,47,40,2,No,3,No
8968,Rohan,22,Male,Ahmedabad,B.Tech,7.6,84,13,68,69,2,Yes,0,Yes
8969,Dhruv,19,Male,Gurugram,B.Tech,5.4,80,8,67,59,3,Yes,1,No
8970,Kavya,20,Female,Noida,B.Tech,6.8,85,12,66,59,4,No,2,No
8971,Riya,22,Female,Noida,BCA,7.5,82,11,76,64,4,Yes,0,No
8972,Aadhya,20,Female,Chennai,B.Tech,7.3,81,12,70,70,3,Yes,0,Yes
8973,Vansh,19,Male,Mumbai,BCA,8.1,86,13,69,68,4,No,1,No
8974,Ananya,18,Female,Gurugram,B.Tech,6.7,84,11,71,66,3,Yes,1,No
8975,Reyansh,22,Male,Hyderabad,MCA,6.8,84,11,69,71,2,No,0,Yes
8976,Kabir,22,Male,Solan,B.Tech,7.6,86,15,69,70,3,No,0,Yes
8977,Anushka,25,Female,Solan,MCA,6.4,84,10,63,52,3,Yes,1,No
8978,Aadhya,21,Female,Bangalore,BCA,5.5,77,10,54,48,1,No,4,No
8979,Sanya,18,Female,Bangalore,BCA,7.2,85,11,68,60,3,No,0,No
8980,Kavya,22,Female,Chandigarh,BCA,4.8,76,7,57,48,1,No,2,No
8981,Aditya,18,Male,Chennai,BCA,6.4,80,10,60,58,2,Yes,0,Yes
8982,Ishaan,22,Male,Shimla,B.Tech,4.4,82,9,55,56,2,No,2,No
8983,Anushka,18,Female,Delhi,B.Sc,5.7,73,10,59,58,2,No,1,No
8984,Rohan,22,Male,Chennai,M.Tech,5.7,84,9,62,58,2,No,2,No
8985,Vivaan,21,Male,Delhi,M.Tech,5.0,80,7,51,49,2,No,2,No
8986,Isha,20,Female,Solan,B.Sc,8.2,91,13,80,78,3,Yes,0,Yes
8987,Ananya,19,Female,Ahmedabad,BCA,8.0,88,13,71,65,3,No,0,No
8988,Krishna,22,Male,Shimla,BCA,8.5,94,13,78,72,5,No,0,Yes
8989,Diya,22,Female,Pune,B.Sc,6.2,80,11,61,60,3,No,2,No
8990,Priya,24,Female,Pune,MCA,5.8,81,9,61,57,3,No,0,No
8991,Aadhya,20,Female,Shimla,BCA,7.7,87,13,74,72,5,Yes,0,Yes
8992,Vivaan,24,Male,Hyderabad,MCA,6.7,83,14,69,70,3,No,0,Yes
8993,Dhruv,19,Male,Gurugram,B.Tech,6.7,84,12,66,61,3,No,2,No
8994,Vivaan,21,Male,Gurugram,BCA,3.0,68,5,40,40,1,No,3,No
8995,Rohan,22,Male,Noida,M.Tech,7.6,85,16,76,73,5,No,0,Yes
8996,Aarav,24,Male,Mumbai,M.Tech,7.4,91,11,72,64,3,Yes,1,No
8997,Kabir,18,Male,Hyderabad,B.Sc,6.5,91,11,68,59,2,No,0,No
8998,Reyansh,19,Male,Shimla,B.Tech,7.7,89,12,70,73,4,No,0,No
8999,Riya,19,Female,Jaipur,B.Tech,7.4,88,13,69,66,3,No,1,No
9000,Aarav,18,Male,Mumbai,B.Tech,5.5,80,11,65,57,2,No,0,No
9001,Anushka,18,Female,Solan,B.Sc,6.2,83,8,59,58,4,No,1,No
9002,Simran,20,Female,Noida,BCA,5.0,79,10,52,44,2,No,3,No
9003,Vansh,18,Male,Pune,BCA,8.7,94,16,79,77,3,Yes,0,Yes
9004,Anika,21,Female,Hyderabad,BCA,8.0,93,14,78,73,3,No,1,No
9005,Simran,18,Female,Bangalore,BCA,5.3,76,8,53,51,1,No,2,No
9006,Aditya,18,Male,Noida,BCA,7.4,94,14,68,60,3,Yes,2,No
9007,Sanya,22,Female,Gurugram,MCA,6.9,85,15,64,60,4,Yes,1,Yes
9008,Vivaan,19,Male,Kolkata,B.Tech,5.5,80,9,58,53,2,No,1,No
9009,Kavya,21,Female,Mumbai,MCA,6.7,82,12,62,59,5,Yes,0,Yes
9010,Dhruv,20,Male,Shimla,BCA,7.8,86,14,82,80,1,Yes,0,Yes
9011,Anushka,19,Female,Pune,B.Sc,7.9,89,14,83,75,3,No,0,No
9012,Arjun,24,Male,Ahmedabad,M.Tech,10.0,97,18,93,100,5,Yes,0,Yes
9013,Tara,21,Female,Jaipur,B.Tech,6.6,85,13,69,67,3,No,0,No
9014,Ishaan,18,Male,Solan,B.Tech,6.1,80,11,64,58,3,No,1,No
9015,Tara,18,Female,Solan,B.Tech,7.3,77,14,73,71,3,No,0,Yes
9016,Isha,20,Female,Shimla,B.Tech,6.2,76,14,62,61,4,No,0,No
9017,Kabir,18,Male,Kolkata,B.Sc,5.6,80,12,57,53,2,No,1,No
9018,Aadhya,22,Female,Ahmedabad,B.Tech,5.1,79,8,66,61,2,No,2,No
9019,Krishna,22,Male,Hyderabad,B.Tech,3.0,69,8,45,40,1,No,2,No
9020,Kavya,18,Female,Shimla,B.Sc,7.6,85,16,78,75,3,No,0,Yes
9021,Ishaan,22,Male,Chandigarh,BCA,4.0,75,9,57,48,2,Yes,1,No
9022,Aadhya,21,Female,Kolkata,BCA,5.2,78,8,50,49,3,No,1,No
9023,Sanya,18,Female,Pune,BCA,6.9,83,13,64,63,2,No,1,No
9024,Dhruv,21,Male,Kolkata,B.Sc,6.0,76,10,60,57,2,Yes,0,No
9025,Shaurya,21,Male,Shimla,B.Tech,9.7,91,18,87,92,4,Yes,0,Yes
9026,Shaurya,22,Male,Chandigarh,BCA,4.2,77,10,55,46,2,No,2,No
9027,Meera,23,Female,Hyderabad,MCA,9.9,92,18,86,84,4,Yes,0,Yes
9028,Ishaan,21,Male,Jaipur,BCA,8.6,92,13,85,81,4,Yes,0,Yes
9029,Aadhya,22,Female,Shimla,B.Sc,7.9,92,14,79,79,4,Yes,0,Yes
9030,Aadhya,23,Female,Hyderabad,MCA,8.7,88,15,81,79,5,Yes,0,Yes
9031,Ishaan,25,Male,Chandigarh,MCA,7.1,84,15,68,65,3,Yes,0,No
9032,Meera,22,Female,Ahmedabad,B.Sc,3.9,77,6,52,43,2,No,1,No
9033,Shaurya,18,Male,Shimla,B.Sc,7.3,89,13,73,68,3,No,0,Yes
9034,Arjun,19,Male,Mumbai,B.Sc,4.3,73,7,55,51,3,No,4,No
9035,Priya,20,Female,Ahmedabad,B.Sc,5.7,75,13,53,52,3,Yes,2,No
9036,Vivaan,22,Male,Chennai,BCA,6.4,86,13,69,65,2,No,0,No
9037,Dhruv,21,Male,Shimla,B.Tech,5.1,80,10,51,46,2,Yes,1,No
9038,Riya,21,Female,Pune,B.Tech,7.9,89,15,72,73,3,No,1,Yes
9039,Reyansh,19,Male,Noida,B.Tech,6.2,84,11,67,66,3,Yes,0,No
9040,Anushka,20,Female,Chandigarh,BCA,7.1,81,13,65,61,2,No,0,Yes
9041,Sanya,18,Female,Delhi,BCA,6.5,84,15,66,60,3,No,2,No
9042,Rahul,23,Male,Hyderabad,M.Tech,6.7,83,10,63,59,3,No,0,Yes
9043,Aarav,24,Male,Jaipur,M.Tech,5.2,80,5,60,57,2,Yes,2,No
9044,Riya,21,Female,Bangalore,B.Sc,4.7,79,9,55,47,2,No,3,No
9045,Vansh,21,Male,Gurugram,M.Tech,6.3,85,13,65,60,2,No,0,No
9046,Ishaan,21,Male,Chandigarh,M.Tech,5.1,80,9,62,52,3,No,4,No
9047,Simran,24,Female,Jaipur,MCA,8.6,91,13,81,84,5,No,0,Yes
9048,Vivaan,22,Male,Bangalore,B.Tech,4.4,76,9,54,46,3,No,4,No
9049,Aadhya,22,Female,Delhi,BCA,10.0,96,16,93,96,4,Yes,0,Yes
9050,Rahul,18,Male,Kolkata,BCA,7.0,83,11,73,68,3,No,0,No
9051,Vansh,22,Male,Chennai,B.Tech,6.6,82,10,62,59,4,No,0,No
9052,Ishaan,21,Male,Kolkata,MCA,5.7,81,8,64,61,2,No,0,Yes
9053,Aadhya,20,Female,Kolkata,B.Tech,7.5,88,14,74,71,4,No,1,No
9054,Simran,20,Female,Gurugram,BCA,6.2,80,10,68,67,2,Yes,1,Yes
9055,Simran,20,Female,Noida,B.Tech,7.0,81,11,62,61,4,No,1,No
9056,Arjun,18,Male,Ahmedabad,BCA,7.8,82,18,69,67,4,No,1,No
9057,Dhruv,18,Male,Bangalore,BCA,7.5,82,13,70,67,3,No,0,Yes
9058,Krishna,22,Male,Bangalore,B.Sc,8.4,88,15,83,83,4,Yes,0,Yes
9059,Ishaan,22,Male,Noida,B.Tech,7.3,84,15,69,68,3,Yes,0,Yes
9060,Anika,22,Female,Shimla,BCA,5.1,77,10,56,49,2,No,3,No
9061,Priya,19,Female,Jaipur,B.Sc,3.4,68,9,41,40,2,No,4,No
9062,Vivaan,18,Male,Kolkata,B.Sc,6.8,78,11,68,65,4,Yes,0,Yes
9063,Diya,20,Female,Ahmedabad,B.Tech,6.8,84,14,70,63,3,No,0,No
9064,Ayaan,20,Male,Pune,B.Tech,9.4,93,18,82,77,4,Yes,0,Yes
9065,Ananya,19,Female,Pune,B.Tech,6.3,84,13,61,62,3,Yes,2,Yes
9066,Rohan,19,Male,Noida,B.Sc,7.1,87,14,73,65,3,No,0,No
9067,Vansh,20,Male,Mumbai,BCA,7.7,88,13,76,67,4,No,0,No
9068,Ayaan,18,Male,Mumbai,B.Tech,7.3,86,17,68,66,3,No,0,No
9069,Vansh,20,Male,Ahmedabad,B.Tech,7.8,90,11,78,73,3,No,0,Yes
9070,Sanya,20,Female,Hyderabad,B.Sc,5.3,83,8,62,53,2,No,3,No
9071,Rahul,19,Male,Chennai,BCA,5.0,75,10,60,54,2,No,2,No
9072,Rahul,19,Male,Mumbai,BCA,6.1,84,11,67,61,4,No,0,Yes
9073,Simran,22,Female,Shimla,B.Sc,3.2,69,6,42,43,3,No,3,No
9074,Kavya,19,Female,Kolkata,B.Tech,6.4,83,13,62,59,4,No,1,No
9075,Aadhya,20,Female,Solan,B.Tech,5.5,82,9,68,56,2,No,1,No
9076,Dhruv,22,Male,Mumbai,BCA,7.0,84,14,67,66,5,Yes,0,No
9077,Diya,20,Female,Shimla,B.Tech,6.1,78,11,54,55,4,No,0,No
9078,Riya,21,Female,Pune,MCA,5.0,76,11,51,47,3,No,2,No
9079,Vansh,18,Male,Solan,BCA,8.5,87,15,69,66,4,No,0,Yes
9080,Aditya,19,Male,Chennai,B.Sc,6.6,80,13,70,70,2,Yes,1,Yes
9081,Ishaan,22,Male,Jaipur,B.Tech,7.8,91,15,83,73,3,Yes,0,Yes
9082,Vivaan,21,Male,Delhi,B.Tech,6.8,85,14,69,68,3,No,0,Yes
9083,Shaurya,18,Male,Gurugram,B.Tech,7.2,83,13,63,67,3,No,1,No
9084,Rahul,18,Male,Noida,B.Sc,4.5,73,8,57,49,2,No,1,No
9085,Anika,18,Female,Gurugram,B.Tech,8.4,87,14,79,79,4,Yes,0,Yes
9086,Anushka,18,Female,Solan,BCA,7.8,85,15,78,77,4,No,0,Yes
9087,Isha,19,Female,Shimla,B.Sc,6.5,86,9,69,61,3,No,1,No
9088,Tara,25,Female,Chandigarh,M.Tech,6.9,84,13,63,66,3,Yes,1,No
9089,Vivaan,18,Male,Pune,B.Tech,8.0,94,15,80,77,3,No,0,Yes
9090,Tara,19,Female,Hyderabad,B.Tech,5.9,81,13,56,48,4,No,3,No
9091,Kavya,22,Female,Chennai,B.Tech,4.1,73,6,47,43,2,No,2,No
9092,Reyansh,22,Male,Delhi,B.Sc,6.0,84,11,68,60,3,No,0,No
9093,Priya,21,Female,Bangalore,B.Tech,6.7,78,12,69,66,3,No,0,No
9094,Meera,20,Female,Jaipur,BCA,6.5,83,10,62,58,1,No,1,No
9095,Tara,18,Female,Mumbai,BCA,8.5,86,15,72,71,5,Yes,0,Yes
9096,Isha,19,Female,Bangalore,B.Tech,5.1,71,7,54,47,3,No,3,Yes
9097,Shaurya,22,Male,Chennai,B.Tech,5.3,78,11,66,59,4,No,1,No
9098,Aditya,21,Male,Delhi,BCA,4.9,80,10,59,54,3,No,3,No
9099,Vansh,20,Male,Noida,B.Tech,7.1,85,13,79,72,3,No,0,Yes
9100,Kavya,22,Female,Noida,B.Tech,4.2,75,7,50,44,2,No,1,No
9101,Kavya,22,Female,Bangalore,BCA,7.6,79,16,73,71,3,Yes,1,Yes
9102,Anushka,18,Female,Bangalore,B.Sc,5.1,77,8,55,54,2,No,1,No
9103,Aarav,20,Male,Solan,B.Tech,5.3,78,10,54,48,4,No,3,No
9104,Kabir,20,Male,Pune,BCA,9.2,94,15,80,76,4,Yes,0,Yes
9105,Neha,19,Female,Gurugram,B.Tech,8.3,86,15,77,72,4,No,0,Yes
9106,Meera,21,Female,Solan,B.Sc,6.7,86,14,73,62,3,No,1,No
9107,Arjun,22,Male,Gurugram,MCA,4.5,74,9,51,43,2,No,1,No
9108,Arjun,24,Male,Jaipur,MCA,9.5,92,16,90,91,5,Yes,0,Yes
9109,Kavya,19,Female,Mumbai,BCA,6.2,83,10,72,60,3,No,1,No
9110,Tara,21,Female,Bangalore,BCA,6.9,81,12,70,65,5,No,0,Yes
9111,Ishaan,18,Male,Solan,B.Sc,7.9,90,13,77,76,2,Yes,0,Yes
9112,Kabir,21,Male,Hyderabad,B.Tech,3.6,69,7,43,40,1,No,2,No
9113,Aadhya,19,Female,Mumbai,B.Sc,5.5,81,13,65,61,3,Yes,0,Yes
9114,Priya,23,Female,Chennai,MCA,6.4,82,11,60,57,2,No,1,No
9115,Ayaan,22,Male,Noida,BCA,6.7,83,15,69,63,3,No,0,No
9116,Arjun,21,Male,Pune,BCA,4.5,67,8,44,41,2,No,2,No
9117,Aadhya,21,Female,Shimla,B.Sc,7.0,83,13,64,65,3,No,0,Yes
9118,Ayaan,20,Male,Bangalore,B.Tech,6.6,82,12,66,71,4,Yes,0,Yes
9119,Arjun,18,Male,Solan,BCA,9.0,96,14,86,83,4,Yes,0,Yes
9120,Isha,19,Female,Shimla,B.Tech,8.0,88,15,79,75,3,No,0,Yes
9121,Kabir,18,Male,Noida,B.Tech,6.1,79,7,62,56,4,Yes,1,No
9122,Priya,21,Female,Mumbai,B.Tech,6.2,84,11,63,65,3,No,1,No
9123,Aditya,21,Male,Noida,BCA,8.0,86,15,71,69,2,Yes,0,Yes
9124,Simran,18,Female,Noida,B.Tech,6.9,87,10,72,65,3,No,0,No
9125,Ayaan,19,Male,Pune,B.Sc,4.4,76,8,55,48,2,No,2,No
9126,Krishna,21,Male,Solan,BCA,9.6,91,17,85,90,5,Yes,0,Yes
9127,Ayaan,21,Male,Noida,B.Tech,5.0,80,9,58,51,2,No,2,No
9128,Kavya,18,Female,Chandigarh,B.Tech,10.0,97,18,95,92,5,Yes,0,Yes
9129,Priya,22,Female,Bangalore,B.Tech,7.1,88,12,75,62,3,No,1,No
9130,Krishna,20,Male,Jaipur,BCA,5.5,79,10,53,54,2,No,2,Yes
9131,Sanya,21,Female,Chennai,B.Tech,3.0,72,7,47,40,1,No,2,No
9132,Kavya,19,Female,Hyderabad,B.Sc,7.7,93,14,81,78,4,Yes,0,Yes
9133,Anika,22,Female,Hyderabad,B.Tech,4.2,75,7,48,45,2,No,4,No
9134,Dhruv,18,Male,Ahmedabad,BCA,7.0,83,14,72,68,2,No,0,No
9135,Simran,18,Female,Mumbai,B.Sc,9.4,98,20,98,90,4,Yes,0,Yes
9136,Aditya,19,Male,Chennai,BCA,4.8,79,8,58,52,1,No,2,No
9137,Krishna,22,Male,Hyderabad,BCA,7.6,85,11,71,65,5,Yes,1,No
9138,Neha,22,Female,Ahmedabad,MCA,5.3,84,8,60,55,3,No,0,No
9139,Tara,21,Female,Shimla,B.Tech,8.2,85,16,76,76,4,No,0,Yes
9140,Kabir,25,Male,Chandigarh,M.Tech,6.6,85,14,61,60,3,No,1,No
9141,Krishna,23,Male,Pune,MCA,6.5,86,10,60,59,3,No,0,No
9142,Sanya,20,Female,Hyderabad,B.Tech,8.3,92,15,79,75,5,No,0,Yes
9143,Ananya,22,Female,Jaipur,MCA,7.4,83,13,70,67,2,No,1,No
9144,Aditya,20,Male,Jaipur,B.Sc,5.3,75,8,59,51,3,No,4,No
9145,Meera,22,Female,Gurugram,M.Tech,9.2,93,19,82,80,3,Yes,0,Yes
9146,Dhruv,21,Male,Shimla,B.Sc,4.2,77,9,52,52,2,No,1,No
9147,Rohan,21,Male,Hyderabad,B.Sc,6.9,81,13,71,67,2,Yes,1,No
9148,Anika,19,Female,Mumbai,B.Tech,5.3,79,9,49,49,3,No,2,No
9149,Aditya,21,Male,Bangalore,BCA,4.3,71,9,46,43,3,No,2,No
9150,Ishaan,20,Male,Chandigarh,B.Tech,4.8,80,9,54,49,2,No,4,No
9151,Meera,21,Female,Jaipur,B.Tech,6.4,81,11,64,61,2,No,1,No
9152,Diya,23,Female,Chandigarh,M.Tech,7.0,84,14,63,62,4,No,1,No
9153,Vivaan,20,Male,Mumbai,B.Tech,8.1,91,15,73,74,3,Yes,1,Yes
9154,Anika,18,Female,Noida,B.Sc,8.7,93,13,83,78,5,No,0,No
9155,Aadhya,21,Female,Noida,B.Tech,6.9,86,11,71,62,4,Yes,1,No
9156,Kabir,21,Male,Kolkata,B.Tech,5.8,83,8,51,51,3,No,1,No
9157,Simran,19,Female,Kolkata,BCA,8.1,90,16,76,77,4,Yes,0,Yes
9158,Aditya,19,Male,Kolkata,B.Tech,5.6,84,9,61,54,4,No,2,Yes
9159,Arjun,25,Male,Chandigarh,M.Tech,4.1,69,8,44,43,2,No,4,No
9160,Anika,20,Female,Mumbai,B.Tech,7.9,87,17,74,74,3,No,0,No
9161,Sanya,18,Female,Gurugram,B.Tech,8.5,89,16,80,82,3,Yes,0,Yes
9162,Ayaan,20,Male,Gurugram,B.Tech,5.3,78,9,61,61,3,Yes,1,No
9163,Ishaan,21,Male,Shimla,B.Tech,9.4,94,16,85,86,5,Yes,0,Yes
9164,Ayaan,22,Male,Mumbai,B.Tech,7.4,87,13,74,70,3,No,0,Yes
9165,Dhruv,20,Male,Jaipur,BCA,7.2,88,11,71,63,3,No,1,No
9166,Reyansh,22,Male,Hyderabad,BCA,5.7,76,9,50,53,3,No,4,No
9167,Vansh,20,Male,Delhi,B.Tech,8.0,95,13,77,78,4,No,0,Yes
9168,Anika,21,Female,Mumbai,B.Tech,4.2,74,8,46,42,2,No,1,No
9169,Rahul,24,Male,Bangalore,MCA,6.0,82,10,63,60,4,No,2,No
9170,Aarav,20,Male,Kolkata,BCA,5.4,78,9,57,50,3,No,3,No
9171,Priya,18,Female,Hyderabad,BCA,4.5,76,9,52,45,3,No,1,No
9172,Riya,21,Female,Ahmedabad,B.Sc,7.8,86,15,70,65,3,Yes,0,Yes
9173,Dhruv,19,Male,Solan,B.Sc,7.0,85,10,67,66,4,Yes,0,No
9174,Kabir,18,Male,Solan,B.Sc,7.7,89,11,75,71,4,No,0,Yes
9175,Priya,23,Female,Chandigarh,MCA,6.1,74,10,56,59,3,Yes,2,No
9176,Krishna,18,Male,Jaipur,B.Tech,8.0,87,13,72,72,3,No,0,Yes
9177,Ayaan,19,Male,Ahmedabad,B.Tech,6.6,82,13,59,60,4,No,0,No
9178,Tara,21,Female,Bangalore,BCA,5.8,87,10,65,59,2,Yes,0,No
9179,Rohan,24,Male,Hyderabad,MCA,5.5,82,13,55,57,2,No,1,No
9180,Vansh,21,Male,Ahmedabad,B.Tech,3.5,77,6,48,45,2,No,1,Yes
9181,Dhruv,19,Male,Mumbai,BCA,8.2,90,15,80,76,3,Yes,0,Yes
9182,Krishna,18,Male,Ahmedabad,B.Sc,8.1,89,14,81,78,3,No,0,Yes
9183,Shaurya,20,Male,Ahmedabad,BCA,10.0,96,19,87,91,4,Yes,0,Yes
9184,Aadhya,20,Female,Solan,B.Tech,6.0,84,12,66,57,1,Yes,0,No
9185,Krishna,18,Male,Shimla,B.Tech,5.5,85,11,61,57,4,No,0,Yes
9186,Vivaan,21,Male,Chennai,B.Tech,3.9,75,7,42,40,1,No,2,No
9187,Shaurya,20,Male,Hyderabad,B.Tech,7.9,86,16,68,73,4,Yes,0,Yes
9188,Kavya,21,Female,Kolkata,B.Tech,7.6,89,14,77,74,5,Yes,0,Yes
9189,Ananya,22,Female,Shimla,B.Sc,8.8,88,15,84,76,3,Yes,0,Yes
9190,Vivaan,25,Male,Jaipur,MCA,5.1,79,8,49,46,1,Yes,2,No
9191,Anika,20,Female,Delhi,B.Sc,7.6,89,15,75,76,5,Yes,0,Yes
9192,Shaurya,18,Male,Solan,B.Sc,5.7,80,12,62,60,2,No,0,Yes
9193,Aarav,18,Male,Kolkata,BCA,8.5,87,14,74,71,3,No,0,Yes
9194,Krishna,18,Male,Chandigarh,B.Tech,7.3,84,14,67,63,3,No,1,No
9195,Arjun,21,Male,Chennai,B.Tech,4.2,74,5,46,43,2,No,1,No
9196,Vivaan,22,Male,Noida,B.Tech,6.3,79,10,55,55,1,Yes,1,No
9197,Simran,21,Female,Bangalore,B.Sc,3.6,71,7,42,40,2,No,2,No
9198,Rahul,22,Male,Chennai,M.Tech,4.8,72,7,56,49,3,No,2,No
9199,Aadhya,19,Female,Hyderabad,BCA,4.8,79,11,54,47,3,No,2,No
9200,Ayaan,20,Male,Bangalore,BCA,5.5,80,11,62,63,3,No,0,No
9201,Arjun,19,Male,Chennai,BCA,6.1,82,9,55,53,3,No,2,No
9202,Reyansh,18,Male,Bangalore,BCA,6.7,82,13,68,62,3,Yes,0,Yes
9203,Diya,20,Female,Shimla,B.Sc,6.7,83,10,70,67,3,No,0,Yes
9204,Vivaan,22,Male,Pune,B.Sc,6.5,80,12,54,55,2,No,1,No
9205,Aadhya,22,Female,Chandigarh,B.Sc,7.0,86,14,67,62,3,No,1,No
9206,Kabir,19,Male,Bangalore,B.Sc,4.6,72,9,53,47,1,No,1,No
9207,Dhruv,19,Male,Hyderabad,BCA,6.6,83,12,71,66,3,Yes,0,Yes
9208,Reyansh,25,Male,Solan,M.Tech,8.7,89,15,74,76,4,Yes,0,Yes
9209,Ayaan,19,Male,Chandigarh,B.Sc,6.3,87,10,72,66,2,Yes,0,No
9210,Aditya,19,Male,Mumbai,BCA,7.2,87,13,73,66,4,No,0,No
9211,Arjun,21,Male,Ahmedabad,BCA,7.1,85,14,65,66,4,No,0,Yes
9212,Meera,25,Female,Delhi,MCA,7.8,84,17,77,76,4,Yes,0,No
9213,Dhruv,22,Male,Jaipur,BCA,6.9,80,12,76,67,2,No,0,Yes
9214,Ananya,19,Female,Delhi,BCA,7.8,89,15,73,69,3,No,1,No
9215,Rahul,18,Male,Solan,B.Tech,7.3,91,14,71,68,3,No,0,Yes
9216,Arjun,24,Male,Solan,MCA,7.5,87,13,68,68,4,No,1,No
9217,Diya,18,Female,Delhi,BCA,7.2,86,14,78,73,4,No,1,Yes
9218,Shaurya,19,Male,Kolkata,BCA,5.0,78,8,53,49,2,No,1,No
9219,Reyansh,25,Male,Solan,MCA,4.7,77,9,50,42,2,No,4,No
9220,Ananya,21,Female,Kolkata,M.Tech,6.0,82,10,60,60,3,No,0,No
9221,Riya,23,Female,Chennai,MCA,8.8,89,17,77,74,3,No,1,Yes
9222,Aditya,18,Male,Bangalore,B.Tech,6.2,79,12,60,62,4,No,0,No
9223,Aditya,22,Male,Pune,BCA,7.0,85,12,66,68,4,No,1,No
9224,Anika,19,Female,Pune,B.Tech,3.5,77,6,45,40,2,No,3,No
9225,Rahul,18,Male,Mumbai,B.Tech,6.8,86,12,69,66,2,No,0,Yes
9226,Sanya,22,Female,Gurugram,MCA,6.6,79,10,70,69,2,No,0,No
9227,Aditya,24,Male,Solan,MCA,3.0,70,5,40,40,1,No,1,No
9228,Vansh,20,Male,Mumbai,BCA,6.9,86,12,64,57,3,No,2,No
9229,Ananya,22,Female,Shimla,B.Tech,4.0,79,6,53,46,1,No,1,No
9230,Neha,22,Female,Ahmedabad,B.Tech,5.4,84,9,63,59,3,No,1,Yes
9231,Dhruv,19,Male,Chandigarh,BCA,8.0,87,14,81,82,2,Yes,0,Yes
9232,Arjun,20,Male,Ahmedabad,B.Tech,6.7,86,12,74,67,3,Yes,1,No
9233,Priya,22,Female,Noida,B.Sc,5.8,81,9,55,48,3,No,1,No
9234,Riya,18,Female,Chennai,B.Sc,5.7,80,12,53,58,3,No,0,Yes
9235,Shaurya,25,Male,Bangalore,MCA,5.9,81,12,64,59,1,No,1,No
9236,Diya,18,Female,Chennai,B.Tech,6.7,84,12,69,69,2,Yes,0,No
9237,Kavya,22,Female,Solan,BCA,4.7,80,7,61,52,2,No,3,No
9238,Kavya,21,Female,Delhi,MCA,8.2,84,14,76,76,3,No,0,Yes
9239,Isha,21,Female,Mumbai,BCA,4.8,78,8,53,47,1,No,1,No
9240,Ishaan,19,Male,Noida,B.Tech,3.9,78,5,55,45,1,No,2,No
9241,Anushka,21,Female,Pune,B.Tech,8.0,92,13,73,77,3,Yes,0,Yes
9242,Sanya,21,Female,Kolkata,MCA,5.8,82,12,70,65,3,Yes,1,No
9243,Rahul,19,Male,Delhi,B.Sc,6.6,81,11,66,63,3,No,0,No
9244,Dhruv,23,Male,Shimla,MCA,7.5,89,15,70,71,2,Yes,0,Yes
9245,Aditya,18,Male,Gurugram,B.Tech,5.4,83,10,57,51,2,No,3,No
9246,Meera,22,Female,Chennai,B.Sc,6.7,82,13,67,64,3,No,2,No
9247,Vivaan,22,Male,Chandigarh,B.Sc,7.5,87,15,72,70,3,Yes,0,Yes
9248,Sanya,20,Female,Ahmedabad,B.Tech,9.0,91,17,81,78,4,No,0,Yes
9249,Meera,24,Female,Ahmedabad,M.Tech,5.7,78,12,54,50,3,No,4,No
9250,Riya,18,Female,Chennai,BCA,5.8,79,11,60,51,3,No,3,No
9251,Anika,25,Female,Noida,MCA,7.3,86,11,74,67,2,No,0,No
9252,Sanya,22,Female,Solan,MCA,6.8,81,10,63,67,3,Yes,1,Yes
9253,Aarav,20,Male,Solan,B.Tech,6.3,79,10,64,55,3,No,1,No
9254,Sanya,21,Female,Noida,BCA,8.9,88,17,84,81,5,Yes,0,Yes
9255,Ishaan,21,Male,Ahmedabad,BCA,4.0,75,7,53,46,3,No,4,No
9256,Anushka,19,Female,Hyderabad,B.Sc,4.4,71,8,46,42,3,No,1,No
9257,Kabir,19,Male,Hyderabad,BCA,4.0,67,8,48,45,1,No,2,No
9258,Neha,20,Female,Chennai,B.Sc,8.3,93,15,85,79,3,Yes,0,Yes
9259,Anika,19,Female,Mumbai,B.Tech,7.3,83,10,72,72,3,No,0,Yes
9260,Aadhya,22,Female,Solan,B.Sc,4.4,75,6,57,51,2,No,1,No
9261,Ayaan,21,Male,Shimla,B.Tech,6.3,85,14,69,59,5,No,0,No
9262,Reyansh,19,Male,Noida,B.Tech,6.5,78,12,59,62,4,No,1,No
9263,Diya,21,Female,Delhi,MCA,3.2,67,5,50,40,2,No,2,No
9264,Aditya,19,Male,Ahmedabad,B.Tech,6.8,82,12,72,62,4,No,0,No
9265,Aadhya,21,Female,Delhi,B.Tech,4.7,79,11,54,50,3,No,1,No
9266,Aarav,22,Male,Delhi,B.Tech,7.6,87,14,78,73,4,No,0,No
9267,Riya,19,Female,Jaipur,BCA,4.8,77,9,54,54,2,No,4,No
9268,Dhruv,22,Male,Chandigarh,B.Tech,6.8,83,9,67,67,4,Yes,1,No
9269,Neha,18,Female,Kolkata,B.Sc,8.4,91,15,75,72,4,Yes,0,Yes
9270,Anushka,21,Female,Hyderabad,B.Sc,8.0,92,12,73,75,3,No,0,Yes
9271,Kabir,20,Male,Mumbai,B.Tech,7.3,95,11,75,68,5,Yes,0,Yes
9272,Vansh,21,Male,Kolkata,BCA,6.4,82,9,64,56,2,No,0,Yes
9273,Rahul,20,Male,Chennai,B.Tech,4.2,79,10,47,41,3,No,3,Yes
9274,Meera,20,Female,Kolkata,B.Sc,5.8,83,12,64,55,2,Yes,1,No
9275,Simran,21,Female,Shimla,BCA,6.2,83,13,66,61,4,No,0,No
9276,Meera,20,Female,Shimla,B.Tech,6.1,75,9,62,64,3,Yes,1,No
9277,Shaurya,22,Male,Shimla,B.Tech,4.2,74,8,52,46,1,Yes,2,No
9278,Dhruv,18,Male,Ahmedabad,B.Tech,7.2,84,11,71,69,4,No,1,No
9279,Shaurya,19,Male,Delhi,B.Sc,4.7,78,7,55,46,3,No,2,No
9280,Arjun,20,Male,Solan,B.Tech,8.8,90,17,81,78,4,Yes,0,Yes
9281,Dhruv,20,Male,Noida,B.Tech,6.7,82,12,68,66,4,Yes,0,Yes
9282,Isha,21,Female,Bangalore,B.Tech,8.0,94,15,75,73,3,Yes,0,Yes
9283,Simran,25,Female,Shimla,M.Tech,7.9,92,12,71,68,4,No,0,No
9284,Rahul,19,Male,Jaipur,B.Sc,9.6,88,17,84,87,5,No,0,No
9285,Anika,20,Female,Gurugram,B.Tech,6.8,83,13,68,65,3,Yes,0,No
9286,Riya,22,Female,Gurugram,B.Tech,5.9,83,10,65,66,3,Yes,0,No
9287,Ayaan,22,Male,Chandigarh,MCA,5.9,85,10,68,63,3,No,0,Yes
9288,Aditya,21,Male,Chennai,B.Tech,8.7,89,13,79,74,5,No,1,No
9289,Ishaan,23,Male,Kolkata,M.Tech,4.5,75,5,52,47,3,No,2,No
9290,Dhruv,21,Male,Noida,B.Tech,5.2,78,12,59,50,3,No,1,No
9291,Riya,21,Female,Pune,B.Tech,6.9,86,13,65,69,3,No,1,No
9292,Anika,20,Female,Jaipur,B.Sc,6.3,77,11,62,56,3,No,1,No
9293,Reyansh,22,Male,Pune,B.Sc,8.0,82,16,72,75,3,No,0,No
9294,Ishaan,25,Male,Kolkata,M.Tech,4.5,80,7,58,53,2,No,1,No
9295,Ananya,24,Female,Mumbai,MCA,6.4,79,12,62,58,2,No,0,Yes
9296,Priya,21,Female,Shimla,BCA,6.2,88,13,67,63,2,No,0,No
9297,Anushka,18,Female,Mumbai,B.Sc,4.9,75,7,54,50,3,No,2,No
9298,Isha,22,Female,Jaipur,MCA,7.8,87,13,64,68,3,No,0,No
9299,Kabir,21,Male,Mumbai,BCA,6.4,84,9,63,61,4,No,1,No
9300,Aadhya,21,Female,Jaipur,B.Tech,6.3,76,13,62,57,3,Yes,1,No
9301,Ananya,19,Female,Bangalore,B.Tech,5.3,87,10,58,55,3,No,0,No
9302,Rohan,20,Male,Pune,B.Tech,5.9,79,12,61,59,2,No,0,No
9303,Meera,25,Female,Chennai,MCA,5.0,75,10,60,51,2,No,2,No
9304,Rahul,20,Male,Noida,BCA,7.8,84,14,76,66,4,Yes,0,Yes
9305,Aarav,19,Male,Bangalore,B.Tech,8.0,89,15,68,71,3,Yes,0,Yes
9306,Reyansh,22,Male,Gurugram,MCA,9.0,92,17,85,84,4,No,0,Yes
9307,Vivaan,18,Male,Ahmedabad,B.Tech,7.2,82,14,71,69,3,Yes,0,Yes
9308,Vivaan,18,Male,Kolkata,BCA,6.0,77,13,60,61,1,No,2,No
9309,Rohan,25,Male,Shimla,MCA,5.8,83,9,53,55,2,Yes,1,No
9310,Arjun,21,Male,Delhi,BCA,7.2,83,10,72,72,4,Yes,0,Yes
9311,Aarav,19,Male,Kolkata,B.Tech,6.8,79,11,64,65,3,No,0,No
9312,Ishaan,18,Male,Noida,BCA,6.2,81,12,64,61,4,No,0,Yes
9313,Vansh,20,Male,Hyderabad,B.Sc,6.1,80,12,59,53,3,Yes,2,No
9314,Aadhya,18,Female,Jaipur,BCA,8.3,95,14,77,80,4,Yes,0,Yes
9315,Ayaan,20,Male,Delhi,B.Tech,5.9,79,10,65,59,4,No,1,Yes
9316,Aarav,18,Male,Noida,B.Tech,8.5,89,14,85,79,4,Yes,0,Yes
9317,Anika,20,Female,Hyderabad,B.Sc,6.8,84,12,66,65,4,No,0,No
9318,Anushka,18,Female,Bangalore,BCA,5.9,79,10,67,55,3,No,0,No
9319,Diya,18,Female,Gurugram,B.Sc,5.3,80,12,57,51,3,Yes,4,No
9320,Reyansh,22,Male,Hyderabad,B.Sc,6.3,79,13,61,57,1,No,1,No
9321,Krishna,21,Male,Ahmedabad,BCA,7.3,85,14,65,63,4,Yes,0,Yes
9322,Riya,22,Female,Ahmedabad,MCA,5.9,82,11,64,65,3,No,0,No
9323,Shaurya,21,Male,Shimla,B.Tech,7.8,91,16,75,72,4,Yes,0,Yes
9324,Ishaan,22,Male,Chennai,B.Tech,5.9,79,11,61,55,4,No,0,Yes
9325,Kabir,20,Male,Mumbai,B.Sc,6.3,80,12,62,59,4,No,0,Yes
9326,Simran,21,Female,Chandigarh,B.Tech,4.6,81,6,51,49,2,No,4,No
9327,Dhruv,19,Male,Ahmedabad,B.Sc,7.3,84,14,73,64,3,No,2,No
9328,Anushka,22,Female,Noida,M.Tech,6.1,81,9,63,59,3,Yes,0,Yes
9329,Simran,23,Female,Ahmedabad,MCA,8.9,96,15,86,81,4,Yes,0,Yes
9330,Kabir,19,Male,Kolkata,BCA,7.6,87,14,69,69,3,Yes,0,Yes
9331,Diya,25,Female,Solan,MCA,6.6,82,11,67,60,3,No,1,No
9332,Anushka,21,Female,Pune,B.Tech,8.3,89,16,86,80,2,No,0,Yes
9333,Riya,19,Female,Noida,BCA,7.1,83,14,66,64,3,Yes,1,No
9334,Aditya,21,Male,Mumbai,BCA,8.0,89,13,74,69,4,Yes,0,No
9335,Simran,18,Female,Jaipur,B.Tech,5.2,75,10,54,56,2,No,0,No
9336,Ayaan,21,Male,Chandigarh,B.Tech,7.2,88,11,67,67,3,No,0,No
9337,Simran,23,Female,Delhi,MCA,7.3,86,11,78,75,2,Yes,0,Yes
9338,Reyansh,22,Male,Noida,B.Sc,4.2,75,8,42,40,1,No,2,No
9339,Rahul,19,Male,Jaipur,B.Sc,8.8,96,17,78,78,4,Yes,0,Yes
9340,Neha,22,Female,Chennai,B.Tech,4.8,72,6,55,46,1,No,3,No
9341,Meera,21,Female,Chennai,BCA,4.6,76,11,50,44,2,Yes,2,No
9342,Priya,22,Female,Kolkata,M.Tech,3.0,72,5,44,40,1,No,1,No
9343,Krishna,22,Male,Jaipur,B.Sc,7.2,83,13,69,67,3,No,0,No
9344,Ishaan,20,Male,Delhi,B.Sc,4.0,77,6,53,51,1,No,2,No
9345,Ananya,21,Female,Ahmedabad,MCA,5.7,78,10,60,59,1,No,0,No
9346,Sanya,18,Female,Pune,BCA,7.8,88,16,73,77,3,Yes,0,Yes
9347,Aadhya,20,Female,Pune,BCA,6.8,83,14,68,67,3,Yes,0,Yes
9348,Aarav,18,Male,Shimla,B.Tech,5.6,80,8,59,56,3,Yes,0,Yes
9349,Ayaan,20,Male,Noida,BCA,4.1,75,7,57,46,2,No,2,No
9350,Simran,21,Female,Noida,B.Sc,6.3,82,16,62,60,3,No,0,No
9351,Diya,20,Female,Noida,B.Tech,7.8,86,13,76,71,3,Yes,1,Yes
9352,Shaurya,18,Male,Ahmedabad,BCA,7.6,85,14,76,75,3,No,0,Yes
9353,Neha,21,Female,Jaipur,B.Tech,9.2,93,18,78,75,3,Yes,0,Yes
9354,Sanya,20,Female,Solan,B.Tech,5.5,79,11,55,52,2,Yes,1,No
9355,Kabir,20,Male,Noida,BCA,4.5,74,5,60,52,2,No,2,No
9356,Vansh,21,Male,Ahmedabad,B.Tech,7.0,86,13,67,70,4,Yes,0,Yes
9357,Dhruv,22,Male,Shimla,MCA,6.8,82,15,67,61,3,No,0,Yes
9358,Anushka,18,Female,Noida,B.Tech,6.5,87,12,67,66,3,No,0,No
9359,Rohan,19,Male,Solan,BCA,5.4,86,8,61,58,2,No,0,Yes
9360,Aditya,21,Male,Chennai,B.Tech,3.0,75,5,44,40,1,No,2,No
9361,Ananya,21,Female,Mumbai,B.Tech,5.0,81,9,58,54,1,No,2,No
9362,Ishaan,22,Male,Shimla,BCA,7.3,88,14,68,66,3,No,0,Yes
9363,Vivaan,25,Male,Hyderabad,MCA,6.9,84,17,67,64,4,No,1,No
9364,Shaurya,21,Male,Jaipur,BCA,7.9,82,14,64,68,4,No,0,No
9365,Aditya,25,Male,Pune,MCA,7.0,81,13,67,72,4,Yes,0,No
9366,Tara,20,Female,Ahmedabad,B.Tech,7.6,85,11,73,73,3,No,1,Yes
9367,Ishaan,19,Male,Jaipur,B.Tech,7.6,90,11,78,74,4,No,0,Yes
9368,Sanya,21,Female,Gurugram,B.Sc,6.5,84,11,71,70,4,No,1,Yes
9369,Ananya,20,Female,Pune,BCA,6.5,81,12,63,56,3,Yes,0,Yes
9370,Rohan,18,Male,Pune,BCA,3.0,65,5,44,40,2,No,1,No
9371,Ishaan,18,Male,Chennai,B.Tech,5.5,86,10,57,54,3,No,3,No
9372,Kabir,22,Male,Pune,B.Tech,5.6,81,10,58,51,2,No,3,No
9373,Ishaan,22,Male,Mumbai,BCA,6.3,85,11,72,64,2,No,0,Yes
9374,Riya,23,Female,Chandigarh,MCA,5.1,76,9,57,47,2,No,2,No
9375,Tara,18,Female,Delhi,B.Tech,7.9,87,12,75,69,4,No,0,No
9376,Ishaan,24,Male,Mumbai,M.Tech,5.2,77,7,56,51,3,No,2,No
9377,Rahul,19,Male,Hyderabad,B.Tech,8.2,89,17,84,76,4,No,0,Yes
9378,Vansh,22,Male,Bangalore,BCA,5.1,83,8,61,56,2,No,2,No
9379,Priya,20,Female,Mumbai,B.Tech,5.6,76,10,64,59,2,No,0,No
9380,Kabir,22,Male,Delhi,BCA,5.5,79,12,57,55,3,No,0,No
9381,Dhruv,20,Male,Jaipur,B.Tech,5.8,81,10,58,54,3,No,3,No
9382,Kabir,18,Male,Kolkata,B.Tech,8.3,89,16,74,77,4,No,0,Yes
9383,Kavya,25,Female,Pune,M.Tech,6.0,84,9,66,62,2,No,2,No
9384,Sanya,20,Female,Chandigarh,B.Sc,6.0,76,13,67,62,2,No,0,No
9385,Vivaan,20,Male,Delhi,B.Sc,5.4,85,10,64,58,2,No,2,No
9386,Ayaan,22,Male,Shimla,B.Tech,6.1,77,11,65,60,2,No,0,No
9387,Neha,22,Female,Noida,M.Tech,6.8,80,12,67,68,3,No,0,Yes
9388,Vivaan,21,Male,Hyderabad,BCA,6.2,80,12,58,60,2,No,0,Yes
9389,Riya,21,Female,Chennai,MCA,6.3,80,12,72,64,2,Yes,2,Yes
9390,Rahul,22,Male,Chandigarh,B.Tech,8.0,89,10,78,75,4,No,0,Yes
9391,Priya,22,Female,Chennai,B.Tech,6.9,85,12,71,66,4,Yes,0,Yes
9392,Aarav,22,Male,Chandigarh,M.Tech,4.8,77,9,58,59,4,No,2,No
9393,Ananya,18,Female,Mumbai,BCA,6.4,78,10,56,55,3,No,0,No
9394,Ananya,25,Female,Chennai,MCA,5.7,80,10,58,58,1,No,0,No
9395,Diya,19,Female,Hyderabad,B.Tech,7.3,86,13,73,77,2,No,0,Yes
9396,Simran,21,Female,Chandigarh,BCA,6.7,87,14,68,65,3,No,0,No
9397,Simran,23,Female,Chennai,MCA,8.2,89,16,76,69,4,No,0,No
9398,Kabir,21,Male,Solan,B.Sc,5.4,80,10,64,62,2,No,0,No
9399,Aadhya,21,Female,Shimla,B.Sc,6.2,88,9,67,60,2,Yes,1,No
9400,Isha,21,Female,Delhi,B.Tech,4.9,74,8,64,53,1,No,3,No
9401,Dhruv,21,Male,Delhi,B.Tech,6.4,81,13,64,66,4,No,0,No
9402,Anika,20,Female,Delhi,B.Tech,4.2,71,9,53,43,3,No,2,No
9403,Anushka,18,Female,Ahmedabad,BCA,7.0,89,10,73,73,3,Yes,0,Yes
9404,Kavya,21,Female,Hyderabad,MCA,6.4,87,14,65,61,3,No,0,No
9405,Rohan,19,Male,Kolkata,BCA,6.7,88,11,65,57,2,No,0,No
9406,Krishna,19,Male,Kolkata,BCA,7.7,89,14,74,74,4,Yes,0,Yes
9407,Arjun,25,Male,Kolkata,MCA,6.8,85,16,76,63,3,No,2,No
9408,Rohan,21,Male,Hyderabad,B.Tech,4.6,75,8,51,47,3,No,2,No
9409,Vivaan,24,Male,Shimla,MCA,5.7,82,11,63,53,3,No,2,No
9410,Aarav,23,Male,Shimla,M.Tech,6.4,79,11,63,59,2,No,0,Yes
9411,Kabir,21,Male,Gurugram,B.Tech,6.0,77,11,62,60,2,No,1,No
9412,Simran,20,Female,Gurugram,B.Tech,6.2,80,13,68,64,3,No,0,Yes
9413,Rahul,22,Male,Hyderabad,B.Tech,8.9,97,16,84,82,3,No,0,Yes
9414,Arjun,19,Male,Pune,B.Sc,6.7,82,12,64,65,4,No,0,Yes
9415,Aarav,19,Male,Noida,B.Tech,7.1,84,14,76,70,2,Yes,0,Yes
9416,Vansh,22,Male,Chandigarh,B.Sc,3.5,73,5,44,40,2,No,2,No
9417,Aadhya,22,Female,Hyderabad,BCA,7.6,89,14,76,73,2,No,0,Yes
9418,Aadhya,24,Female,Chandigarh,MCA,10.0,99,17,84,83,4,No,0,Yes
9419,Diya,22,Female,Shimla,MCA,8.5,86,15,82,82,3,Yes,0,Yes
9420,Rohan,21,Male,Chennai,M.Tech,5.8,80,9,71,63,3,No,0,No
9421,Anushka,22,Female,Bangalore,B.Tech,9.9,95,16,87,89,4,Yes,0,Yes
9422,Krishna,19,Male,Delhi,B.Tech,6.5,84,8,62,59,2,No,0,Yes
9423,Krishna,19,Male,Chennai,B.Tech,7.0,87,12,73,70,4,Yes,0,No
9424,Reyansh,20,Male,Gurugram,BCA,6.1,84,11,64,62,2,No,2,No
9425,Rohan,19,Male,Chandigarh,BCA,6.1,81,12,71,58,1,No,0,No
9426,Arjun,25,Male,Ahmedabad,M.Tech,3.1,74,5,43,40,1,No,2,No
9427,Rahul,24,Male,Solan,MCA,7.7,90,14,69,67,5,Yes,0,Yes
9428,Riya,19,Female,Chennai,B.Tech,6.1,84,12,65,60,3,No,0,No
9429,Vivaan,18,Male,Shimla,B.Sc,6.2,80,12,65,65,4,No,0,Yes
9430,Vansh,22,Male,Jaipur,B.Tech,6.9,86,13,66,65,3,No,0,No
9431,Rohan,21,Male,Kolkata,B.Tech,5.9,84,7,67,62,3,No,0,Yes
9432,Neha,24,Female,Jaipur,MCA,6.9,83,12,68,70,3,Yes,0,Yes
9433,Rahul,25,Male,Chennai,M.Tech,8.3,89,15,76,79,4,No,0,Yes
9434,Priya,21,Female,Chennai,B.Tech,7.1,90,14,74,66,4,Yes,0,Yes
9435,Diya,21,Female,Kolkata,MCA,6.3,83,13,64,64,2,Yes,1,No
9436,Dhruv,22,Male,Gurugram,MCA,6.3,82,11,61,59,1,No,0,No
9437,Aditya,22,Male,Gurugram,B.Tech,6.8,88,12,63,60,3,No,2,No
9438,Reyansh,19,Male,Gurugram,B.Tech,5.3,77,10,55,51,3,No,1,No
9439,Tara,19,Female,Jaipur,B.Sc,6.8,79,12,76,68,4,No,0,No
9440,Aarav,24,Male,Hyderabad,MCA,7.5,84,14,71,69,3,Yes,0,No
9441,Rohan,22,Male,Noida,BCA,6.6,87,13,64,61,3,Yes,1,No
9442,Vivaan,19,Male,Delhi,B.Tech,5.9,82,10,67,65,2,No,0,Yes
9443,Neha,20,Female,Pune,B.Sc,6.1,82,12,63,65,2,Yes,0,No
9444,Shaurya,18,Male,Gurugram,B.Sc,7.5,89,13,74,69,4,No,0,No
9445,Rahul,21,Male,Kolkata,BCA,4.8,77,6,56,47,3,No,3,No
9446,Aadhya,22,Female,Delhi,B.Tech,5.3,78,8,64,59,2,No,0,Yes
9447,Kavya,25,Female,Hyderabad,MCA,4.1,77,5,46,45,2,No,4,No
9448,Ananya,21,Female,Delhi,B.Sc,6.6,82,14,72,67,2,Yes,0,Yes
9449,Rohan,22,Male,Hyderabad,MCA,7.8,89,16,78,69,3,Yes,1,No
9450,Tara,24,Female,Noida,M.Tech,8.5,87,17,78,74,5,Yes,0,Yes
9451,Ananya,25,Female,Mumbai,MCA,8.8,88,16,76,77,3,No,0,No
9452,Aarav,23,Male,Noida,M.Tech,5.5,77,11,57,52,2,No,1,No
9453,Simran,22,Female,Solan,M.Tech,6.9,84,14,68,62,3,Yes,1,Yes
9454,Dhruv,21,Male,Noida,B.Sc,5.9,79,8,68,68,3,Yes,0,No
9455,Meera,22,Female,Ahmedabad,B.Sc,9.0,90,15,87,81,4,No,0,No
9456,Aditya,22,Male,Jaipur,B.Sc,8.5,89,16,77,80,4,Yes,0,Yes
9457,Tara,22,Female,Noida,B.Sc,6.8,84,12,76,71,5,Yes,0,Yes
9458,Aditya,20,Male,Jaipur,B.Tech,5.6,75,9,62,59,2,No,0,No
9459,Sanya,19,Female,Hyderabad,BCA,3.0,63,7,42,40,2,No,3,No
9460,Aarav,21,Male,Shimla,B.Tech,4.3,76,6,51,44,1,No,2,No
9461,Diya,19,Female,Pune,B.Tech,3.7,73,10,45,40,2,No,1,No
9462,Kavya,22,Female,Pune,B.Tech,4.3,71,10,52,48,3,No,1,No
9463,Reyansh,23,Male,Kolkata,M.Tech,9.3,94,16,86,79,4,Yes,0,Yes
9464,Tara,20,Female,Kolkata,BCA,4.6,77,10,52,52,3,Yes,3,Yes
9465,Anushka,22,Female,Chandigarh,B.Tech,4.9,76,9,59,53,1,No,1,No
9466,Aditya,19,Male,Noida,BCA,5.1,84,9,60,51,3,Yes,1,No
9467,Aarav,19,Male,Chennai,B.Tech,10.0,99,20,91,93,5,Yes,0,Yes
9468,Sanya,23,Female,Jaipur,MCA,6.4,81,12,69,64,3,No,1,No
9469,Rohan,18,Male,Solan,B.Tech,8.0,87,13,78,73,4,Yes,0,Yes
9470,Shaurya,20,Male,Solan,B.Tech,6.8,79,13,59,62,2,No,0,No
9471,Kabir,23,Male,Jaipur,MCA,3.5,76,9,51,40,1,No,1,Yes
9472,Kabir,21,Male,Bangalore,BCA,8.8,92,16,81,81,4,Yes,0,Yes
9473,Ayaan,23,Male,Hyderabad,MCA,7.1,87,13,69,70,5,No,0,No
9474,Dhruv,18,Male,Hyderabad,BCA,6.3,76,11,62,57,1,No,0,Yes
9475,Tara,20,Female,Delhi,B.Tech,9.1,94,17,82,77,4,Yes,0,Yes
9476,Sanya,19,Female,Shimla,BCA,6.0,79,9,62,59,4,No,0,Yes
9477,Aarav,21,Male,Kolkata,B.Tech,6.3,84,10,65,59,4,No,1,No
9478,Sanya,21,Female,Solan,B.Tech,6.0,83,10,66,67,3,No,0,No
9479,Riya,20,Female,Gurugram,B.Tech,8.1,88,15,70,69,5,No,0,No
9480,Riya,24,Female,Shimla,MCA,7.7,85,16,73,70,4,No,1,Yes
9481,Rahul,21,Male,Chennai,B.Sc,6.9,85,12,68,67,5,Yes,0,Yes
9482,Kabir,20,Male,Noida,B.Tech,4.9,75,10,64,50,2,No,4,No
9483,Isha,18,Female,Hyderabad,B.Tech,5.9,84,10,55,54,3,No,1,No
9484,Riya,23,Female,Delhi,M.Tech,4.9,75,10,58,55,2,Yes,1,No
9485,Sanya,19,Female,Kolkata,B.Tech,8.2,89,17,78,75,3,Yes,0,Yes
9486,Kavya,22,Female,Jaipur,BCA,4.1,72,7,52,42,2,No,2,No
9487,Ayaan,18,Male,Chandigarh,BCA,8.9,92,17,80,78,3,Yes,0,Yes
9488,Ishaan,20,Male,Kolkata,B.Sc,8.4,86,14,78,70,5,Yes,0,Yes
9489,Aditya,18,Male,Delhi,B.Tech,5.1,75,10,56,51,2,No,1,No
9490,Ishaan,25,Male,Shimla,M.Tech,5.9,88,6,79,71,2,Yes,0,No
9491,Meera,21,Female,Solan,BCA,5.4,81,7,58,52,2,No,4,No
9492,Kabir,21,Male,Shimla,B.Tech,7.1,86,14,67,67,2,Yes,0,Yes
9493,Reyansh,22,Male,Shimla,B.Tech,8.6,92,13,88,78,4,Yes,0,Yes
9494,Anika,21,Female,Kolkata,B.Tech,8.3,90,14,79,82,3,No,0,Yes
9495,Shaurya,18,Male,Solan,B.Tech,5.9,80,13,64,62,2,Yes,2,Yes
9496,Sanya,24,Female,Delhi,M.Tech,8.4,92,16,83,78,5,No,0,Yes
9497,Tara,22,Female,Gurugram,B.Tech,8.3,87,19,77,71,3,Yes,0,Yes
9498,Tara,25,Female,Pune,MCA,6.2,86,11,64,59,3,No,1,No
9499,Aarav,22,Male,Bangalore,BCA,6.5,83,12,66,63,2,Yes,0,Yes
9500,Rohan,19,Male,Kolkata,B.Tech,8.8,93,16,78,81,4,No,0,Yes
9501,Dhruv,18,Male,Shimla,B.Tech,8.1,93,13,72,65,3,No,1,No
9502,Ishaan,22,Male,Gurugram,BCA,8.3,91,15,75,78,4,Yes,0,Yes
9503,Ayaan,18,Male,Hyderabad,B.Sc,10.0,93,16,78,83,3,No,0,Yes
9504,Ananya,22,Female,Bangalore,MCA,7.3,89,15,71,65,4,No,0,Yes
9505,Arjun,18,Male,Hyderabad,B.Sc,7.0,90,14,69,58,5,No,2,No
9506,Aadhya,20,Female,Pune,BCA,8.5,84,14,79,78,4,No,0,Yes
9507,Shaurya,19,Male,Shimla,B.Tech,9.5,93,16,85,85,4,Yes,0,Yes
9508,Sanya,22,Female,Ahmedabad,MCA,5.6,80,11,59,53,3,Yes,1,No
9509,Neha,24,Female,Kolkata,MCA,6.2,81,12,68,65,2,No,0,No
9510,Ishaan,22,Male,Noida,BCA,5.0,74,7,53,55,2,No,2,No
9511,Ishaan,19,Male,Gurugram,B.Tech,7.0,82,13,63,61,3,No,0,No
9512,Tara,18,Female,Delhi,B.Sc,7.8,82,15,62,62,4,No,1,No
9513,Aadhya,20,Female,Delhi,B.Sc,5.1,81,10,58,58,3,No,2,Yes
9514,Neha,18,Female,Chandigarh,BCA,8.2,93,17,78,75,3,No,0,No
9515,Kabir,18,Male,Kolkata,BCA,5.8,84,11,68,63,3,No,0,No
9516,Aarav,23,Male,Solan,MCA,5.7,80,8,57,52,2,Yes,2,No
9517,Anushka,21,Female,Delhi,B.Tech,8.2,90,13,80,80,4,Yes,0,Yes
9518,Simran,22,Female,Ahmedabad,BCA,5.6,83,12,51,46,2,No,2,No
9519,Vivaan,19,Male,Solan,B.Tech,4.4,75,10,47,44,2,No,3,No
9520,Ananya,22,Female,Bangalore,B.Tech,7.6,84,14,73,71,3,Yes,0,Yes
9521,Arjun,24,Male,Shimla,M.Tech,6.3,80,12,66,61,3,No,1,No
9522,Aarav,20,Male,Pune,BCA,8.3,90,15,71,70,3,Yes,1,Yes
9523,Kabir,25,Male,Chennai,MCA,7.7,85,13,69,74,3,No,0,Yes
9524,Vansh,18,Male,Chandigarh,BCA,3.9,75,5,50,46,1,No,2,No
9525,Anika,22,Female,Solan,MCA,8.5,86,16,77,73,3,Yes,0,Yes
9526,Rahul,19,Male,Bangalore,BCA,9.3,92,19,85,78,4,Yes,0,Yes
9527,Kabir,21,Male,Pune,B.Tech,8.1,90,15,80,81,4,No,0,Yes
9528,Anika,24,Female,Hyderabad,MCA,8.1,89,14,71,68,5,No,0,No
9529,Isha,20,Female,Mumbai,B.Tech,6.1,79,10,64,60,2,No,0,Yes
9530,Kavya,21,Female,Solan,BCA,5.8,83,11,59,56,2,No,0,Yes
9531,Simran,22,Female,Noida,BCA,6.8,85,14,69,66,3,No,0,No
9532,Aditya,19,Male,Pune,B.Tech,7.9,81,15,70,65,2,No,0,No
9533,Ananya,20,Female,Pune,B.Tech,7.8,89,11,79,74,4,No,0,Yes
9534,Aadhya,21,Female,Ahmedabad,B.Sc,5.8,79,13,63,58,3,Yes,1,No
9535,Simran,18,Female,Chandigarh,B.Tech,5.7,78,12,56,53,3,No,1,No
9536,Arjun,19,Male,Jaipur,BCA,4.3,73,7,44,44,4,No,2,No
9537,Kabir,20,Male,Noida,BCA,7.5,83,13,75,72,3,No,1,No
9538,Priya,19,Female,Delhi,BCA,5.9,81,10,59,57,2,No,2,No
9539,Rahul,22,Male,Shimla,B.Sc,6.0,83,12,61,56,3,No,0,No
9540,Priya,24,Female,Chandigarh,MCA,9.1,92,13,85,88,4,No,0,Yes
9541,Isha,21,Female,Shimla,B.Tech,7.4,89,14,69,66,3,Yes,0,Yes
9542,Aadhya,21,Female,Chennai,B.Sc,7.0,86,13,70,67,5,No,1,No
9543,Riya,18,Female,Kolkata,B.Tech,7.7,81,14,71,70,4,No,0,Yes
9544,Aadhya,22,Female,Chennai,BCA,8.6,87,14,77,78,3,No,0,No
9545,Ishaan,18,Male,Ahmedabad,BCA,4.1,78,5,56,52,1,No,3,No
9546,Vivaan,22,Male,Jaipur,B.Tech,5.7,76,14,61,54,1,No,4,No
9547,Neha,22,Female,Chennai,B.Tech,6.2,73,11,64,63,2,Yes,2,No
9548,Vivaan,22,Male,Shimla,BCA,5.0,83,12,57,54,3,No,2,No
9549,Rahul,21,Male,Noida,B.Tech,6.1,82,12,60,58,2,No,0,Yes
9550,Aditya,21,Male,Jaipur,B.Tech,4.2,73,8,54,48,1,No,2,No
9551,Sanya,24,Female,Delhi,M.Tech,7.9,85,15,71,67,4,No,0,Yes
9552,Aditya,18,Male,Ahmedabad,B.Tech,5.7,82,12,62,56,3,No,0,No
9553,Anika,20,Female,Jaipur,BCA,6.8,85,14,70,60,3,No,0,No
9554,Kabir,22,Male,Hyderabad,B.Tech,6.6,84,13,64,61,2,Yes,0,Yes
9555,Rahul,21,Male,Mumbai,MCA,7.3,85,15,67,66,3,Yes,0,Yes
9556,Aadhya,21,Female,Bangalore,B.Tech,3.0,67,7,41,40,1,No,1,No
9557,Dhruv,21,Male,Bangalore,BCA,7.2,85,13,73,70,4,Yes,0,Yes
9558,Kavya,20,Female,Chandigarh,B.Sc,6.1,85,10,66,65,1,Yes,1,Yes
9559,Neha,24,Female,Noida,MCA,7.1,83,14,63,63,2,Yes,1,No
9560,Anika,25,Female,Solan,MCA,4.7,78,7,63,54,2,No,1,No
9561,Dhruv,19,Male,Mumbai,B.Tech,7.1,84,12,71,66,2,No,1,Yes
9562,Tara,24,Female,Chennai,MCA,8.4,92,16,77,77,4,Yes,0,Yes
9563,Anushka,20,Female,Jaipur,B.Sc,6.8,81,12,66,60,4,No,0,No
9564,Neha,22,Female,Jaipur,M.Tech,5.4,79,12,58,46,2,No,2,No
9565,Shaurya,25,Male,Noida,M.Tech,5.5,81,9,58,59,3,No,1,No
9566,Riya,22,Female,Solan,BCA,7.4,84,10,75,74,4,Yes,0,Yes
9567,Kavya,22,Female,Pune,B.Sc,7.4,87,15,81,71,4,No,0,Yes
9568,Anika,20,Female,Jaipur,BCA,7.0,84,13,67,60,1,No,0,Yes
9569,Dhruv,19,Male,Chennai,BCA,6.4,82,12,63,61,3,No,1,No
9570,Arjun,22,Male,Shimla,B.Tech,6.8,82,11,66,64,3,Yes,0,No
9571,Vansh,21,Male,Mumbai,B.Tech,6.4,85,9,60,61,3,No,0,Yes
9572,Shaurya,19,Male,Gurugram,B.Tech,5.9,78,9,63,57,2,No,0,No
9573,Rohan,25,Male,Solan,M.Tech,7.6,87,15,74,74,2,Yes,0,Yes
9574,Dhruv,19,Male,Pune,B.Tech,7.0,82,12,68,65,3,No,0,Yes
9575,Ananya,21,Female,Ahmedabad,B.Tech,8.4,89,15,70,75,3,Yes,0,Yes
9576,Vansh,18,Male,Shimla,B.Tech,8.2,91,12,68,69,4,Yes,0,Yes
9577,Isha,22,Female,Shimla,BCA,6.9,83,15,66,61,3,No,0,No
9578,Rahul,24,Male,Shimla,M.Tech,7.4,77,13,70,67,3,No,0,No
9579,Rahul,20,Male,Kolkata,B.Sc,5.1,74,13,48,49,1,No,2,No
9580,Rohan,22,Male,Kolkata,B.Tech,6.4,76,12,66,63,5,No,1,No
9581,Ishaan,21,Male,Gurugram,M.Tech,7.0,85,15,68,65,4,Yes,0,Yes
9582,Isha,21,Female,Chennai,B.Tech,4.1,74,6,47,40,2,No,1,No
9583,Meera,24,Female,Hyderabad,M.Tech,7.1,84,11,69,66,2,No,0,No
9584,Aditya,19,Male,Jaipur,B.Tech,5.1,76,9,51,46,1,No,3,No
9585,Aarav,22,Male,Chennai,B.Sc,5.2,79,10,47,44,4,No,1,No
9586,Vansh,18,Male,Jaipur,B.Tech,5.7,76,11,64,61,4,No,1,No
9587,Isha,23,Female,Pune,M.Tech,6.5,86,12,67,61,3,No,0,No
9588,Priya,19,Female,Delhi,B.Tech,4.5,76,12,50,43,1,No,2,No
9589,Aarav,22,Male,Jaipur,B.Tech,7.8,84,15,70,70,3,No,0,Yes
9590,Diya,21,Female,Chennai,MCA,6.8,83,12,64,59,2,No,1,No
9591,Anika,19,Female,Chennai,B.Tech,9.4,93,17,83,81,5,Yes,0,Yes
9592,Rahul,18,Male,Shimla,B.Sc,7.0,80,11,67,70,3,Yes,0,Yes
9593,Ayaan,18,Male,Noida,B.Sc,7.4,88,14,75,70,4,Yes,0,Yes
9594,Simran,19,Female,Delhi,BCA,5.2,81,11,56,54,3,Yes,3,No
9595,Aadhya,19,Female,Delhi,BCA,4.7,77,11,50,54,1,No,1,No
9596,Tara,25,Female,Chandigarh,MCA,7.4,89,13,70,68,3,Yes,1,No
9597,Isha,22,Female,Noida,MCA,4.9,85,9,68,60,2,No,0,Yes
9598,Dhruv,22,Male,Chandigarh,BCA,7.5,81,13,71,70,4,Yes,0,Yes
9599,Riya,18,Female,Hyderabad,B.Tech,9.1,92,18,84,81,5,Yes,0,Yes
9600,Isha,19,Female,Delhi,B.Tech,7.9,84,12,72,71,4,Yes,0,Yes
9601,Aditya,22,Male,Jaipur,B.Tech,7.4,91,12,80,73,3,Yes,0,Yes
9602,Diya,22,Female,Shimla,BCA,6.9,85,6,72,65,3,Yes,0,No
9603,Diya,23,Female,Ahmedabad,MCA,5.9,79,9,57,57,2,Yes,1,No
9604,Vansh,22,Male,Shimla,B.Sc,6.3,81,10,65,56,2,No,0,No
9605,Vivaan,22,Male,Gurugram,B.Sc,5.7,84,9,61,57,3,No,0,Yes
9606,Rahul,20,Male,Bangalore,BCA,4.5,77,6,55,48,3,No,2,No
9607,Meera,21,Female,Kolkata,B.Tech,6.6,85,10,71,63,3,No,0,No
9608,Vansh,19,Male,Kolkata,B.Sc,8.2,93,17,73,74,2,No,0,No
9609,Anika,20,Female,Ahmedabad,B.Sc,4.6,79,7,56,47,2,Yes,2,Yes
9610,Tara,22,Female,Jaipur,B.Sc,8.6,93,13,77,75,4,Yes,0,Yes
9611,Dhruv,22,Male,Delhi,B.Tech,8.3,89,13,83,81,5,Yes,0,Yes
9612,Ananya,19,Female,Ahmedabad,BCA,7.1,78,11,71,62,2,Yes,0,Yes
9613,Tara,18,Female,Hyderabad,B.Tech,7.1,85,13,62,65,4,No,0,Yes
9614,Ishaan,20,Male,Hyderabad,B.Tech,6.2,80,12,58,56,4,No,1,No
9615,Vivaan,21,Male,Mumbai,B.Sc,6.6,85,10,62,59,2,No,1,No
9616,Sanya,19,Female,Chandigarh,B.Tech,5.8,75,11,59,52,3,No,2,No
9617,Meera,22,Female,Chennai,MCA,6.5,85,14,68,64,2,No,2,No
9618,Ishaan,20,Male,Solan,B.Tech,6.7,84,14,70,66,3,No,1,No
9619,Vivaan,22,Male,Solan,BCA,9.3,94,18,83,84,3,Yes,0,Yes
9620,Reyansh,25,Male,Noida,MCA,7.3,87,14,70,66,4,No,0,No
9621,Diya,21,Female,Hyderabad,BCA,6.2,82,11,65,58,3,No,0,No
9622,Rahul,23,Male,Jaipur,MCA,6.4,81,14,77,70,3,No,0,Yes
9623,Vansh,19,Male,Mumbai,B.Sc,5.4,82,10,54,50,3,No,2,No
9624,Simran,23,Female,Mumbai,M.Tech,5.7,82,9,54,54,2,No,2,Yes
9625,Rohan,18,Male,Jaipur,B.Tech,7.9,90,14,73,68,4,No,1,No
9626,Diya,19,Female,Delhi,B.Tech,5.8,80,9,58,57,3,No,2,No
9627,Aarav,21,Male,Kolkata,BCA,5.6,80,10,57,58,2,Yes,2,No
9628,Anushka,21,Female,Mumbai,B.Sc,5.6,80,12,60,55,3,No,1,No
9629,Ayaan,19,Male,Ahmedabad,BCA,5.4,74,9,52,54,2,Yes,1,No
9630,Diya,22,Female,Solan,B.Tech,8.2,85,14,73,75,5,No,0,No
9631,Isha,19,Female,Chandigarh,B.Tech,6.7,83,14,66,64,4,No,0,No
9632,Aarav,19,Male,Solan,B.Tech,6.1,76,13,60,57,3,No,2,No
9633,Aditya,18,Male,Ahmedabad,B.Sc,6.5,82,11,65,60,3,No,1,No
9634,Aarav,19,Male,Jaipur,B.Tech,6.8,81,14,66,67,2,No,0,No
9635,Shaurya,20,Male,Jaipur,B.Tech,5.4,79,11,55,55,4,No,1,No
9636,Sanya,20,Female,Bangalore,B.Tech,4.4,76,7,51,43,3,No,4,No
9637,Anika,21,Female,Kolkata,B.Sc,8.5,84,17,76,76,5,No,0,Yes
9638,Ayaan,25,Male,Pune,MCA,8.0,89,13,79,73,5,Yes,0,Yes
9639,Tara,21,Female,Mumbai,BCA,7.1,84,12,63,64,3,No,1,No
9640,Ananya,18,Female,Delhi,B.Tech,7.9,81,13,72,73,3,No,0,Yes
9641,Kavya,19,Female,Jaipur,B.Tech,9.4,92,15,84,79,5,Yes,0,Yes
9642,Shaurya,21,Male,Delhi,BCA,5.7,81,12,62,57,2,No,0,No
9643,Ishaan,19,Male,Jaipur,BCA,4.8,76,9,55,51,2,No,3,No
9644,Rahul,21,Male,Ahmedabad,BCA,7.5,85,12,66,66,4,No,0,Yes
9645,Aadhya,22,Female,Kolkata,MCA,4.3,76,7,53,52,1,Yes,2,No
9646,Vansh,24,Male,Delhi,M.Tech,6.6,82,11,66,58,4,Yes,1,No
9647,Reyansh,20,Male,Pune,B.Tech,6.1,81,11,65,64,3,Yes,0,No
9648,Dhruv,18,Male,Solan,B.Tech,7.5,82,17,70,66,3,No,0,No
9649,Simran,21,Female,Noida,BCA,5.8,79,11,58,49,4,Yes,3,No
9650,Vansh,20,Male,Gurugram,BCA,8.3,95,15,84,80,3,No,0,No
9651,Rahul,22,Male,Jaipur,BCA,5.4,79,12,54,51,2,No,3,No
9652,Vansh,21,Male,Shimla,B.Sc,7.6,87,13,67,67,5,Yes,0,Yes
9653,Dhruv,19,Male,Mumbai,B.Tech,5.5,77,12,53,53,2,No,1,No
9654,Anushka,21,Female,Pune,MCA,7.3,84,13,71,70,2,Yes,0,Yes
9655,Kabir,20,Male,Noida,B.Sc,5.0,77,8,53,48,2,No,1,No
9656,Aarav,23,Male,Pune,M.Tech,6.5,85,11,66,65,3,No,1,No
9657,Tara,18,Female,Jaipur,B.Sc,8.5,93,15,85,75,4,Yes,0,Yes
9658,Reyansh,21,Male,Gurugram,B.Sc,6.7,82,12,62,60,4,No,1,No
9659,Krishna,19,Male,Kolkata,B.Tech,8.3,89,15,70,74,4,No,0,No
9660,Diya,22,Female,Gurugram,B.Sc,6.5,82,11,69,65,1,No,0,No
9661,Vivaan,21,Male,Bangalore,B.Tech,5.7,82,10,58,55,3,Yes,1,Yes
9662,Aditya,18,Male,Chandigarh,B.Sc,6.8,85,10,63,61,2,No,2,No
9663,Vivaan,21,Male,Solan,B.Tech,7.4,86,14,71,70,4,Yes,0,Yes
9664,Aarav,21,Male,Gurugram,B.Tech,3.6,76,8,48,41,2,No,1,No
9665,Riya,18,Female,Gurugram,B.Tech,7.3,87,13,68,68,4,Yes,0,Yes
9666,Priya,18,Female,Chandigarh,B.Tech,5.1,76,10,58,51,3,No,2,No
9667,Meera,22,Female,Hyderabad,B.Tech,4.7,76,7,51,52,2,No,3,No
9668,Vivaan,21,Male,Kolkata,M.Tech,7.3,85,15,67,67,3,Yes,1,No
9669,Ishaan,18,Male,Solan,B.Tech,8.5,87,16,70,77,4,No,0,Yes
9670,Anushka,18,Female,Pune,B.Sc,6.8,83,10,57,57,4,Yes,1,Yes
9671,Priya,20,Female,Hyderabad,B.Tech,4.5,79,10,55,52,1,No,1,No
9672,Dhruv,18,Male,Pune,BCA,5.5,83,11,55,48,3,No,2,No
9673,Aarav,18,Male,Pune,B.Tech,5.9,83,13,62,60,1,No,0,Yes
9674,Vansh,18,Male,Ahmedabad,B.Tech,6.8,86,15,76,69,1,Yes,0,No
9675,Rahul,22,Male,Hyderabad,B.Tech,6.4,83,14,67,63,2,No,1,No
9676,Krishna,21,Male,Shimla,BCA,7.2,83,14,69,69,4,Yes,0,Yes
9677,Vansh,18,Male,Shimla,B.Tech,8.0,90,15,78,77,4,Yes,0,Yes
9678,Meera,21,Female,Noida,MCA,7.0,80,11,76,73,3,Yes,0,Yes
9679,Kavya,22,Female,Chandigarh,BCA,7.8,85,14,65,67,3,No,0,No
9680,Ishaan,24,Male,Shimla,MCA,6.1,85,15,64,61,3,No,2,No
9681,Ayaan,25,Male,Kolkata,M.Tech,10.0,94,15,93,90,4,Yes,0,Yes
9682,Neha,19,Female,Solan,B.Sc,7.3,87,14,73,67,3,No,0,Yes
9683,Arjun,22,Male,Gurugram,MCA,7.5,85,13,76,72,3,No,1,No
9684,Sanya,19,Female,Bangalore,B.Tech,9.1,94,18,81,74,5,Yes,0,Yes
9685,Ishaan,21,Male,Shimla,MCA,6.6,78,12,59,60,3,Yes,0,No
9686,Neha,22,Female,Noida,B.Tech,5.5,83,12,68,63,3,Yes,0,No
9687,Shaurya,18,Male,Delhi,BCA,8.5,86,15,77,78,4,Yes,0,Yes
9688,Shaurya,19,Male,Noida,B.Sc,8.5,86,16,80,76,5,Yes,0,Yes
9689,Kabir,24,Male,Pune,MCA,6.7,87,13,72,61,3,Yes,2,Yes
9690,Kabir,24,Male,Noida,MCA,9.1,92,16,87,86,5,No,0,Yes
9691,Dhruv,22,Male,Pune,B.Tech,6.4,81,11,66,60,4,No,1,Yes
9692,Anushka,21,Female,Bangalore,BCA,7.9,92,16,78,71,3,Yes,0,Yes
9693,Aditya,19,Male,Shimla,B.Sc,8.8,93,17,83,83,4,No,0,Yes
9694,Dhruv,22,Male,Hyderabad,B.Sc,6.6,82,13,63,57,3,No,0,Yes
9695,Rohan,22,Male,Noida,B.Tech,7.2,85,15,74,69,4,Yes,0,Yes
9696,Anushka,19,Female,Jaipur,BCA,8.0,91,14,74,78,4,Yes,0,Yes
9697,Meera,22,Female,Ahmedabad,MCA,6.0,78,10,66,59,3,No,1,No
9698,Neha,19,Female,Gurugram,B.Sc,5.3,83,9,63,53,2,Yes,2,No
9699,Reyansh,19,Male,Jaipur,BCA,8.5,88,17,69,73,4,No,0,Yes
9700,Priya,22,Female,Delhi,B.Sc,7.0,82,13,71,68,3,Yes,0,No
9701,Diya,21,Female,Kolkata,BCA,5.7,83,11,63,53,3,No,2,No
9702,Priya,22,Female,Jaipur,MCA,6.6,85,10,72,66,2,No,0,No
9703,Aarav,20,Male,Mumbai,BCA,7.3,80,14,75,74,3,No,0,Yes
9704,Rohan,22,Male,Kolkata,BCA,4.1,74,9,51,49,1,No,2,No
9705,Rohan,21,Male,Shimla,MCA,7.6,83,15,73,70,3,No,0,Yes
9706,Kabir,21,Male,Hyderabad,B.Tech,7.1,87,13,65,65,5,No,0,No
9707,Meera,25,Female,Gurugram,MCA,9.0,97,18,83,83,5,No,0,No
9708,Vansh,19,Male,Ahmedabad,B.Sc,6.2,83,11,71,67,2,No,0,No
9709,Ishaan,23,Male,Bangalore,M.Tech,8.6,88,18,78,77,4,No,0,Yes
9710,Isha,18,Female,Gurugram,B.Tech,6.4,85,13,70,68,3,No,1,No
9711,Sanya,21,Female,Mumbai,B.Sc,6.7,83,10,67,61,4,Yes,1,No
9712,Aarav,22,Male,Hyderabad,MCA,6.9,84,12,68,67,3,No,0,Yes
9713,Sanya,22,Female,Shimla,B.Sc,9.6,92,18,87,83,3,No,0,Yes
9714,Krishna,22,Male,Mumbai,B.Tech,4.6,76,7,42,40,1,No,4,No
9715,Priya,21,Female,Ahmedabad,B.Tech,7.2,85,15,71,70,4,Yes,0,Yes
9716,Anushka,20,Female,Kolkata,BCA,6.6,76,9,54,64,2,No,0,Yes
9717,Priya,19,Female,Kolkata,BCA,6.5,83,13,65,63,2,Yes,0,Yes
9718,Simran,21,Female,Solan,B.Sc,7.4,85,14,68,66,4,No,0,No
9719,Priya,21,Female,Chandigarh,BCA,8.2,90,12,72,76,5,Yes,0,Yes
9720,Reyansh,25,Male,Chandigarh,MCA,7.3,80,13,74,69,3,No,0,Yes
9721,Dhruv,21,Male,Delhi,BCA,8.4,91,14,83,74,4,No,1,No
9722,Sanya,18,Female,Noida,B.Tech,6.1,81,13,61,61,3,No,0,No
9723,Shaurya,18,Male,Jaipur,B.Tech,6.4,84,10,75,72,3,No,0,Yes
9724,Aarav,19,Male,Chandigarh,B.Sc,5.0,73,10,58,53,2,No,2,No
9725,Ananya,21,Female,Ahmedabad,BCA,9.5,90,19,83,84,4,Yes,0,Yes
9726,Ananya,22,Female,Shimla,BCA,6.2,76,11,54,52,3,No,1,No
9727,Arjun,19,Male,Mumbai,B.Sc,6.1,82,13,63,59,2,Yes,1,No
9728,Vansh,20,Male,Jaipur,BCA,7.4,85,13,68,67,3,Yes,1,No
9729,Kabir,25,Male,Chandigarh,M.Tech,8.2,88,17,74,73,5,No,1,No
9730,Vivaan,23,Male,Gurugram,M.Tech,5.5,75,14,59,55,2,No,0,No
9731,Aarav,19,Male,Ahmedabad,B.Tech,8.3,85,16,73,63,3,Yes,1,No
9732,Kavya,21,Female,Chennai,MCA,6.0,74,12,65,60,1,No,1,No
9733,Dhruv,22,Male,Mumbai,B.Sc,8.6,86,15,75,71,3,No,1,No
9734,Kabir,22,Male,Delhi,BCA,5.7,78,13,56,55,4,No,1,No
9735,Ayaan,19,Male,Noida,BCA,7.6,85,15,75,75,3,No,0,Yes
9736,Anushka,25,Female,Gurugram,MCA,6.6,83,11,66,64,3,No,1,No
9737,Rahul,25,Male,Hyderabad,M.Tech,4.8,79,11,59,49,3,No,1,No
9738,Reyansh,19,Male,Mumbai,BCA,4.4,73,8,52,44,1,No,2,No
9739,Rahul,21,Male,Mumbai,B.Tech,5.4,80,11,53,50,5,No,2,No
9740,Aadhya,19,Female,Noida,B.Sc,8.0,90,14,77,77,4,No,0,Yes
9741,Anushka,22,Female,Shimla,B.Tech,3.6,76,5,45,43,2,No,2,No
9742,Rohan,19,Male,Chennai,B.Sc,7.0,86,11,70,68,3,Yes,0,No
9743,Krishna,25,Male,Delhi,MCA,6.9,84,12,66,61,2,No,0,No
9744,Kabir,20,Male,Delhi,BCA,4.0,71,8,48,46,2,No,3,No
9745,Ayaan,20,Male,Bangalore,B.Tech,5.3,79,9,58,53,2,No,2,No
9746,Aditya,18,Male,Solan,B.Sc,5.3,77,8,60,53,2,Yes,1,Yes
9747,Aarav,19,Male,Delhi,B.Tech,6.6,87,10,66,61,1,No,0,Yes
9748,Krishna,19,Male,Bangalore,B.Tech,8.7,91,18,69,67,3,Yes,0,No
9749,Vansh,20,Male,Gurugram,B.Sc,8.1,88,14,72,75,3,No,0,Yes
9750,Vivaan,23,Male,Jaipur,M.Tech,6.0,85,8,65,60,2,No,0,Yes
9751,Priya,20,Female,Noida,B.Sc,5.3,77,10,62,54,5,No,4,No
9752,Vivaan,18,Male,Solan,BCA,4.2,75,7,52,48,2,No,2,No
9753,Aditya,18,Male,Chandigarh,B.Sc,5.9,87,11,68,64,3,No,1,No
9754,Aarav,21,Male,Chandigarh,B.Tech,5.2,79,9,58,48,1,No,1,No
9755,Riya,22,Female,Noida,MCA,6.4,86,13,67,67,2,No,0,Yes
9756,Anushka,18,Female,Chennai,B.Sc,6.5,87,11,66,69,3,Yes,0,Yes
9757,Rohan,25,Male,Ahmedabad,M.Tech,5.8,79,10,65,60,4,No,1,No
9758,Arjun,22,Male,Mumbai,M.Tech,5.8,83,10,69,62,1,No,1,No
9759,Aditya,21,Male,Kolkata,BCA,5.5,78,11,55,59,2,Yes,0,Yes
9760,Krishna,23,Male,Kolkata,M.Tech,5.7,86,11,64,55,3,No,0,No
9761,Rohan,24,Male,Pune,M.Tech,8.7,95,15,77,75,2,No,0,Yes
9762,Priya,19,Female,Delhi,B.Sc,7.3,88,13,78,74,2,No,0,Yes
9763,Kavya,20,Female,Delhi,B.Tech,7.3,89,13,73,73,2,No,0,Yes
9764,Aadhya,21,Female,Shimla,B.Sc,8.0,86,16,74,73,3,Yes,0,Yes
9765,Rohan,21,Male,Ahmedabad,B.Tech,7.9,93,12,72,68,3,No,0,No
9766,Neha,19,Female,Mumbai,B.Sc,8.6,87,15,77,80,5,Yes,0,Yes
9767,Meera,18,Female,Noida,B.Tech,7.4,87,13,71,68,2,No,0,No
9768,Rahul,22,Male,Chandigarh,B.Sc,6.8,82,14,63,62,3,Yes,2,No
9769,Reyansh,24,Male,Mumbai,M.Tech,5.6,82,12,61,59,3,Yes,0,Yes
9770,Aditya,22,Male,Delhi,B.Tech,5.3,84,10,57,57,1,No,0,No
9771,Arjun,19,Male,Chandigarh,B.Sc,7.8,89,13,76,74,3,Yes,0,Yes
9772,Aarav,19,Male,Pune,B.Tech,6.3,83,11,61,60,3,Yes,1,No
9773,Simran,18,Female,Hyderabad,B.Sc,4.5,75,11,53,51,3,No,2,No
9774,Kabir,20,Male,Kolkata,B.Sc,3.4,72,6,45,40,1,No,2,No
9775,Anushka,22,Female,Hyderabad,B.Tech,9.7,93,18,87,85,5,No,0,No
9776,Aditya,21,Male,Kolkata,BCA,5.0,82,9,58,51,2,No,1,No
9777,Neha,23,Female,Jaipur,MCA,5.5,82,9,61,53,2,No,2,No
9778,Aditya,22,Male,Bangalore,BCA,8.3,88,14,74,70,3,Yes,0,Yes
9779,Isha,22,Female,Delhi,B.Sc,4.7,77,7,57,57,1,Yes,1,No
9780,Rohan,20,Male,Jaipur,B.Sc,7.3,94,13,75,68,5,Yes,1,Yes
9781,Ishaan,20,Male,Jaipur,B.Tech,9.2,93,17,86,85,5,Yes,0,Yes
9782,Diya,21,Female,Gurugram,MCA,9.7,98,18,88,86,4,Yes,0,Yes
9783,Rohan,21,Male,Ahmedabad,BCA,5.8,79,11,60,59,2,No,2,No
9784,Anika,21,Female,Kolkata,BCA,6.5,84,15,62,60,3,No,1,No
9785,Meera,21,Female,Hyderabad,B.Tech,5.9,79,15,58,60,2,No,0,No
9786,Kabir,20,Male,Chennai,BCA,6.5,81,12,63,60,3,No,2,No
9787,Vivaan,18,Male,Ahmedabad,B.Sc,8.4,92,17,83,80,4,Yes,0,Yes
9788,Ananya,19,Female,Bangalore,B.Sc,4.4,73,9,46,45,2,No,2,No
9789,Kabir,18,Male,Chandigarh,B.Sc,7.5,83,15,65,66,3,Yes,0,Yes
9790,Anushka,20,Female,Bangalore,B.Sc,6.2,84,13,64,62,2,No,0,No
9791,Meera,18,Female,Jaipur,BCA,8.6,89,15,76,77,5,Yes,0,Yes
9792,Aditya,20,Male,Pune,BCA,8.5,89,18,77,72,4,No,1,Yes
9793,Arjun,25,Male,Noida,M.Tech,5.9,75,13,58,58,4,Yes,2,Yes
9794,Priya,25,Female,Jaipur,M.Tech,6.3,78,13,60,62,1,No,2,No
9795,Ayaan,19,Male,Chandigarh,BCA,7.8,88,15,71,70,2,No,0,Yes
9796,Aarav,22,Male,Jaipur,B.Sc,8.0,87,15,71,70,4,Yes,1,Yes
9797,Vansh,19,Male,Solan,B.Tech,3.0,73,6,43,40,2,No,3,No
9798,Rohan,21,Male,Pune,B.Tech,7.8,85,15,67,73,3,Yes,0,Yes
9799,Aditya,20,Male,Noida,B.Sc,9.0,91,17,84,81,5,No,0,Yes
9800,Vivaan,21,Male,Shimla,BCA,6.9,84,13,65,65,2,No,0,No
9801,Diya,21,Female,Chandigarh,B.Tech,7.9,87,14,76,73,4,No,0,Yes
9802,Rahul,19,Male,Bangalore,B.Sc,8.4,91,15,76,77,5,No,0,No
9803,Ishaan,23,Male,Kolkata,MCA,6.8,81,15,71,63,4,No,1,No
9804,Ananya,22,Female,Shimla,M.Tech,7.7,88,14,74,77,3,Yes,0,Yes
9805,Sanya,18,Female,Ahmedabad,BCA,6.5,86,11,63,62,5,No,2,No
9806,Kavya,21,Female,Kolkata,BCA,6.4,80,12,74,66,3,No,0,No
9807,Shaurya,20,Male,Chandigarh,B.Tech,5.5,80,8,58,53,4,No,4,No
9808,Priya,21,Female,Bangalore,B.Sc,6.8,85,14,66,64,3,No,1,No
9809,Ayaan,21,Male,Ahmedabad,M.Tech,9.3,94,17,82,88,4,Yes,0,Yes
9810,Reyansh,21,Male,Solan,MCA,5.1,78,9,58,57,3,Yes,0,Yes
9811,Aarav,20,Male,Kolkata,B.Sc,7.4,90,13,67,65,4,No,0,No
9812,Aarav,20,Male,Bangalore,B.Tech,7.0,91,10,72,68,3,No,0,Yes
9813,Priya,18,Female,Mumbai,BCA,8.7,92,19,74,75,3,No,0,Yes
9814,Aditya,21,Male,Shimla,BCA,9.0,92,17,82,75,5,Yes,0,Yes
9815,Isha,25,Female,Gurugram,MCA,5.1,78,12,61,54,2,No,1,No
9816,Tara,21,Female,Solan,B.Tech,5.6,76,10,56,54,3,No,2,No
9817,Simran,22,Female,Chennai,BCA,5.7,76,11,62,54,1,No,1,No
9818,Rahul,19,Male,Chennai,B.Tech,5.8,77,12,53,57,2,No,0,No
9819,Tara,20,Female,Kolkata,B.Sc,5.9,81,12,59,53,3,No,1,No
9820,Dhruv,18,Male,Noida,B.Sc,7.0,84,12,64,60,3,Yes,2,No
9821,Aditya,19,Male,Delhi,B.Sc,5.2,83,7,67,60,4,No,0,No
9822,Kavya,21,Female,Ahmedabad,B.Sc,5.4,71,13,54,52,3,No,4,No
9823,Dhruv,22,Male,Kolkata,B.Sc,5.3,79,9,55,50,2,No,4,No
9824,Aditya,20,Male,Hyderabad,B.Tech,7.2,87,17,70,70,5,Yes,0,Yes
9825,Isha,22,Female,Delhi,BCA,6.4,85,11,66,63,5,No,0,No
9826,Arjun,24,Male,Delhi,M.Tech,6.1,82,13,62,64,4,No,1,No
9827,Sanya,21,Female,Shimla,B.Tech,5.2,79,10,53,45,2,No,1,No
9828,Arjun,18,Male,Noida,B.Tech,4.1,75,9,56,46,2,No,2,No
9829,Reyansh,19,Male,Bangalore,BCA,8.9,92,15,86,88,3,Yes,0,Yes
9830,Rahul,20,Male,Gurugram,BCA,6.1,81,11,64,61,3,No,0,Yes
9831,Reyansh,18,Male,Mumbai,BCA,10.0,100,18,91,89,5,Yes,0,Yes
9832,Reyansh,22,Male,Delhi,BCA,7.7,89,14,75,71,3,No,0,Yes
9833,Anika,22,Female,Ahmedabad,M.Tech,9.2,93,16,81,82,4,No,0,No
9834,Vivaan,20,Male,Shimla,B.Sc,8.0,86,14,72,68,4,No,0,No
9835,Sanya,22,Female,Jaipur,B.Tech,6.7,82,11,73,63,3,Yes,1,No
9836,Kabir,20,Male,Bangalore,B.Sc,5.6,84,9,64,60,3,No,1,No
9837,Dhruv,23,Male,Ahmedabad,MCA,5.0,70,10,48,49,1,No,3,No
9838,Isha,22,Female,Solan,MCA,8.2,89,14,75,77,5,Yes,0,Yes
9839,Anika,22,Female,Delhi,BCA,6.9,84,11,70,65,3,No,0,No
9840,Arjun,18,Male,Chandigarh,B.Tech,7.4,87,14,73,68,3,No,0,No
9841,Isha,21,Female,Gurugram,MCA,7.7,88,11,76,73,4,Yes,0,Yes
9842,Isha,18,Female,Pune,B.Sc,7.0,89,13,65,61,3,No,1,Yes
9843,Vansh,20,Male,Gurugram,BCA,5.8,81,11,63,60,3,No,1,No
9844,Meera,21,Female,Hyderabad,B.Tech,8.0,88,15,80,75,3,No,0,Yes
9845,Arjun,19,Male,Chandigarh,B.Sc,6.2,85,12,59,57,2,No,0,Yes
9846,Sanya,18,Female,Solan,B.Tech,6.6,88,10,75,68,4,No,0,No
9847,Ananya,19,Female,Bangalore,B.Tech,7.6,89,13,75,73,1,No,0,No
9848,Sanya,20,Female,Kolkata,B.Tech,6.4,85,12,66,63,2,Yes,0,No
9849,Aditya,19,Male,Chennai,BCA,3.8,73,7,44,45,2,No,2,No
9850,Rohan,18,Male,Chandigarh,BCA,8.1,89,13,74,72,4,No,0,Yes
9851,Neha,18,Female,Bangalore,B.Tech,8.4,94,16,78,82,4,No,0,Yes
9852,Vansh,20,Male,Chennai,B.Tech,3.8,75,8,43,40,1,No,1,No
9853,Ayaan,20,Male,Mumbai,B.Tech,4.9,76,7,54,51,2,Yes,1,No
9854,Anika,22,Female,Kolkata,B.Tech,9.5,93,14,81,77,5,No,0,No
9855,Rahul,20,Male,Ahmedabad,BCA,6.8,87,15,72,64,2,No,2,No
9856,Shaurya,21,Male,Kolkata,B.Tech,6.5,86,12,55,53,3,Yes,2,No
9857,Vivaan,21,Male,Pune,B.Tech,5.9,78,10,60,53,3,No,3,No
9858,Krishna,18,Male,Gurugram,BCA,5.0,79,8,53,47,2,No,1,No
9859,Tara,20,Female,Chennai,B.Tech,6.2,82,11,64,67,3,No,1,No
9860,Diya,21,Female,Kolkata,B.Tech,8.0,88,16,85,76,3,Yes,0,Yes
9861,Aditya,24,Male,Shimla,MCA,6.5,87,9,74,62,3,No,0,No
9862,Neha,22,Female,Hyderabad,BCA,7.4,85,13,69,69,4,Yes,1,No
9863,Anushka,23,Female,Delhi,MCA,9.1,90,19,81,81,5,Yes,0,Yes
9864,Simran,22,Female,Delhi,BCA,5.6,77,11,55,59,3,No,1,No
9865,Shaurya,22,Male,Mumbai,MCA,7.0,84,14,68,65,4,Yes,0,No
9866,Riya,22,Female,Hyderabad,B.Tech,8.0,86,15,77,67,3,No,0,No
9867,Rohan,19,Male,Gurugram,B.Sc,5.1,75,10,50,47,2,No,2,No
9868,Kavya,19,Female,Chennai,BCA,6.8,81,12,73,66,3,No,0,No
9869,Simran,23,Female,Chandigarh,MCA,9.3,90,16,86,80,5,Yes,0,Yes
9870,Shaurya,19,Male,Gurugram,BCA,6.0,79,12,65,58,3,No,1,No
9871,Kavya,22,Female,Mumbai,MCA,8.1,90,14,78,75,5,Yes,0,Yes
9872,Rohan,22,Male,Shimla,BCA,6.3,76,12,58,57,4,Yes,2,Yes
9873,Aadhya,20,Female,Jaipur,B.Sc,9.2,90,17,86,80,5,Yes,0,Yes
9874,Arjun,23,Male,Chandigarh,MCA,4.0,74,10,48,45,3,No,2,No
9875,Tara,22,Female,Shimla,M.Tech,6.6,87,12,61,65,2,Yes,0,No
9876,Aditya,22,Male,Mumbai,B.Sc,4.3,74,9,51,46,1,Yes,1,Yes
9877,Kabir,22,Male,Delhi,B.Tech,5.4,78,11,54,55,2,Yes,1,No
9878,Aarav,22,Male,Gurugram,B.Tech,5.4,79,10,56,53,3,No,1,No
9879,Vansh,22,Male,Jaipur,B.Tech,6.1,76,9,64,57,3,Yes,2,No
9880,Krishna,18,Male,Pune,B.Tech,4.7,78,8,54,50,2,No,3,No
9881,Neha,19,Female,Hyderabad,B.Tech,6.4,84,13,65,60,3,No,0,Yes
9882,Vansh,19,Male,Mumbai,BCA,7.2,88,11,76,67,4,No,1,No
9883,Arjun,22,Male,Jaipur,MCA,4.2,82,9,45,41,1,No,1,No
9884,Aarav,20,Male,Noida,B.Tech,5.5,75,12,62,59,2,No,1,No
9885,Meera,20,Female,Hyderabad,BCA,10.0,91,18,87,86,4,No,0,Yes
9886,Tara,22,Female,Chandigarh,BCA,7.0,87,14,70,72,4,No,0,No
9887,Anika,23,Female,Pune,MCA,3.8,72,7,48,45,1,No,4,No
9888,Ananya,21,Female,Delhi,B.Tech,4.4,72,9,53,46,2,No,1,No
9889,Vansh,19,Male,Ahmedabad,BCA,6.8,83,14,71,65,3,No,0,No
9890,Shaurya,22,Male,Noida,M.Tech,6.7,82,10,65,69,4,Yes,1,No
9891,Ishaan,18,Male,Gurugram,B.Tech,5.6,85,9,61,55,2,No,0,Yes
9892,Neha,18,Female,Chandigarh,B.Sc,9.8,100,20,91,90,4,No,0,Yes
9893,Aadhya,24,Female,Kolkata,MCA,10.0,90,20,78,83,5,No,0,No
9894,Rahul,18,Male,Shimla,B.Tech,6.1,77,9,61,53,4,No,3,No
9895,Ayaan,25,Male,Delhi,M.Tech,7.8,85,16,75,67,4,No,0,No
9896,Ayaan,25,Male,Chennai,MCA,7.9,86,10,72,73,4,No,0,Yes
9897,Rahul,19,Male,Gurugram,B.Tech,8.1,86,16,72,68,3,No,1,No
9898,Riya,22,Female,Bangalore,B.Tech,5.5,79,10,58,54,3,No,1,No
9899,Dhruv,18,Male,Delhi,B.Sc,9.4,92,16,81,77,5,Yes,0,Yes
9900,Diya,24,Female,Hyderabad,MCA,6.4,78,11,62,59,4,Yes,0,No
9901,Shaurya,22,Male,Delhi,B.Tech,7.1,82,12,66,65,2,No,1,No
9902,Kavya,19,Female,Mumbai,B.Sc,6.5,87,11,74,61,3,No,0,Yes
9903,Neha,19,Female,Gurugram,B.Tech,6.3,81,14,59,58,3,No,1,No
9904,Anushka,21,Female,Chandigarh,MCA,6.9,83,14,71,67,4,No,0,No
9905,Isha,22,Female,Noida,B.Sc,4.7,72,11,50,45,4,No,3,No
9906,Kavya,18,Female,Mumbai,BCA,3.5,71,6,47,40,1,No,4,No
9907,Anika,19,Female,Jaipur,B.Sc,6.2,85,12,68,61,3,No,0,No
9908,Anika,24,Female,Bangalore,MCA,5.2,80,8,64,55,1,Yes,1,Yes
9909,Priya,22,Female,Delhi,BCA,7.3,88,13,73,75,3,No,0,Yes
9910,Isha,21,Female,Bangalore,B.Sc,7.2,82,12,67,65,3,No,0,No
9911,Ananya,22,Female,Delhi,B.Tech,6.5,79,12,64,60,5,Yes,1,No
9912,Kavya,19,Female,Kolkata,B.Sc,8.7,94,15,89,83,3,Yes,0,Yes
9913,Meera,22,Female,Gurugram,B.Sc,6.5,85,10,67,64,4,No,1,No
9914,Aditya,19,Male,Chandigarh,BCA,4.3,74,8,46,44,1,No,3,No
9915,Aditya,20,Male,Ahmedabad,B.Sc,6.2,84,11,63,61,4,No,1,No
9916,Aarav,19,Male,Delhi,BCA,8.3,85,14,74,75,4,Yes,0,Yes
9917,Vivaan,22,Male,Delhi,M.Tech,3.7,69,5,49,40,2,No,2,No
9918,Simran,22,Female,Mumbai,B.Tech,6.4,78,10,58,59,3,No,0,No
9919,Aarav,21,Male,Noida,B.Tech,7.4,87,15,70,68,4,Yes,0,No
9920,Sanya,22,Female,Bangalore,MCA,10.0,96,19,89,87,4,Yes,0,Yes
9921,Anika,25,Female,Delhi,MCA,8.3,87,14,75,74,4,Yes,1,Yes
9922,Dhruv,19,Male,Pune,BCA,6.7,81,11,66,63,4,Yes,1,No
9923,Ananya,21,Female,Chennai,M.Tech,7.3,93,11,74,70,3,Yes,0,Yes
9924,Sanya,18,Female,Ahmedabad,B.Sc,3.7,72,6,48,42,1,Yes,1,No
9925,Rohan,21,Male,Shimla,M.Tech,4.9,81,9,53,44,2,No,4,No
9926,Kavya,18,Female,Pune,BCA,7.5,86,12,75,72,4,No,0,Yes
9927,Simran,21,Female,Shimla,B.Tech,6.7,82,15,64,64,3,Yes,1,No
9928,Shaurya,19,Male,Chennai,BCA,6.9,88,13,70,67,3,No,0,No
9929,Vansh,21,Male,Shimla,M.Tech,6.6,85,12,62,58,3,No,0,No
9930,Diya,22,Female,Gurugram,BCA,6.5,83,12,66,60,4,Yes,0,Yes
9931,Krishna,21,Male,Shimla,M.Tech,6.7,87,10,69,65,2,No,1,No
9932,Ayaan,20,Male,Hyderabad,B.Sc,4.9,85,7,59,55,3,No,2,No
9933,Dhruv,20,Male,Ahmedabad,BCA,6.2,80,13,60,62,3,No,0,Yes
9934,Anushka,21,Female,Hyderabad,BCA,4.6,78,11,59,54,2,No,2,No
9935,Ananya,20,Female,Jaipur,B.Sc,5.6,78,7,62,58,3,No,1,No
9936,Ananya,22,Female,Mumbai,B.Sc,8.3,86,16,75,66,4,Yes,0,No
9937,Shaurya,18,Male,Jaipur,B.Tech,6.2,79,13,62,57,3,No,2,No
9938,Tara,23,Female,Hyderabad,M.Tech,7.4,91,13,70,69,2,No,0,No
9939,Aarav,20,Male,Chennai,BCA,6.7,78,14,62,59,2,No,0,Yes
9940,Dhruv,24,Male,Delhi,M.Tech,5.9,82,12,68,59,1,No,2,No
9941,Reyansh,20,Male,Noida,B.Sc,5.0,75,10,54,47,4,No,3,No
9942,Krishna,18,Male,Pune,BCA,5.9,86,10,75,71,4,Yes,0,Yes
9943,Sanya,19,Female,Pune,BCA,6.8,83,12,63,58,1,No,0,No
9944,Sanya,21,Female,Bangalore,MCA,7.4,85,13,72,68,4,No,0,Yes
9945,Aarav,20,Male,Gurugram,B.Tech,6.7,88,13,70,63,3,No,0,No
9946,Diya,23,Female,Shimla,M.Tech,7.5,89,14,73,67,4,Yes,0,No
9947,Tara,20,Female,Solan,BCA,4.2,76,7,45,43,2,No,2,No
9948,Neha,24,Female,Delhi,M.Tech,7.8,90,11,70,72,3,No,0,No
9949,Arjun,25,Male,Mumbai,MCA,4.8,74,8,54,46,2,No,1,No
9950,Kavya,18,Female,Hyderabad,B.Sc,8.0,90,13,72,71,4,Yes,0,Yes
9951,Rahul,20,Male,Pune,BCA,7.3,85,11,75,70,3,Yes,0,Yes
9952,Neha,19,Female,Mumbai,BCA,3.7,74,6,47,40,1,No,2,No
9953,Reyansh,24,Male,Jaipur,MCA,7.6,88,15,74,68,4,No,0,No
9954,Kavya,22,Female,Pune,BCA,8.0,85,13,74,76,4,No,0,Yes
9955,Aarav,20,Male,Hyderabad,B.Sc,8.4,91,14,78,73,4,Yes,0,Yes
9956,Shaurya,18,Male,Jaipur,B.Sc,5.3,78,11,64,53,2,Yes,1,No
9957,Kavya,19,Female,Shimla,BCA,6.8,80,11,70,69,2,Yes,0,No
9958,Meera,21,Female,Delhi,BCA,7.5,86,12,73,71,2,No,0,No
9959,Tara,18,Female,Pune,B.Tech,7.6,87,15,75,68,3,No,0,No
9960,Riya,18,Female,Delhi,B.Tech,7.1,87,13,75,70,3,No,0,Yes
9961,Dhruv,24,Male,Pune,MCA,5.9,73,11,56,52,2,Yes,3,No
9962,Aarav,21,Male,Kolkata,MCA,8.0,89,14,69,74,3,Yes,0,Yes
9963,Aarav,19,Male,Solan,B.Tech,8.0,86,15,77,73,3,Yes,0,Yes
9964,Aarav,22,Male,Gurugram,MCA,6.3,84,12,70,66,3,No,0,No
9965,Simran,18,Female,Mumbai,B.Tech,5.3,79,9,51,49,3,No,1,No
9966,Aadhya,20,Female,Chennai,BCA,5.4,78,7,56,57,2,No,1,No
9967,Diya,18,Female,Gurugram,B.Tech,8.5,89,16,77,77,4,No,0,Yes
9968,Neha,23,Female,Delhi,M.Tech,7.9,89,14,71,74,3,No,0,Yes
9969,Aadhya,21,Female,Jaipur,M.Tech,6.5,85,13,66,64,3,Yes,1,Yes
9970,Dhruv,22,Male,Noida,B.Sc,6.2,79,10,58,55,3,No,0,No
9971,Vivaan,19,Male,Shimla,BCA,3.8,72,6,47,42,3,No,2,Yes
9972,Anika,18,Female,Jaipur,BCA,6.4,87,9,70,64,3,Yes,2,No
9973,Shaurya,19,Male,Mumbai,B.Sc,4.7,75,10,45,42,2,No,1,No
9974,Arjun,21,Male,Noida,B.Tech,6.7,85,14,63,58,2,Yes,0,No
9975,Shaurya,22,Male,Gurugram,BCA,8.3,85,14,81,82,3,No,0,No
9976,Ananya,20,Female,Chandigarh,B.Sc,5.0,72,9,51,42,3,No,1,No
9977,Rohan,21,Male,Chandigarh,BCA,6.9,81,11,57,62,3,Yes,0,No
9978,Aadhya,22,Female,Shimla,B.Tech,8.0,86,13,75,69,5,No,0,Yes
9979,Meera,21,Female,Kolkata,BCA,6.8,87,13,69,67,2,No,0,No
9980,Shaurya,19,Male,Kolkata,B.Sc,5.7,83,10,62,55,3,No,0,No
9981,Meera,25,Female,Solan,M.Tech,6.5,77,12,64,56,3,No,1,No
9982,Isha,21,Female,Pune,B.Tech,7.9,86,14,79,78,3,No,0,Yes
9983,Meera,20,Female,Gurugram,BCA,6.9,86,14,66,57,1,No,0,Yes
9984,Ananya,22,Female,Noida,BCA,6.5,82,11,65,64,2,No,2,Yes
9985,Reyansh,22,Male,Gurugram,B.Tech,8.2,93,16,76,75,3,Yes,0,Yes
9986,Neha,21,Female,Kolkata,B.Sc,7.3,88,16,74,73,3,Yes,0,Yes
9987,Rohan,18,Male,Delhi,B.Tech,4.7,76,6,57,53,3,Yes,3,No
9988,Riya,20,Female,Noida,B.Tech,7.4,85,13,72,71,3,No,0,Yes
9989,Isha,20,Female,Mumbai,B.Sc,7.9,87,14,83,80,4,Yes,0,Yes
9990,Isha,21,Female,Gurugram,BCA,4.6,74,7,55,52,1,No,1,No
9991,Vivaan,22,Male,Bangalore,M.Tech,3.1,74,6,50,42,2,Yes,4,No
9992,Aditya,19,Male,Chandigarh,BCA,4.9,79,11,53,48,1,No,2,No
9993,Aditya,18,Male,Chennai,BCA,6.3,83,8,62,59,3,No,0,Yes
9994,Ayaan,18,Male,Ahmedabad,B.Tech,8.0,89,11,84,79,4,Yes,0,Yes
9995,Aditya,21,Male,Chennai,B.Tech,5.2,75,12,51,48,1,No,2,No
9996,Ayaan,22,Male,Gurugram,M.Tech,7.3,87,13,74,77,5,Yes,0,Yes
9997,Krishna,20,Male,Pune,B.Sc,3.0,71,6,49,40,1,No,3,No
9998,Diya,19,Female,Solan,B.Tech,6.8,90,11,75,65,3,Yes,1,No
9999,Aditya,21,Male,Hyderabad,B.Sc,5.9,77,11,54,53,3,No,4,No
10000,Isha,22,Female,Jaipur,M.Tech,9.6,91,19,83,81,4,Yes,0,Yes
10001,Sanya,22,Female,Noida,B.Tech,3.7,68,7,48,48,1,No,2,No
10002,Riya,21,Female,Delhi,B.Tech,6.5,82,12,68,64,3,No,0,No
10003,Aadhya,22,Female,Gurugram,B.Tech,3.7,68,5,46,42,2,No,2,No
10004,Ishaan,24,Male,Kolkata,MCA,5.7,84,11,59,57,3,No,0,Yes
10005,Meera,20,Female,Gurugram,B.Tech,3.9,77,7,49,46,3,Yes,2,No
10006,Aditya,21,Male,Chennai,B.Tech,10.0,95,17,86,87,5,No,0,Yes
10007,Ishaan,21,Male,Hyderabad,BCA,6.0,78,12,56,53,4,Yes,1,No
10008,Kavya,21,Female,Bangalore,B.Sc,6.2,77,10,61,58,3,Yes,0,No
10009,Reyansh,24,Male,Ahmedabad,MCA,6.4,80,12,71,61,4,No,0,No
10010,Priya,18,Female,Solan,BCA,4.8,79,10,54,49,2,No,2,No
10011,Arjun,22,Male,Jaipur,BCA,8.1,86,15,69,75,3,Yes,0,Yes
10012,Aditya,24,Male,Ahmedabad,M.Tech,7.5,92,13,73,72,2,No,0,Yes
10013,Shaurya,21,Male,Ahmedabad,B.Tech,7.9,92,13,83,77,5,No,0,No
10014,Arjun,18,Male,Shimla,B.Tech,4.7,76,9,48,51,2,No,3,No
10015,Aditya,19,Male,Ahmedabad,B.Sc,8.2,87,14,76,72,4,Yes,1,Yes
10016,Aarav,18,Male,Noida,B.Sc,8.0,86,18,77,75,1,No,0,Yes
10017,Rohan,18,Male,Kolkata,BCA,6.2,86,9,61,57,2,Yes,1,No
10018,Diya,18,Female,Solan,B.Tech,7.8,85,14,74,71,4,No,0,Yes
10019,Dhruv,21,Male,Delhi,B.Sc,6.9,87,13,66,65,3,No,1,No
10020,Tara,18,Female,Jaipur,B.Sc,4.1,74,8,45,43,1,No,2,No
10021,Dhruv,21,Male,Kolkata,MCA,6.2,84,10,67,61,3,No,1,No
10022,Anushka,21,Female,Solan,MCA,5.8,78,12,67,58,4,No,0,No
10023,Vansh,21,Male,Noida,B.Tech,6.6,82,13,64,67,3,No,0,No
10024,Shaurya,23,Male,Solan,MCA,8.0,88,16,78,75,4,No,0,No
10025,Reyansh,20,Male,Bangalore,B.Tech,4.0,72,6,51,41,2,No,3,No
10026,Reyansh,22,Male,Kolkata,MCA,5.8,84,10,63,55,3,No,0,No
10027,Meera,21,Female,Solan,B.Sc,5.3,76,10,54,57,3,No,0,Yes
10028,Dhruv,18,Male,Mumbai,BCA,5.3,77,8,53,58,4,No,0,No
10029,Sanya,18,Female,Chandigarh,B.Sc,5.3,83,11,57,54,4,No,1,No
10030,Shaurya,18,Male,Chennai,B.Tech,6.6,87,12,67,61,3,No,2,No
10031,Kabir,20,Male,Hyderabad,B.Tech,7.3,90,15,71,69,4,No,0,No
10032,Simran,18,Female,Chandigarh,B.Tech,7.0,79,12,62,61,2,Yes,2,No
10033,Vansh,21,Male,Kolkata,MCA,6.8,84,15,67,66,3,No,0,No
10034,Sanya,20,Female,Jaipur,BCA,7.4,86,14,69,68,3,Yes,1,Yes
10035,Vansh,18,Male,Noida,B.Tech,10.0,93,19,89,88,4,Yes,0,Yes
10036,Isha,22,Female,Noida,MCA,6.7,84,11,66,63,4,Yes,2,No
10037,Arjun,22,Male,Bangalore,B.Tech,8.0,87,15,78,74,5,Yes,0,Yes
10038,Simran,22,Female,Solan,MCA,7.9,88,13,76,76,2,Yes,0,Yes
10039,Anushka,21,Female,Hyderabad,BCA,9.2,100,14,84,82,4,No,0,No
10040,Shaurya,19,Male,Mumbai,BCA,7.3,87,13,71,74,3,Yes,0,Yes
10041,Krishna,19,Male,Kolkata,B.Tech,5.2,79,11,57,59,3,No,0,No
10042,Kabir,23,Male,Hyderabad,MCA,7.0,87,13,70,65,4,No,0,No
10043,Aadhya,21,Female,Jaipur,B.Tech,6.9,85,12,70,65,5,No,0,No
10044,Reyansh,19,Male,Gurugram,B.Tech,7.7,84,13,70,69,4,No,1,No
10045,Reyansh,22,Male,Solan,B.Sc,5.2,73,13,54,49,3,No,2,No
10046,Aditya,22,Male,Bangalore,MCA,8.4,89,16,78,79,3,No,0,Yes
10047,Rahul,18,Male,Kolkata,B.Tech,6.5,82,9,53,58,2,No,1,No
10048,Meera,20,Female,Delhi,B.Sc,7.8,81,13,74,76,4,No,0,No
10049,Meera,18,Female,Noida,B.Sc,7.0,89,12,67,64,5,No,0,No
10050,Reyansh,21,Male,Shimla,BCA,6.7,84,11,66,62,3,Yes,0,Yes
10051,Riya,21,Female,Solan,BCA,6.9,88,13,67,58,4,Yes,0,No
10052,Tara,20,Female,Kolkata,B.Tech,7.5,80,13,72,67,3,No,0,Yes
10053,Shaurya,19,Male,Ahmedabad,BCA,9.4,97,16,90,84,4,Yes,0,Yes
10054,Krishna,21,Male,Solan,B.Sc,3.5,71,7,45,40,2,No,3,No
10055,Isha,22,Female,Solan,B.Tech,7.3,89,11,72,67,3,No,0,No
10056,Anushka,20,Female,Ahmedabad,BCA,6.6,84,9,66,62,4,No,1,No
10057,Priya,18,Female,Ahmedabad,B.Tech,6.2,83,13,64,60,2,No,1,No
10058,Shaurya,22,Male,Chandigarh,BCA,3.0,72,7,48,43,1,No,4,No
10059,Ayaan,20,Male,Jaipur,BCA,7.4,85,14,83,79,3,Yes,0,Yes
10060,Rahul,25,Male,Gurugram,MCA,6.3,80,12,63,56,3,Yes,0,Yes
10061,Anika,20,Female,Pune,BCA,5.2,77,9,59,55,2,No,1,No
10062,Sanya,18,Female,Jaipur,B.Tech,6.6,79,16,61,57,5,No,0,No
10063,Kavya,19,Female,Shimla,B.Tech,6.1,80,11,59,57,3,Yes,1,No
10064,Kabir,20,Male,Jaipur,B.Sc,3.9,72,11,44,44,2,No,4,No
10065,Ayaan,21,Male,Hyderabad,BCA,6.6,79,15,70,64,2,No,0,Yes
10066,Ayaan,18,Male,Shimla,B.Sc,7.4,87,14,75,68,4,No,1,No
10067,Kabir,18,Male,Delhi,BCA,5.7,80,10,59,56,3,No,0,No
10068,Shaurya,25,Male,Shimla,MCA,6.9,85,12,69,70,3,Yes,1,Yes
10069,Ishaan,24,Male,Solan,M.Tech,6.7,86,11,71,72,3,No,0,Yes
10070,Dhruv,22,Male,Hyderabad,B.Tech,8.1,88,15,80,75,4,No,0,No
10071,Riya,18,Female,Jaipur,B.Sc,6.3,79,12,65,61,2,No,0,Yes
10072,Riya,20,Female,Ahmedabad,B.Tech,7.7,88,12,74,72,5,No,0,Yes
10073,Aditya,21,Male,Hyderabad,BCA,6.0,72,15,64,55,2,No,1,No
10074,Ayaan,18,Male,Bangalore,BCA,9.5,93,16,80,77,5,No,0,Yes
10075,Vivaan,21,Male,Chennai,B.Sc,5.8,83,6,55,54,2,No,1,No
10076,Tara,20,Female,Hyderabad,BCA,5.5,82,10,65,57,3,Yes,2,No
10077,Tara,22,Female,Solan,MCA,6.3,80,10,62,55,3,Yes,0,No
10078,Isha,22,Female,Chandigarh,B.Tech,5.4,72,10,61,58,3,No,2,No
10079,Sanya,22,Female,Shimla,B.Tech,4.6,68,8,58,51,2,Yes,3,No
10080,Dhruv,18,Male,Bangalore,B.Tech,7.6,89,14,81,75,4,No,0,No
10081,Vansh,18,Male,Bangalore,B.Sc,3.0,69,7,40,40,2,No,3,No
10082,Shaurya,20,Male,Bangalore,B.Tech,5.4,85,8,64,52,4,Yes,3,Yes
10083,Rohan,18,Male,Mumbai,BCA,4.5,72,8,49,43,3,No,1,No
10084,Simran,18,Female,Chennai,B.Tech,6.7,84,13,64,62,3,Yes,2,No
10085,Rohan,18,Male,Ahmedabad,B.Tech,3.2,76,5,48,40,1,No,2,No
10086,Krishna,21,Male,Gurugram,B.Tech,7.3,86,10,68,63,4,No,0,Yes
10087,Aditya,21,Male,Jaipur,B.Tech,7.5,81,14,73,69,5,Yes,0,Yes
10088,Diya,19,Female,Jaipur,BCA,4.1,83,7,59,50,2,Yes,2,Yes
10089,Kabir,21,Male,Bangalore,BCA,6.8,89,11,69,69,4,No,0,Yes
10090,Meera,22,Female,Gurugram,B.Tech,7.3,85,13,72,69,4,No,0,Yes
10091,Vivaan,19,Male,Gurugram,B.Sc,7.9,90,14,74,68,2,No,0,No
10092,Kabir,18,Male,Shimla,B.Tech,4.3,78,9,55,42,2,No,1,No
10093,Vivaan,22,Male,Mumbai,BCA,4.1,76,6,57,41,2,No,3,No
10094,Kavya,19,Female,Bangalore,B.Sc,8.8,87,19,80,80,5,Yes,0,Yes
10095,Rohan,19,Male,Bangalore,BCA,5.3,80,7,58,50,4,No,1,No
10096,Kavya,25,Female,Hyderabad,M.Tech,5.7,84,10,67,62,4,Yes,1,Yes
10097,Shaurya,19,Male,Chandigarh,BCA,7.4,87,12,70,71,3,Yes,0,Yes
10098,Reyansh,25,Male,Mumbai,MCA,4.7,78,9,53,50,2,No,2,No
10099,Neha,19,Female,Shimla,B.Sc,6.1,80,11,60,57,2,No,0,No
10100,Rahul,22,Male,Jaipur,MCA,7.8,85,14,67,73,3,No,1,Yes
10101,Diya,22,Female,Solan,M.Tech,4.4,71,8,47,42,2,No,2,No
10102,Aadhya,22,Female,Chandigarh,B.Tech,5.7,82,12,62,54,2,No,3,No
10103,Rohan,19,Male,Noida,B.Tech,4.8,76,9,55,51,2,No,3,No
10104,Ananya,21,Female,Gurugram,B.Sc,5.3,75,12,53,53,1,Yes,3,No
10105,Vansh,21,Male,Noida,BCA,8.3,92,12,76,67,5,No,0,No
10106,Krishna,24,Male,Ahmedabad,MCA,8.6,88,12,71,76,4,Yes,0,Yes
10107,Aarav,21,Male,Solan,B.Tech,6.9,82,13,76,65,3,No,0,Yes
10108,Anika,24,Female,Kolkata,MCA,7.3,84,14,76,65,4,No,0,No
10109,Aditya,18,Male,Chennai,B.Tech,7.3,85,12,68,65,4,No,0,No
10110,Diya,19,Female,Jaipur,B.Tech,5.5,81,10,60,52,1,No,3,No
10111,Isha,23,Female,Ahmedabad,M.Tech,6.9,82,14,64,64,3,No,0,No
10112,Riya,18,Female,Hyderabad,B.Tech,4.6,79,9,59,53,3,No,2,No
10113,Kavya,22,Female,Pune,B.Tech,5.1,79,9,60,55,3,No,0,No
10114,Aarav,18,Male,Shimla,B.Tech,6.4,81,12,59,61,2,No,0,No
10115,Krishna,23,Male,Mumbai,MCA,4.9,77,10,51,47,3,No,2,No
10116,Kabir,18,Male,Ahmedabad,B.Sc,4.6,75,6,53,49,3,No,1,No
10117,Meera,22,Female,Kolkata,MCA,5.4,79,9,64,52,2,Yes,3,No
10118,Neha,21,Female,Chandigarh,BCA,8.2,93,16,77,78,4,Yes,0,Yes
10119,Diya,19,Female,Bangalore,BCA,8.8,90,13,85,80,3,Yes,0,Yes
10120,Simran,18,Female,Gurugram,B.Tech,6.5,83,10,67,62,4,No,0,No
10121,Aadhya,20,Female,Noida,B.Tech,7.4,84,11,67,65,5,No,0,Yes
10122,Aarav,22,Male,Pune,BCA,5.7,82,12,60,56,2,No,0,Yes
10123,Aadhya,19,Female,Ahmedabad,B.Sc,3.4,73,5,49,40,2,No,1,No
10124,Diya,20,Female,Chandigarh,B.Tech,5.2,82,11,62,49,3,Yes,2,No
10125,Dhruv,22,Male,Chandigarh,B.Tech,6.0,79,10,65,64,3,No,0,No
10126,Ananya,21,Female,Chandigarh,B.Tech,6.7,86,15,69,63,1,No,0,No
10127,Arjun,19,Male,Chandigarh,BCA,6.3,86,12,68,62,4,Yes,1,No
10128,Anushka,19,Female,Chandigarh,B.Tech,6.1,80,13,72,64,4,No,0,No
10129,Anushka,21,Female,Pune,B.Tech,5.6,79,11,69,63,3,Yes,0,Yes
10130,Ananya,21,Female,Noida,B.Tech,7.0,85,12,69,64,4,No,0,Yes
10131,Reyansh,21,Male,Gurugram,MCA,4.5,75,8,45,46,2,No,1,No
10132,Kavya,22,Female,Solan,B.Tech,7.7,87,14,74,77,4,No,0,Yes
10133,Meera,23,Female,Shimla,MCA,5.6,82,9,61,61,2,No,0,Yes
10134,Kabir,21,Male,Bangalore,BCA,9.6,93,19,80,82,4,Yes,0,Yes
10135,Diya,18,Female,Gurugram,B.Sc,6.0,81,15,63,57,2,No,2,No
10136,Anika,22,Female,Jaipur,B.Tech,5.8,81,11,57,53,3,No,3,Yes
10137,Isha,22,Female,Mumbai,BCA,5.7,79,11,62,56,3,No,0,No
10138,Kabir,19,Male,Ahmedabad,B.Tech,5.8,79,11,63,56,3,No,0,Yes
10139,Rahul,18,Male,Chandigarh,B.Tech,7.4,83,9,72,70,2,Yes,0,Yes
10140,Kavya,21,Female,Mumbai,MCA,6.4,82,12,69,63,3,No,1,No
10141,Reyansh,19,Male,Gurugram,B.Sc,8.0,89,15,77,74,5,Yes,0,Yes
10142,Ishaan,20,Male,Pune,B.Tech,7.2,84,11,73,68,3,Yes,0,Yes
10143,Riya,21,Female,Ahmedabad,BCA,6.5,80,9,70,66,4,Yes,0,No
10144,Dhruv,19,Male,Mumbai,BCA,7.1,85,13,68,66,5,No,0,Yes
10145,Anika,21,Female,Gurugram,B.Sc,8.3,90,17,77,74,5,No,1,No
10146,Vansh,18,Male,Solan,B.Sc,7.5,87,13,71,68,2,No,0,No
10147,Krishna,19,Male,Chennai,B.Tech,6.9,91,12,68,65,3,No,1,No
10148,Ishaan,20,Male,Hyderabad,B.Tech,7.1,83,16,68,68,3,No,0,Yes
10149,Dhruv,21,Male,Kolkata,BCA,4.8,76,10,58,49,2,No,2,No
10150,Meera,21,Female,Jaipur,BCA,10.0,97,16,92,89,5,No,0,Yes
10151,Neha,21,Female,Jaipur,BCA,7.3,83,12,63,58,3,No,0,Yes
10152,Ayaan,18,Male,Chandigarh,B.Sc,7.4,92,17,81,71,3,No,0,Yes
10153,Kabir,21,Male,Noida,B.Sc,6.5,83,11,69,63,4,Yes,1,No
10154,Rohan,22,Male,Noida,BCA,3.1,73,5,46,40,1,No,2,No
10155,Vansh,24,Male,Ahmedabad,MCA,6.1,81,12,57,50,3,No,1,No
10156,Krishna,18,Male,Gurugram,B.Tech,6.6,86,11,63,62,2,Yes,2,No
10157,Neha,19,Female,Delhi,BCA,5.3,75,10,63,54,3,No,2,No
10158,Ananya,24,Female,Mumbai,M.Tech,5.3,83,10,64,52,2,No,3,No
10159,Riya,21,Female,Pune,BCA,6.0,82,11,67,62,3,Yes,2,Yes
10160,Vivaan,19,Male,Shimla,BCA,7.7,89,16,74,74,3,Yes,0,Yes
10161,Neha,22,Female,Noida,B.Tech,8.4,87,13,82,71,2,No,0,No
10162,Priya,21,Female,Hyderabad,MCA,6.8,85,12,63,64,3,No,1,No
10163,Tara,19,Female,Solan,BCA,5.6,77,9,54,51,1,No,2,No
10164,Arjun,18,Male,Noida,B.Sc,6.0,85,13,68,61,4,Yes,0,No
10165,Isha,19,Female,Delhi,B.Tech,6.6,79,12,61,56,3,No,0,No
10166,Simran,20,Female,Chennai,B.Tech,6.8,84,15,67,64,4,No,0,No
10167,Riya,22,Female,Mumbai,B.Tech,7.2,84,12,63,63,3,No,0,No
10168,Ayaan,20,Male,Kolkata,B.Tech,5.8,76,11,48,56,3,No,1,No
10169,Rahul,22,Male,Bangalore,MCA,7.3,83,15,66,67,1,No,0,No
10170,Ayaan,22,Male,Pune,MCA,7.2,87,12,69,67,4,No,0,No
10171,Arjun,18,Male,Noida,BCA,5.9,78,13,57,58,2,No,0,No
10172,Aadhya,19,Female,Solan,B.Tech,3.9,72,7,51,47,2,No,1,No
10173,Krishna,18,Male,Kolkata,B.Tech,5.2,79,10,62,51,1,No,2,No
10174,Krishna,18,Male,Gurugram,B.Sc,8.9,94,17,85,84,4,Yes,0,Yes
10175,Krishna,19,Male,Hyderabad,B.Tech,4.0,76,7,46,42,2,No,1,No
10176,Aarav,18,Male,Solan,B.Sc,8.5,90,14,81,76,3,Yes,0,Yes
10177,Ayaan,22,Male,Bangalore,B.Tech,3.9,74,7,44,40,3,No,1,No
10178,Anika,20,Female,Hyderabad,B.Sc,5.3,79,7,66,58,2,No,0,Yes
10179,Aadhya,22,Female,Kolkata,MCA,5.9,78,9,61,57,2,Yes,0,Yes
10180,Dhruv,18,Male,Solan,BCA,9.2,93,16,80,84,5,Yes,0,Yes
10181,Aarav,21,Male,Shimla,MCA,6.5,80,14,65,55,2,No,1,No
10182,Rahul,18,Male,Ahmedabad,B.Sc,6.2,84,13,65,57,3,No,1,No
10183,Dhruv,18,Male,Solan,B.Sc,5.1,78,11,60,54,4,No,3,No
10184,Simran,22,Female,Chennai,BCA,7.3,79,11,61,62,4,No,2,No
10185,Riya,19,Female,Noida,B.Tech,5.7,83,11,59,56,3,No,0,No
10186,Riya,22,Female,Solan,MCA,6.2,80,10,65,59,3,No,0,No
10187,Sanya,22,Female,Solan,B.Sc,6.0,79,11,65,61,2,Yes,1,Yes
10188,Aarav,22,Male,Delhi,B.Sc,7.6,89,15,87,74,3,Yes,0,Yes
10189,Diya,22,Female,Solan,BCA,7.6,86,15,78,80,2,Yes,0,Yes
10190,Neha,19,Female,Solan,B.Tech,5.2,80,11,55,52,3,No,4,No
10191,Neha,24,Female,Delhi,M.Tech,5.6,78,8,66,61,3,No,0,No
10192,Kabir,20,Male,Noida,B.Tech,5.4,81,8,62,53,1,No,3,No
10193,Priya,25,Female,Shimla,MCA,6.8,84,14,73,66,3,No,1,No
10194,Meera,22,Female,Jaipur,B.Tech,7.9,89,17,77,75,1,Yes,0,Yes
10195,Kavya,19,Female,Shimla,BCA,6.8,83,12,73,67,5,No,1,No
10196,Kabir,19,Male,Pune,BCA,3.2,76,6,51,43,1,No,4,No
10197,Isha,23,Female,Bangalore,M.Tech,7.6,92,15,77,70,3,Yes,1,Yes
10198,Aadhya,21,Female,Solan,MCA,4.5,69,9,48,41,3,No,4,No
10199,Isha,22,Female,Kolkata,MCA,5.4,82,11,58,57,3,No,0,Yes
10200,Anika,20,Female,Noida,BCA,6.8,81,11,63,59,2,Yes,0,No
10201,Diya,19,Female,Jaipur,B.Tech,6.4,84,13,65,64,3,Yes,2,No
10202,Shaurya,19,Male,Solan,B.Sc,7.8,82,14,76,70,4,No,0,Yes
10203,Anushka,19,Female,Gurugram,BCA,5.6,81,8,63,57,2,No,2,No
10204,Reyansh,21,Male,Hyderabad,B.Sc,5.1,75,8,52,48,3,No,3,No
10205,Isha,21,Female,Pune,B.Sc,6.0,80,10,66,60,2,No,2,No
10206,Reyansh,22,Male,Gurugram,BCA,8.0,87,17,70,72,4,No,0,Yes
10207,Reyansh,21,Male,Chennai,B.Sc,7.4,84,12,72,74,2,Yes,0,Yes
10208,Priya,23,Female,Kolkata,MCA,6.6,81,12,71,65,3,No,0,Yes
10209,Diya,22,Female,Pune,M.Tech,8.5,89,12,73,74,3,No,0,No
10210,Riya,21,Female,Chandigarh,BCA,8.2,88,16,77,74,4,No,0,No
10211,Isha,19,Female,Hyderabad,B.Sc,7.7,88,13,71,70,4,No,0,Yes
10212,Diya,18,Female,Chennai,BCA,4.7,82,9,63,52,3,No,1,No
10213,Kabir,22,Male,Solan,B.Tech,7.7,84,14,81,72,3,Yes,0,Yes
10214,Shaurya,21,Male,Ahmedabad,B.Tech,6.2,82,12,66,62,2,No,0,No
10215,Arjun,19,Male,Kolkata,B.Tech,5.9,83,11,66,61,3,No,2,No
10216,Ayaan,18,Male,Kolkata,B.Tech,5.5,77,13,64,61,3,No,1,Yes
10217,Ananya,22,Female,Jaipur,B.Tech,6.2,75,11,64,60,2,No,1,No
10218,Ananya,25,Female,Noida,MCA,5.6,74,13,54,52,2,No,3,No
10219,Aadhya,18,Female,Bangalore,BCA,6.8,77,13,63,63,3,Yes,1,No
10220,Aarav,21,Male,Pune,BCA,6.2,86,12,64,63,4,No,0,No
10221,Rohan,21,Male,Pune,BCA,6.8,86,14,61,60,2,No,2,No
10222,Anika,19,Female,Chennai,BCA,7.3,88,13,76,63,4,No,0,No
10223,Anushka,20,Female,Delhi,B.Tech,6.1,84,12,59,54,3,No,1,No
10224,Ayaan,19,Male,Jaipur,B.Tech,5.4,77,10,61,59,3,No,0,No
10225,Priya,22,Female,Bangalore,MCA,3.5,79,7,46,45,1,No,3,No
10226,Isha,19,Female,Pune,B.Sc,7.7,88,17,73,75,4,No,0,Yes
10227,Aarav,18,Male,Hyderabad,BCA,6.6,83,15,68,63,2,Yes,0,No
10228,Isha,22,Female,Hyderabad,BCA,6.2,85,12,71,63,3,No,0,Yes
10229,Rohan,22,Male,Chennai,B.Tech,8.3,91,17,81,80,4,No,0,Yes
10230,Riya,20,Female,Mumbai,BCA,4.6,80,10,55,51,1,No,1,No
10231,Aarav,21,Male,Pune,BCA,6.6,87,14,68,56,4,No,2,No
10232,Dhruv,19,Male,Jaipur,B.Sc,5.1,77,10,52,49,1,No,3,No
10233,Sanya,18,Female,Ahmedabad,B.Tech,7.5,87,14,75,71,4,No,0,Yes
10234,Krishna,21,Male,Solan,MCA,3.2,68,7,43,40,1,No,2,No
10235,Riya,19,Female,Delhi,B.Tech,7.7,82,13,68,66,4,No,0,No
10236,Ishaan,18,Male,Bangalore,BCA,7.6,89,14,77,74,4,Yes,0,Yes
10237,Aditya,18,Male,Noida,B.Sc,5.1,81,7,64,56,2,Yes,0,Yes
10238,Aarav,19,Male,Chandigarh,BCA,6.6,77,13,63,64,2,No,1,No
10239,Kabir,20,Male,Solan,BCA,5.1,76,10,54,56,2,No,1,No
10240,Kavya,18,Female,Kolkata,B.Tech,7.1,85,14,67,68,3,Yes,0,No
10241,Aarav,22,Male,Pune,BCA,7.7,87,13,75,73,4,No,0,Yes
10242,Isha,22,Female,Jaipur,B.Tech,5.0,84,10,54,49,2,No,1,No
10243,Meera,22,Female,Bangalore,B.Tech,4.6,74,9,53,50,1,No,3,No
10244,Ananya,19,Female,Kolkata,B.Tech,8.1,88,18,74,71,3,Yes,1,Yes
10245,Aarav,22,Male,Chandigarh,B.Sc,9.4,95,18,87,83,4,Yes,0,Yes
10246,Neha,21,Female,Delhi,B.Tech,7.2,84,12,72,65,3,No,1,No
10247,Ishaan,18,Male,Hyderabad,B.Tech,7.4,84,11,66,61,3,No,0,Yes
10248,Aditya,20,Male,Gurugram,BCA,6.0,79,11,64,63,3,No,1,No
10249,Vansh,25,Male,Gurugram,MCA,6.8,84,11,69,66,3,Yes,0,No
10250,Reyansh,19,Male,Noida,B.Sc,7.0,84,11,68,67,4,Yes,0,No
10251,Ishaan,23,Male,Ahmedabad,MCA,6.2,84,10,63,59,3,Yes,1,No
10252,Riya,19,Female,Ahmedabad,BCA,8.5,91,14,77,82,4,Yes,0,Yes
10253,Arjun,20,Male,Ahmedabad,BCA,6.8,75,14,63,67,3,Yes,0,No
10254,Arjun,20,Male,Chennai,B.Sc,7.0,79,11,63,62,4,No,2,Yes
10255,Riya,18,Female,Shimla,B.Tech,6.3,81,11,61,59,3,Yes,2,No
10256,Aarav,20,Male,Jaipur,B.Tech,6.4,85,9,67,62,4,No,0,No
10257,Rahul,21,Male,Bangalore,B.Tech,8.3,87,12,74,70,4,Yes,0,Yes
10258,Aarav,21,Male,Pune,B.Tech,6.7,85,12,71,65,3,Yes,0,Yes
10259,Simran,21,Female,Gurugram,B.Sc,6.8,86,13,68,64,3,No,1,No
10260,Reyansh,19,Male,Noida,BCA,6.8,85,11,66,57,3,Yes,1,No
10261,Vansh,18,Male,Kolkata,B.Tech,6.0,79,9,63,52,2,No,1,No
10262,Dhruv,22,Male,Mumbai,MCA,4.4,72,5,49,45,1,No,3,No
10263,Ananya,22,Female,Pune,BCA,8.9,87,16,76,79,3,Yes,0,Yes
10264,Neha,21,Female,Ahmedabad,BCA,8.1,97,16,78,73,5,No,1,No
10265,Riya,21,Female,Shimla,M.Tech,8.4,91,13,70,77,3,Yes,0,Yes
10266,Rohan,21,Male,Pune,B.Tech,4.9,83,8,50,46,1,No,3,No
10267,Reyansh,18,Male,Jaipur,B.Sc,8.7,88,17,75,73,4,Yes,1,Yes
10268,Vivaan,19,Male,Ahmedabad,BCA,9.5,97,17,82,78,4,Yes,0,Yes
10269,Shaurya,19,Male,Mumbai,B.Sc,8.1,87,14,78,75,3,No,0,Yes
10270,Ishaan,24,Male,Noida,M.Tech,9.0,91,17,86,77,3,No,0,No
10271,Aditya,20,Male,Pune,BCA,7.7,86,13,74,69,4,No,0,No
10272,Sanya,18,Female,Jaipur,B.Tech,5.2,76,8,49,48,3,No,2,No
10273,Kavya,22,Female,Ahmedabad,B.Tech,7.3,83,14,64,60,4,No,0,No
10274,Vansh,20,Male,Delhi,B.Tech,5.0,77,7,57,50,3,Yes,1,No
10275,Meera,19,Female,Chennai,B.Sc,5.6,78,8,59,55,2,No,1,Yes
10276,Aditya,18,Male,Hyderabad,B.Tech,7.0,85,12,62,58,2,No,1,No
10277,Kabir,20,Male,Solan,B.Tech,6.8,81,13,63,64,2,No,1,No
10278,Anushka,22,Female,Gurugram,B.Sc,7.2,87,15,67,68,3,Yes,0,Yes
10279,Ayaan,20,Male,Kolkata,B.Tech,3.8,72,6,54,43,1,No,2,No
10280,Dhruv,25,Male,Mumbai,MCA,6.3,87,13,69,63,4,No,0,No
10281,Rahul,19,Male,Bangalore,B.Tech,7.3,85,15,69,67,4,Yes,0,No
10282,Sanya,18,Female,Mumbai,B.Tech,7.6,86,14,73,71,3,Yes,0,Yes
10283,Simran,19,Female,Chandigarh,B.Tech,7.7,92,15,76,72,4,No,0,Yes
10284,Aditya,21,Male,Chennai,M.Tech,6.9,83,15,68,63,3,No,0,Yes
10285,Sanya,20,Female,Gurugram,BCA,5.9,79,10,68,58,2,Yes,0,Yes
10286,Kavya,19,Female,Bangalore,B.Tech,7.3,83,13,75,73,3,No,1,No
10287,Meera,18,Female,Solan,BCA,6.1,82,13,69,61,1,No,0,No
10288,Meera,22,Female,Shimla,B.Sc,7.9,85,13,75,70,2,No,0,No
10289,Arjun,18,Male,Pune,B.Tech,7.1,87,13,69,69,4,Yes,0,Yes
10290,Aarav,19,Male,Gurugram,B.Sc,6.4,82,11,60,59,4,No,0,No
10291,Ayaan,19,Male,Chandigarh,B.Tech,5.3,81,12,55,48,3,No,1,No
10292,Neha,20,Female,Noida,B.Tech,8.2,91,13,81,77,3,No,0,No
10293,Neha,22,Female,Hyderabad,BCA,7.3,84,13,65,62,4,Yes,0,Yes
10294,Aadhya,18,Female,Pune,B.Tech,9.7,92,16,85,81,5,Yes,0,Yes
10295,Kavya,22,Female,Ahmedabad,M.Tech,7.3,85,11,65,63,4,No,0,Yes
10296,Tara,18,Female,Kolkata,B.Tech,7.4,86,10,71,68,3,No,0,Yes
10297,Sanya,21,Female,Mumbai,B.Sc,4.3,76,7,48,42,2,No,3,No
10298,Anika,22,Female,Solan,B.Tech,7.0,86,13,72,69,4,No,1,No
10299,Neha,25,Female,Delhi,MCA,6.0,81,11,61,60,3,No,0,No
10300,Vansh,21,Male,Pune,B.Tech,7.7,85,14,69,66,3,Yes,1,No
10301,Aarav,25,Male,Mumbai,M.Tech,7.0,83,12,64,62,3,No,0,No
10302,Ishaan,21,Male,Chennai,B.Tech,8.0,90,16,77,73,4,Yes,0,Yes
10303,Simran,18,Female,Solan,B.Sc,9.7,92,19,86,83,4,Yes,0,Yes
10304,Aditya,21,Male,Delhi,BCA,5.3,80,10,56,53,2,No,2,No
10305,Kavya,20,Female,Gurugram,BCA,7.9,89,15,74,66,4,Yes,0,No
10306,Reyansh,21,Male,Chennai,B.Tech,7.5,91,13,72,67,4,Yes,0,No
10307,Dhruv,21,Male,Gurugram,MCA,9.5,92,20,76,75,4,No,0,Yes
10308,Tara,22,Female,Gurugram,B.Tech,7.6,86,15,72,67,4,Yes,0,No
10309,Aditya,20,Male,Delhi,B.Sc,7.4,79,13,62,60,3,No,0,No
10310,Vivaan,21,Male,Shimla,BCA,7.8,84,14,69,64,5,No,1,No
10311,Kabir,21,Male,Pune,M.Tech,7.9,85,14,75,72,4,Yes,0,Yes
10312,Reyansh,20,Male,Pune,B.Sc,8.7,92,15,79,77,4,Yes,0,Yes
10313,Anika,20,Female,Jaipur,B.Tech,5.3,84,10,66,58,1,No,1,No
10314,Aarav,20,Male,Ahmedabad,BCA,5.9,82,8,59,57,2,No,0,No
10315,Sanya,21,Female,Noida,B.Tech,9.1,95,16,82,82,4,No,0,Yes
10316,Rohan,18,Male,Kolkata,B.Tech,3.6,70,6,47,40,1,No,2,No
10317,Anika,18,Female,Shimla,B.Tech,6.4,79,12,63,60,2,No,0,Yes
10318,Aarav,21,Male,Mumbai,MCA,6.7,83,12,71,65,3,No,0,No
10319,Ananya,22,Female,Hyderabad,MCA,6.2,80,11,66,61,3,Yes,0,Yes
10320,Neha,22,Female,Ahmedabad,B.Tech,8.9,89,17,86,81,3,Yes,0,Yes
10321,Rahul,18,Male,Gurugram,BCA,7.2,86,13,64,61,4,Yes,0,Yes
10322,Anika,19,Female,Gurugram,B.Tech,5.9,77,12,63,58,4,Yes,1,No
10323,Meera,19,Female,Ahmedabad,B.Tech,5.5,82,11,56,51,2,Yes,2,Yes
10324,Reyansh,20,Male,Noida,B.Tech,6.9,83,16,69,66,4,Yes,0,Yes
10325,Vivaan,22,Male,Gurugram,B.Sc,8.2,89,16,76,77,4,Yes,0,Yes
10326,Aadhya,23,Female,Noida,M.Tech,6.7,84,11,64,59,3,No,2,Yes
10327,Meera,22,Female,Hyderabad,B.Tech,6.3,81,11,69,62,3,Yes,0,No
10328,Arjun,20,Male,Chandigarh,B.Tech,5.5,83,9,54,59,2,No,0,No
10329,Vivaan,21,Male,Kolkata,B.Tech,7.1,80,13,75,64,2,Yes,0,No
10330,Anika,25,Female,Chennai,M.Tech,7.0,88,14,73,63,4,Yes,1,Yes
10331,Diya,19,Female,Noida,B.Tech,5.4,78,9,59,57,3,Yes,1,Yes
10332,Riya,19,Female,Jaipur,BCA,8.0,91,14,76,79,4,Yes,0,No
10333,Aarav,25,Male,Bangalore,MCA,9.1,92,17,81,85,4,Yes,0,Yes
10334,Kavya,20,Female,Chennai,B.Tech,6.6,86,11,69,65,2,No,0,Yes
10335,Rohan,21,Male,Noida,BCA,7.0,84,11,63,61,2,Yes,0,Yes
10336,Rahul,21,Male,Chandigarh,B.Tech,4.8,78,9,43,42,2,No,1,No
10337,Ananya,21,Female,Hyderabad,MCA,7.6,90,11,74,72,4,No,0,No
10338,Meera,22,Female,Jaipur,B.Tech,7.2,85,12,67,68,3,No,0,No
10339,Kabir,24,Male,Noida,M.Tech,6.0,85,12,60,59,4,Yes,0,Yes
10340,Kabir,23,Male,Mumbai,M.Tech,5.4,80,7,53,45,2,No,2,No
10341,Anushka,20,Female,Chennai,B.Sc,9.3,90,14,87,81,5,Yes,0,Yes
10342,Riya,19,Female,Shimla,BCA,7.1,84,11,76,71,2,No,0,Yes
10343,Priya,21,Female,Shimla,B.Sc,5.1,81,5,58,48,2,No,2,No
10344,Tara,21,Female,Kolkata,B.Tech,7.8,84,17,72,65,4,Yes,0,Yes
10345,Reyansh,20,Male,Jaipur,B.Tech,6.8,86,12,70,68,3,Yes,1,No
10346,Riya,19,Female,Pune,B.Tech,6.6,82,11,67,64,4,Yes,0,No
10347,Anushka,21,Female,Shimla,B.Sc,8.0,84,12,72,76,4,No,0,Yes
10348,Neha,23,Female,Pune,MCA,3.0,71,9,48,42,3,No,2,No
10349,Anushka,22,Female,Delhi,M.Tech,3.8,71,8,52,43,1,No,3,No
10350,Priya,19,Female,Chennai,B.Sc,8.6,88,15,81,79,3,Yes,0,Yes
10351,Krishna,20,Male,Jaipur,B.Sc,6.3,80,13,71,62,3,No,0,No
10352,Shaurya,22,Male,Jaipur,MCA,5.9,81,11,65,55,2,No,0,No
10353,Tara,22,Female,Kolkata,M.Tech,4.5,75,7,50,49,1,No,1,No
10354,Vansh,18,Male,Kolkata,BCA,6.8,85,11,68,64,2,Yes,0,No
10355,Vivaan,19,Male,Delhi,B.Tech,7.0,88,12,74,73,2,Yes,0,Yes
10356,Diya,21,Female,Hyderabad,BCA,8.7,92,14,76,76,5,No,0,Yes
10357,Diya,19,Female,Pune,BCA,7.1,90,14,70,68,2,Yes,0,No
10358,Aarav,21,Male,Delhi,B.Sc,6.0,87,10,58,58,3,No,2,No
10359,Priya,23,Female,Bangalore,M.Tech,7.1,84,15,77,70,3,Yes,1,Yes
10360,Sanya,22,Female,Solan,MCA,8.2,85,14,77,74,4,No,0,Yes
10361,Aadhya,20,Female,Chennai,BCA,7.8,86,13,76,74,3,Yes,0,Yes
10362,Diya,22,Female,Mumbai,B.Tech,7.4,86,13,65,69,2,Yes,0,Yes
10363,Vivaan,19,Male,Noida,B.Tech,6.9,91,11,75,71,2,No,0,No
10364,Ayaan,20,Male,Chandigarh,B.Tech,5.6,78,9,60,56,2,No,1,No
10365,Arjun,22,Male,Jaipur,BCA,5.0,78,10,49,46,2,No,2,No
10366,Kabir,24,Male,Mumbai,MCA,4.7,74,10,55,49,1,No,2,No
10367,Aadhya,21,Female,Chennai,BCA,7.1,84,13,65,61,4,No,0,No
10368,Anushka,21,Female,Shimla,BCA,7.2,82,11,69,64,3,No,1,Yes
10369,Anika,21,Female,Chandigarh,B.Tech,8.1,84,14,77,74,5,Yes,0,Yes
10370,Kavya,21,Female,Ahmedabad,BCA,7.3,90,12,73,69,2,Yes,1,No
10371,Riya,21,Female,Pune,MCA,8.1,92,17,70,73,4,Yes,1,No
10372,Shaurya,20,Male,Jaipur,B.Sc,6.3,81,13,65,58,3,Yes,2,No
10373,Rohan,22,Male,Shimla,B.Tech,7.7,90,16,78,74,3,No,0,Yes
10374,Neha,25,Female,Bangalore,MCA,5.0,74,8,54,51,3,No,2,No
10375,Krishna,19,Male,Chandigarh,B.Tech,6.4,82,10,67,60,2,No,0,No
10376,Aditya,20,Male,Pune,B.Sc,3.8,74,8,51,43,1,No,1,No
10377,Meera,18,Female,Jaipur,B.Tech,6.5,87,11,59,60,2,No,1,No
10378,Aarav,18,Male,Pune,B.Sc,8.3,90,15,83,79,5,No,0,Yes
10379,Ananya,20,Female,Shimla,B.Tech,6.6,85,12,65,56,3,No,2,No
10380,Krishna,21,Male,Gurugram,B.Sc,7.6,85,13,69,70,3,Yes,0,Yes
10381,Dhruv,21,Male,Hyderabad,B.Sc,6.9,85,14,66,64,4,Yes,0,No
10382,Ayaan,20,Male,Ahmedabad,B.Tech,5.6,83,8,66,54,1,Yes,2,No
10383,Simran,25,Female,Kolkata,M.Tech,6.2,77,11,68,60,4,No,2,No
10384,Aditya,21,Male,Hyderabad,B.Tech,8.3,92,16,80,77,4,Yes,0,Yes
10385,Tara,22,Female,Jaipur,MCA,7.6,86,16,70,70,4,No,0,No
10386,Priya,18,Female,Bangalore,BCA,5.6,75,10,70,65,3,No,0,No
10387,Kavya,21,Female,Mumbai,B.Sc,4.4,75,10,52,44,1,No,1,No
10388,Aditya,22,Male,Hyderabad,B.Sc,6.8,88,14,67,63,4,No,1,No
10389,Ayaan,21,Male,Pune,B.Tech,5.6,78,14,63,60,2,No,0,Yes
10390,Anushka,21,Female,Kolkata,B.Tech,6.2,83,12,64,63,3,Yes,1,Yes
10391,Neha,18,Female,Kolkata,BCA,4.3,70,11,58,49,3,No,3,No
10392,Anushka,22,Female,Kolkata,MCA,8.1,83,16,70,69,3,No,1,No
10393,Vansh,22,Male,Kolkata,M.Tech,6.4,79,9,63,62,4,No,0,No
10394,Simran,22,Female,Bangalore,B.Tech,6.6,86,12,74,61,2,No,0,No
10395,Aditya,20,Male,Delhi,BCA,5.3,78,8,60,55,4,No,1,No
10396,Aarav,20,Male,Gurugram,B.Sc,6.1,85,13,63,59,3,No,1,No
10397,Ayaan,20,Male,Bangalore,BCA,6.7,87,12,65,61,3,No,2,No
10398,Rahul,25,Male,Solan,M.Tech,5.6,77,8,54,53,2,No,2,No
10399,Dhruv,21,Male,Pune,B.Tech,6.2,86,12,60,61,3,No,1,No
10400,Dhruv,19,Male,Noida,BCA,8.6,88,17,82,76,3,No,0,Yes
10401,Sanya,19,Female,Jaipur,B.Sc,3.9,77,6,53,43,1,No,4,No
10402,Vivaan,21,Male,Delhi,B.Tech,6.8,87,12,71,68,2,No,0,No
10403,Meera,19,Female,Gurugram,B.Sc,5.3,79,10,54,47,1,No,2,No
10404,Rohan,19,Male,Hyderabad,B.Tech,8.5,90,13,77,74,4,No,0,No
10405,Aditya,20,Male,Shimla,BCA,6.2,83,12,66,68,4,No,0,Yes
10406,Kabir,20,Male,Shimla,B.Sc,4.9,77,11,60,54,1,No,1,No
10407,Vansh,18,Male,Noida,B.Tech,6.2,81,10,65,60,4,Yes,1,No
10408,Riya,18,Female,Delhi,B.Tech,7.0,83,15,69,61,3,No,0,No
10409,Ayaan,22,Male,Chennai,M.Tech,10.0,94,19,84,78,4,Yes,0,Yes
10410,Arjun,23,Male,Shimla,MCA,3.3,75,6,50,45,1,No,1,No
10411,Arjun,21,Male,Pune,M.Tech,4.7,72,9,51,44,4,No,2,No
10412,Neha,21,Female,Gurugram,M.Tech,8.5,88,18,72,73,4,No,0,Yes
10413,Meera,20,Female,Bangalore,B.Tech,4.2,74,8,47,47,2,No,1,No
10414,Aarav,18,Male,Shimla,B.Tech,6.5,82,12,68,62,3,No,0,No
10415,Arjun,21,Male,Mumbai,B.Tech,5.8,81,10,64,57,2,No,0,Yes
10416,Dhruv,24,Male,Ahmedabad,MCA,5.5,75,10,47,50,3,No,2,No
10417,Aadhya,20,Female,Noida,B.Sc,6.2,85,12,65,65,2,No,1,No
10418,Aditya,20,Male,Pune,B.Sc,6.0,84,11,58,58,2,No,1,No
10419,Isha,21,Female,Jaipur,M.Tech,8.1,90,14,78,80,3,Yes,0,Yes
10420,Ishaan,19,Male,Kolkata,BCA,8.5,89,17,80,71,4,No,0,Yes
10421,Ananya,22,Female,Kolkata,B.Tech,7.1,83,14,64,65,3,No,0,No
10422,Anushka,21,Female,Gurugram,B.Tech,6.1,80,10,63,63,2,No,1,No
10423,Tara,21,Female,Shimla,B.Tech,6.9,84,15,71,68,3,No,0,No
10424,Ishaan,20,Male,Chandigarh,B.Tech,7.7,89,17,78,73,3,No,0,No
10425,Sanya,19,Female,Solan,BCA,8.0,88,16,72,68,4,Yes,0,Yes
10426,Isha,20,Female,Bangalore,B.Sc,7.1,86,11,74,67,2,No,0,No
10427,Kabir,18,Male,Ahmedabad,B.Tech,8.8,89,16,81,84,4,Yes,0,Yes
10428,Ananya,19,Female,Noida,B.Sc,5.6,80,11,58,54,4,No,2,No
10429,Dhruv,18,Male,Jaipur,BCA,8.2,88,12,76,72,4,No,0,Yes
10430,Priya,24,Female,Chandigarh,M.Tech,7.6,87,15,76,68,4,No,0,No
10431,Priya,20,Female,Gurugram,B.Sc,5.6,74,10,61,58,4,No,1,No
10432,Rohan,23,Male,Noida,M.Tech,6.8,85,14,72,65,4,Yes,0,No
10433,Neha,22,Female,Bangalore,B.Tech,7.0,86,12,67,65,3,No,0,No
10434,Aditya,19,Male,Solan,B.Tech,6.3,84,12,66,67,2,No,0,No
10435,Shaurya,21,Male,Noida,BCA,6.3,79,12,62,62,3,Yes,0,No
10436,Reyansh,22,Male,Pune,B.Tech,4.2,73,8,51,49,1,Yes,2,No
10437,Diya,22,Female,Gurugram,BCA,5.5,77,11,56,53,4,No,1,No
10438,Reyansh,20,Male,Kolkata,B.Tech,6.1,82,11,70,65,3,No,1,No
10439,Vivaan,19,Male,Pune,BCA,5.6,82,8,61,60,4,No,0,Yes
10440,Priya,23,Female,Chennai,M.Tech,5.2,76,6,56,49,2,No,3,Yes
10441,Krishna,19,Male,Bangalore,B.Tech,8.1,92,14,79,76,4,No,0,Yes
10442,Ishaan,25,Male,Kolkata,M.Tech,6.3,86,13,70,62,3,Yes,2,No
10443,Rohan,18,Male,Hyderabad,B.Tech,9.8,95,16,87,85,5,No,0,Yes
10444,Vivaan,21,Male,Shimla,B.Tech,6.8,85,14,67,64,5,No,0,No
10445,Reyansh,22,Male,Gurugram,BCA,8.1,83,17,77,72,2,Yes,0,Yes
10446,Dhruv,23,Male,Delhi,MCA,6.2,80,12,70,63,3,No,2,Yes
10447,Isha,21,Female,Jaipur,B.Sc,5.5,75,10,63,59,3,Yes,0,No
10448,Anika,22,Female,Bangalore,B.Sc,6.9,81,14,63,62,2,No,0,No
10449,Dhruv,19,Male,Bangalore,B.Tech,8.4,91,17,81,76,3,Yes,0,Yes
10450,Dhruv,20,Male,Gurugram,B.Tech,6.4,85,11,66,64,3,No,0,No
10451,Ishaan,22,Male,Solan,B.Tech,7.2,88,13,76,68,3,Yes,0,No
10452,Neha,19,Female,Hyderabad,B.Tech,6.9,85,11,76,66,3,No,1,No
10453,Kabir,22,Male,Chennai,M.Tech,6.4,84,12,56,60,3,No,1,No
10454,Shaurya,22,Male,Chandigarh,MCA,6.4,78,8,63,63,2,Yes,0,Yes
10455,Riya,21,Female,Bangalore,B.Tech,5.0,74,9,53,48,1,No,3,No
10456,Arjun,20,Male,Delhi,B.Sc,6.5,82,10,62,66,2,Yes,0,No
10457,Vansh,19,Male,Pune,BCA,7.5,88,13,69,66,2,Yes,1,No
10458,Anushka,22,Female,Bangalore,B.Tech,6.9,83,11,66,66,4,No,0,No
10459,Aadhya,19,Female,Solan,BCA,6.8,80,9,65,58,3,No,1,No
10460,Rohan,20,Male,Noida,BCA,7.6,85,13,71,66,4,No,0,No
10461,Kavya,21,Female,Gurugram,B.Sc,6.8,81,12,58,62,4,No,1,No
10462,Kabir,19,Male,Chandigarh,B.Tech,6.5,78,13,64,65,3,No,0,Yes
10463,Ananya,25,Female,Jaipur,M.Tech,7.6,93,13,79,74,4,No,0,No
10464,Krishna,20,Male,Noida,BCA,6.7,87,11,66,70,2,No,0,Yes
10465,Sanya,19,Female,Shimla,B.Tech,6.1,75,9,54,58,3,No,1,No
10466,Kavya,21,Female,Kolkata,B.Tech,7.2,79,15,68,64,3,No,1,No
10467,Sanya,18,Female,Kolkata,B.Sc,6.4,80,11,68,62,2,Yes,0,No
10468,Priya,22,Female,Solan,B.Sc,6.1,77,11,62,54,2,No,2,No
10469,Ayaan,19,Male,Chennai,B.Sc,6.7,91,10,67,62,4,No,1,No
10470,Vansh,19,Male,Pune,B.Tech,6.8,81,10,62,62,3,No,0,No
10471,Aarav,18,Male,Bangalore,B.Tech,4.8,78,7,58,52,2,No,1,No
10472,Neha,20,Female,Ahmedabad,BCA,7.0,83,15,67,65,4,No,0,No
10473,Simran,18,Female,Ahmedabad,B.Tech,9.3,89,15,80,84,4,No,0,Yes
10474,Arjun,20,Male,Bangalore,B.Sc,5.0,81,8,55,51,2,No,1,No
10475,Riya,19,Female,Shimla,B.Tech,5.7,82,10,62,59,2,No,1,No
10476,Sanya,18,Female,Hyderabad,B.Tech,10.0,95,17,88,89,5,No,0,No
10477,Riya,19,Female,Noida,B.Tech,5.3,86,10,61,56,3,No,0,No
10478,Kavya,18,Female,Ahmedabad,BCA,8.4,90,14,74,77,2,Yes,0,Yes
10479,Shaurya,19,Male,Jaipur,B.Sc,6.2,80,10,59,60,3,No,0,Yes
10480,Kabir,22,Male,Noida,MCA,6.6,89,16,66,59,2,No,2,No
10481,Kabir,22,Male,Chennai,MCA,6.3,83,10,66,67,2,No,1,No
10482,Ishaan,21,Male,Chennai,B.Sc,7.1,90,14,74,70,3,No,0,Yes
10483,Sanya,18,Female,Gurugram,B.Tech,4.1,74,6,56,45,4,No,2,No
10484,Priya,21,Female,Chennai,B.Sc,6.8,75,10,61,60,3,No,0,Yes
10485,Sanya,19,Female,Hyderabad,B.Tech,5.9,76,10,63,59,4,No,1,No
10486,Simran,22,Female,Chandigarh,B.Sc,3.7,76,5,42,40,2,No,3,No
10487,Ishaan,20,Male,Solan,B.Sc,8.2,87,14,77,78,4,Yes,0,Yes
10488,Aditya,18,Male,Delhi,B.Sc,3.3,72,5,40,40,3,No,2,No
10489,Reyansh,18,Male,Delhi,B.Tech,9.7,97,19,82,89,5,No,0,No
10490,Shaurya,23,Male,Noida,M.Tech,7.4,86,11,74,71,4,No,0,Yes
10491,Ayaan,21,Male,Kolkata,B.Sc,4.5,73,9,52,46,1,No,2,No
10492,Aditya,20,Male,Shimla,B.Sc,8.5,90,16,77,72,3,No,0,Yes
10493,Arjun,22,Male,Kolkata,B.Tech,5.4,79,9,53,54,3,No,2,No
10494,Aarav,19,Male,Pune,BCA,5.4,78,9,60,57,3,No,2,Yes
10495,Priya,20,Female,Hyderabad,B.Tech,3.8,69,7,47,40,2,No,1,No
10496,Aditya,20,Male,Jaipur,BCA,5.2,77,10,60,55,3,No,1,No
10497,Rahul,19,Male,Chennai,BCA,5.4,79,10,52,50,2,No,2,No
10498,Kabir,21,Male,Kolkata,MCA,7.7,83,13,74,72,3,Yes,0,Yes
10499,Diya,22,Female,Delhi,B.Tech,8.3,86,13,74,73,4,No,0,Yes
10500,Ayaan,20,Male,Pune,B.Sc,4.6,74,10,54,49,2,Yes,3,No
10501,Ayaan,20,Male,Jaipur,B.Tech,6.9,79,12,66,59,3,Yes,0,Yes
10502,Neha,18,Female,Gurugram,BCA,3.7,73,6,44,40,1,No,2,No
10503,Tara,25,Female,Mumbai,M.Tech,6.9,85,11,67,65,2,No,0,No
10504,Kavya,19,Female,Gurugram,B.Sc,9.7,92,19,82,81,4,Yes,0,Yes
10505,Vansh,19,Male,Hyderabad,BCA,3.8,69,9,44,41,1,No,2,No
10506,Aarav,21,Male,Kolkata,B.Tech,5.0,79,10,53,55,2,No,0,No
10507,Arjun,22,Male,Ahmedabad,BCA,7.6,88,15,75,68,3,No,0,Yes
10508,Meera,22,Female,Delhi,B.Tech,7.8,88,16,71,64,5,Yes,0,Yes
10509,Kabir,20,Male,Ahmedabad,BCA,5.1,78,9,59,57,1,Yes,0,No
10510,Vansh,21,Male,Gurugram,B.Tech,8.7,92,19,93,93,4,No,0,Yes
10511,Tara,19,Female,Chandigarh,B.Sc,5.3,78,8,57,54,3,No,2,No
10512,Tara,22,Female,Noida,B.Tech,9.0,89,16,74,76,3,No,0,Yes
10513,Krishna,22,Male,Chennai,B.Tech,7.2,85,12,78,70,3,No,0,Yes
10514,Aadhya,18,Female,Kolkata,B.Sc,8.4,88,15,79,78,3,No,0,No
10515,Riya,22,Female,Delhi,MCA,7.1,85,15,69,66,3,No,0,No
10516,Ishaan,21,Male,Shimla,M.Tech,7.5,89,13,72,72,3,No,0,Yes
10517,Arjun,24,Male,Hyderabad,MCA,7.6,83,14,67,62,4,No,2,No
10518,Sanya,22,Female,Bangalore,B.Tech,8.2,89,10,75,75,3,No,0,Yes
10519,Riya,21,Female,Bangalore,B.Tech,6.5,79,12,61,57,1,No,0,No
10520,Arjun,21,Male,Gurugram,MCA,5.2,75,11,53,53,2,No,2,No
10521,Reyansh,22,Male,Shimla,MCA,6.4,87,12,69,60,3,No,0,No
10522,Simran,22,Female,Hyderabad,B.Sc,5.5,81,8,64,60,3,No,0,No
10523,Riya,19,Female,Hyderabad,B.Tech,5.6,80,8,59,53,2,No,1,No
10524,Neha,21,Female,Hyderabad,B.Tech,9.0,87,15,82,79,5,Yes,0,Yes
10525,Arjun,23,Male,Hyderabad,MCA,7.4,85,12,79,76,3,No,0,Yes
10526,Vivaan,19,Male,Delhi,B.Tech,7.4,80,16,66,63,4,Yes,1,No
10527,Kavya,19,Female,Solan,B.Sc,8.1,88,15,69,65,4,No,0,No
10528,Reyansh,22,Male,Gurugram,M.Tech,7.4,82,15,73,70,4,No,0,No
10529,Tara,22,Female,Solan,B.Sc,9.3,94,16,81,79,5,No,0,Yes
10530,Sanya,21,Female,Chandigarh,B.Tech,3.4,72,5,44,40,3,No,1,No
10531,Arjun,21,Male,Chennai,B.Tech,5.0,74,8,55,52,2,No,3,No
10532,Sanya,22,Female,Chandigarh,B.Tech,5.4,80,9,64,58,3,No,1,No
10533,Rohan,19,Male,Shimla,B.Sc,4.4,82,7,55,49,1,No,2,No
10534,Meera,19,Female,Chandigarh,BCA,6.7,83,14,58,60,3,No,0,No
10535,Reyansh,20,Male,Gurugram,B.Tech,6.7,86,13,69,59,2,No,2,No
10536,Shaurya,19,Male,Chandigarh,B.Tech,9.5,87,18,83,81,5,Yes,0,Yes
10537,Riya,18,Female,Chandigarh,B.Tech,7.9,89,12,72,72,4,Yes,0,Yes
10538,Riya,22,Female,Pune,M.Tech,5.7,78,11,53,55,3,Yes,2,No
10539,Kabir,23,Male,Kolkata,MCA,7.2,84,12,68,67,2,No,0,No
10540,Tara,18,Female,Chennai,BCA,3.8,75,9,40,41,3,No,3,Yes
10541,Dhruv,23,Male,Noida,M.Tech,6.7,83,13,60,57,4,Yes,1,No
10542,Aditya,20,Male,Delhi,B.Sc,6.6,78,12,59,57,3,No,2,Yes
10543,Shaurya,21,Male,Jaipur,B.Sc,5.1,82,6,53,49,2,No,1,No
10544,Vivaan,22,Male,Hyderabad,B.Sc,6.2,77,11,65,60,2,Yes,2,No
10545,Shaurya,20,Male,Ahmedabad,B.Sc,5.5,77,9,58,49,4,No,1,No
10546,Shaurya,19,Male,Delhi,B.Tech,5.1,78,10,58,53,2,Yes,1,No
10547,Rahul,21,Male,Kolkata,BCA,7.5,87,12,73,70,4,Yes,0,Yes
10548,Shaurya,21,Male,Noida,MCA,8.1,90,15,70,69,4,Yes,0,No
10549,Aarav,22,Male,Jaipur,B.Tech,7.3,86,10,69,65,1,No,0,Yes
10550,Riya,21,Female,Bangalore,B.Tech,5.8,84,8,62,58,3,No,1,No
10551,Vansh,20,Male,Bangalore,B.Tech,5.5,81,9,59,56,2,No,2,No
10552,Meera,21,Female,Chennai,B.Tech,5.9,77,10,62,58,3,Yes,1,No
10553,Meera,19,Female,Hyderabad,B.Tech,6.2,74,12,64,61,3,No,2,Yes
10554,Anika,19,Female,Pune,B.Sc,5.2,79,7,59,53,3,No,3,No
10555,Anika,19,Female,Jaipur,B.Tech,8.1,93,14,85,79,3,No,0,Yes
10556,Kavya,22,Female,Noida,B.Tech,6.2,78,10,64,62,3,Yes,0,No
10557,Aarav,24,Male,Pune,MCA,7.6,83,15,69,73,3,Yes,0,Yes
10558,Shaurya,21,Male,Noida,B.Sc,4.4,76,8,58,55,3,No,1,No
10559,Sanya,20,Female,Delhi,B.Tech,5.5,81,8,55,49,3,No,1,No
10560,Ananya,18,Female,Hyderabad,BCA,7.8,91,12,78,68,2,Yes,0,Yes
10561,Tara,19,Female,Noida,B.Sc,7.8,92,13,75,74,4,Yes,0,Yes
10562,Aarav,18,Male,Gurugram,B.Sc,4.7,77,6,51,47,2,No,1,No
10563,Simran,18,Female,Shimla,B.Tech,7.0,82,15,69,66,5,No,0,No
10564,Anika,22,Female,Shimla,M.Tech,7.0,82,13,67,66,2,No,0,No
10565,Krishna,19,Male,Noida,B.Sc,5.4,77,8,50,48,2,No,2,No
10566,Reyansh,23,Male,Kolkata,MCA,7.0,88,11,71,62,3,No,0,Yes
10567,Neha,22,Female,Ahmedabad,B.Tech,4.1,73,6,46,40,2,No,2,No
10568,Sanya,19,Female,Kolkata,B.Tech,5.1,81,10,58,49,3,No,2,No
10569,Vivaan,18,Male,Chandigarh,B.Tech,7.4,81,11,69,69,3,No,0,No
10570,Riya,20,Female,Chennai,B.Tech,6.5,84,11,68,69,4,No,0,No
10571,Aditya,21,Male,Kolkata,B.Tech,6.6,81,13,56,55,3,No,1,No
10572,Reyansh,20,Male,Solan,B.Tech,6.2,83,10,60,66,3,No,0,Yes
10573,Reyansh,19,Male,Chennai,B.Sc,7.3,85,12,71,62,2,No,1,No
10574,Ishaan,19,Male,Bangalore,B.Tech,7.4,88,15,84,75,3,No,0,No
10575,Krishna,22,Male,Pune,B.Tech,7.7,86,12,73,71,3,No,0,Yes
10576,Aarav,23,Male,Chandigarh,M.Tech,6.7,83,12,65,55,3,No,0,No
10577,Neha,19,Female,Gurugram,B.Tech,5.9,83,11,66,65,2,Yes,1,No
10578,Tara,18,Female,Shimla,BCA,5.7,80,9,58,53,2,No,1,No
10579,Vivaan,18,Male,Solan,B.Sc,4.9,77,7,57,51,3,No,3,No
10580,Ayaan,23,Male,Delhi,M.Tech,5.9,83,10,63,60,3,Yes,0,No
10581,Reyansh,25,Male,Jaipur,MCA,5.6,79,11,64,53,2,No,4,No
10582,Isha,20,Female,Chennai,BCA,8.9,86,15,82,88,3,Yes,0,Yes
10583,Shaurya,25,Male,Pune,M.Tech,4.9,75,10,53,49,2,No,2,No
10584,Arjun,18,Male,Noida,BCA,8.1,83,14,68,68,4,No,0,Yes
10585,Anushka,19,Female,Chennai,B.Sc,6.1,81,10,59,53,2,No,1,No
10586,Riya,21,Female,Ahmedabad,B.Tech,6.2,83,10,65,61,4,No,2,Yes
10587,Reyansh,19,Male,Noida,B.Sc,7.1,85,13,69,62,2,No,2,No
10588,Ishaan,18,Male,Mumbai,BCA,4.4,80,10,54,48,2,No,2,Yes
10589,Vivaan,18,Male,Pune,B.Sc,5.3,82,10,60,59,2,No,2,No
10590,Meera,19,Female,Ahmedabad,B.Sc,4.6,77,7,51,50,1,No,2,No
10591,Rahul,19,Male,Kolkata,B.Tech,5.9,73,12,58,54,4,No,1,No
10592,Arjun,18,Male,Solan,B.Tech,5.1,80,8,57,51,2,No,4,No
10593,Anika,19,Female,Gurugram,B.Sc,8.5,87,18,72,75,5,Yes,0,Yes
10594,Rohan,21,Male,Chennai,B.Tech,5.6,82,10,58,58,2,No,1,No
10595,Aarav,21,Male,Bangalore,B.Tech,3.0,71,5,45,42,1,No,3,No
10596,Kabir,20,Male,Solan,B.Sc,6.0,83,12,66,65,2,Yes,0,No
10597,Rahul,24,Male,Delhi,M.Tech,7.7,88,13,70,66,4,No,0,No
10598,Ishaan,18,Male,Bangalore,B.Tech,8.9,98,17,86,85,5,No,0,Yes
10599,Arjun,18,Male,Gurugram,BCA,6.2,83,11,62,55,2,No,0,Yes
10600,Rohan,20,Male,Gurugram,B.Tech,5.7,76,8,55,52,2,Yes,2,No
10601,Ishaan,22,Male,Pune,BCA,6.5,86,12,75,64,4,No,0,Yes
10602,Neha,20,Female,Solan,B.Tech,7.1,84,14,67,62,2,No,1,No
10603,Vansh,22,Male,Chandigarh,B.Sc,4.8,81,9,51,48,2,No,2,Yes
10604,Aditya,22,Male,Bangalore,B.Sc,6.1,86,13,63,57,4,Yes,1,No
10605,Tara,19,Female,Ahmedabad,B.Tech,6.4,84,12,65,62,3,Yes,1,No
10606,Riya,21,Female,Ahmedabad,B.Sc,6.6,79,12,68,60,2,Yes,1,No
10607,Isha,22,Female,Chennai,BCA,6.3,81,12,62,61,3,No,1,No
10608,Rahul,19,Male,Pune,B.Tech,5.1,82,8,60,53,1,No,2,No
10609,Krishna,20,Male,Hyderabad,BCA,7.0,90,13,75,69,4,Yes,0,No
10610,Ananya,20,Female,Hyderabad,BCA,6.4,83,12,63,56,1,Yes,0,No
10611,Neha,22,Female,Ahmedabad,B.Tech,6.4,82,10,66,65,2,No,0,No
10612,Kabir,19,Male,Gurugram,B.Sc,4.9,74,10,54,50,3,No,1,No
10613,Diya,18,Female,Kolkata,B.Sc,7.5,83,17,72,71,2,No,1,Yes
10614,Aditya,24,Male,Noida,MCA,5.1,79,10,58,49,2,Yes,2,No
10615,Neha,22,Female,Pune,BCA,8.9,93,13,82,82,4,No,0,Yes
10616,Sanya,18,Female,Chandigarh,B.Tech,4.7,72,8,51,47,2,No,1,No
10617,Neha,24,Female,Delhi,MCA,7.6,89,12,74,70,3,No,0,Yes
10618,Kavya,18,Female,Gurugram,B.Tech,3.6,77,6,48,46,2,No,4,Yes
10619,Anika,19,Female,Noida,B.Sc,3.1,73,7,54,44,2,No,2,No
10620,Vivaan,25,Male,Pune,MCA,5.7,85,9,65,60,4,No,0,Yes
10621,Shaurya,18,Male,Ahmedabad,B.Sc,3.1,72,8,44,40,1,No,1,No
10622,Dhruv,18,Male,Jaipur,BCA,7.6,88,9,72,73,3,Yes,0,Yes
10623,Dhruv,21,Male,Chennai,M.Tech,6.5,84,11,70,66,4,Yes,0,No
10624,Isha,22,Female,Delhi,B.Sc,8.6,94,16,77,80,4,Yes,0,Yes
10625,Ishaan,19,Male,Solan,BCA,6.2,83,9,59,55,3,No,1,No
10626,Aditya,19,Male,Ahmedabad,B.Sc,6.9,83,11,62,59,3,No,2,No
10627,Meera,18,Female,Ahmedabad,B.Tech,6.1,83,12,69,68,3,Yes,1,No
10628,Priya,19,Female,Noida,BCA,5.2,80,12,63,59,2,Yes,2,Yes
10629,Shaurya,24,Male,Jaipur,MCA,5.9,80,14,62,54,3,No,1,Yes
10630,Reyansh,19,Male,Hyderabad,B.Tech,4.7,80,8,53,48,3,Yes,4,No
10631,Reyansh,18,Male,Pune,BCA,7.1,85,15,67,68,3,No,0,No
10632,Neha,21,Female,Mumbai,BCA,6.0,83,11,71,64,2,No,1,No
10633,Arjun,22,Male,Noida,BCA,6.3,84,13,65,59,3,No,2,No
10634,Sanya,20,Female,Noida,BCA,10.0,93,18,89,86,5,No,0,No
10635,Ayaan,22,Male,Noida,M.Tech,5.9,78,9,59,56,4,No,1,No
10636,Vansh,21,Male,Shimla,B.Tech,7.0,82,15,68,68,3,No,1,No
10637,Simran,20,Female,Bangalore,B.Sc,6.4,82,14,66,59,2,No,0,No
10638,Shaurya,22,Male,Pune,B.Sc,8.2,93,14,85,73,3,Yes,0,Yes
10639,Aarav,20,Male,Gurugram,BCA,6.9,84,14,68,64,3,No,0,No
10640,Rohan,22,Male,Pune,B.Tech,6.1,82,11,65,62,3,No,0,No
10641,Aarav,18,Male,Chandigarh,BCA,9.9,97,20,87,89,5,No,0,Yes
10642,Ayaan,21,Male,Ahmedabad,M.Tech,5.2,77,7,58,50,3,No,4,No
10643,Aarav,22,Male,Jaipur,B.Tech,6.2,80,11,64,61,2,Yes,0,Yes
10644,Ishaan,20,Male,Pune,B.Sc,7.9,91,12,75,71,4,No,0,Yes
10645,Ishaan,22,Male,Shimla,M.Tech,5.3,80,7,59,56,1,No,0,Yes
10646,Anushka,20,Female,Hyderabad,B.Sc,7.6,85,14,69,68,3,Yes,0,Yes
10647,Aadhya,20,Female,Noida,B.Sc,5.8,79,10,63,61,1,Yes,1,No
10648,Priya,22,Female,Shimla,M.Tech,8.0,88,13,75,73,5,Yes,0,Yes
10649,Isha,20,Female,Shimla,B.Tech,8.0,89,16,73,73,4,No,0,Yes
10650,Shaurya,20,Male,Solan,B.Sc,6.4,86,13,66,61,3,No,1,No
10651,Aditya,21,Male,Gurugram,BCA,5.0,79,10,62,53,1,No,1,No
10652,Aditya,22,Male,Chennai,BCA,5.9,78,8,60,56,3,No,0,No
10653,Ishaan,18,Male,Mumbai,BCA,6.5,80,12,66,64,3,No,0,Yes
10654,Shaurya,22,Male,Kolkata,B.Tech,7.8,88,15,76,80,3,Yes,0,Yes
10655,Rahul,20,Male,Bangalore,B.Tech,7.0,85,11,71,71,3,No,0,Yes
10656,Tara,19,Female,Ahmedabad,B.Tech,7.3,83,14,65,69,4,No,0,No
10657,Neha,19,Female,Jaipur,B.Tech,7.0,88,12,66,64,2,No,2,No
10658,Arjun,18,Male,Chennai,B.Tech,7.8,81,13,68,66,3,No,1,No
10659,Diya,21,Female,Delhi,MCA,6.2,83,9,67,55,2,No,0,No
10660,Simran,18,Female,Bangalore,B.Tech,6.7,79,13,66,61,3,No,1,No
10661,Anika,19,Female,Bangalore,BCA,6.5,85,14,67,59,4,No,2,No
10662,Reyansh,20,Male,Jaipur,B.Sc,5.8,80,10,61,59,4,Yes,0,No
10663,Vansh,18,Male,Noida,B.Tech,8.0,90,16,71,70,4,No,0,No
10664,Ishaan,21,Male,Delhi,M.Tech,8.0,87,17,72,67,5,No,1,No
10665,Dhruv,22,Male,Solan,MCA,8.3,93,15,80,79,4,No,0,Yes
10666,Kavya,20,Female,Gurugram,B.Tech,5.4,73,10,56,53,1,No,3,No
10667,Kabir,21,Male,Gurugram,M.Tech,7.0,87,13,71,64,3,No,1,No
10668,Rohan,20,Male,Gurugram,B.Sc,8.1,87,13,69,74,4,Yes,0,Yes
10669,Riya,21,Female,Chandigarh,B.Tech,8.8,92,17,81,77,5,No,0,Yes
10670,Simran,18,Female,Bangalore,B.Sc,4.2,76,8,43,42,2,No,1,No
10671,Krishna,18,Male,Kolkata,B.Sc,6.5,79,10,59,58,3,No,1,No
10672,Anika,19,Female,Hyderabad,B.Sc,6.2,85,9,61,63,2,No,0,Yes
10673,Shaurya,21,Male,Chandigarh,B.Sc,8.9,92,15,74,78,4,Yes,0,Yes
10674,Vansh,21,Male,Kolkata,B.Tech,3.2,72,7,42,40,1,No,2,No
10675,Aditya,24,Male,Ahmedabad,M.Tech,4.9,78,8,57,57,3,Yes,0,Yes
10676,Sanya,25,Female,Kolkata,MCA,8.6,90,15,84,77,3,No,0,Yes
10677,Diya,19,Female,Delhi,B.Sc,5.8,83,12,60,53,4,Yes,2,No
10678,Rohan,19,Male,Mumbai,B.Tech,4.5,74,9,49,50,1,No,1,No
10679,Rohan,18,Male,Chennai,BCA,8.8,93,15,81,79,3,No,0,No
10680,Shaurya,19,Male,Shimla,B.Sc,4.4,77,6,52,48,2,No,1,No
10681,Arjun,21,Male,Gurugram,MCA,8.0,87,15,71,72,3,Yes,0,Yes
10682,Vivaan,21,Male,Chennai,M.Tech,4.2,80,6,55,44,2,Yes,2,No
10683,Aarav,25,Male,Chennai,MCA,4.3,76,10,51,51,1,Yes,4,Yes
10684,Tara,19,Female,Ahmedabad,BCA,6.8,84,13,65,69,4,No,1,Yes
10685,Sanya,22,Female,Pune,MCA,5.2,80,10,56,46,2,No,1,No
10686,Rohan,22,Male,Ahmedabad,B.Tech,6.9,84,11,78,70,4,Yes,0,Yes
10687,Reyansh,22,Male,Mumbai,BCA,9.2,96,17,87,86,4,No,0,Yes
10688,Ishaan,19,Male,Pune,B.Tech,6.3,82,13,63,60,3,No,1,No
10689,Dhruv,22,Male,Solan,MCA,8.9,94,16,72,73,4,No,0,No
10690,Tara,21,Female,Hyderabad,M.Tech,7.0,81,14,61,63,2,No,0,No
10691,Anushka,20,Female,Pune,B.Tech,7.9,82,14,73,73,3,Yes,0,Yes
10692,Arjun,18,Male,Gurugram,BCA,3.0,72,5,43,41,2,No,2,No
10693,Ayaan,24,Male,Ahmedabad,M.Tech,7.5,85,17,67,61,4,Yes,0,No
10694,Riya,21,Female,Kolkata,BCA,7.2,85,12,69,64,3,No,1,No
10695,Vansh,20,Male,Kolkata,BCA,6.0,74,12,57,53,3,No,2,No
10696,Priya,22,Female,Chandigarh,BCA,9.3,98,16,83,90,4,Yes,0,Yes
10697,Rahul,21,Male,Chandigarh,B.Sc,5.8,81,11,61,61,3,No,0,No
10698,Kavya,25,Female,Noida,M.Tech,4.1,78,8,48,44,2,No,3,No
10699,Riya,22,Female,Pune,BCA,7.7,83,13,66,66,4,Yes,0,Yes
10700,Aadhya,18,Female,Solan,B.Tech,4.4,76,7,47,45,1,No,3,No
10701,Neha,22,Female,Solan,B.Tech,6.6,84,13,65,66,3,Yes,0,No
10702,Aditya,20,Male,Solan,B.Tech,8.5,90,16,72,72,5,No,0,Yes
10703,Isha,18,Female,Kolkata,BCA,7.2,86,15,79,73,5,No,0,No
10704,Priya,23,Female,Shimla,M.Tech,6.1,77,11,65,59,3,No,0,Yes
10705,Rahul,22,Male,Bangalore,B.Sc,6.0,82,14,66,56,4,No,0,No
10706,Arjun,24,Male,Bangalore,M.Tech,8.4,87,16,73,68,5,No,0,No
10707,Vivaan,25,Male,Noida,MCA,4.7,75,11,50,44,3,No,4,No
10708,Kabir,20,Male,Pune,BCA,7.7,87,16,68,67,2,Yes,0,No
10709,Aarav,19,Male,Mumbai,BCA,9.8,93,17,94,92,3,Yes,0,Yes
10710,Kavya,19,Female,Bangalore,B.Sc,7.3,85,15,76,72,3,No,0,Yes
10711,Aditya,21,Male,Noida,B.Tech,6.1,85,12,67,57,2,No,0,No
10712,Tara,20,Female,Kolkata,B.Sc,6.3,82,13,64,60,2,No,1,No
10713,Krishna,21,Male,Chandigarh,BCA,5.8,79,12,59,54,3,No,1,No
10714,Arjun,18,Male,Mumbai,B.Sc,5.5,79,9,61,55,3,No,1,No
10715,Rohan,22,Male,Noida,BCA,6.7,80,13,72,67,4,No,0,Yes
10716,Dhruv,18,Male,Jaipur,B.Tech,7.5,87,13,75,75,3,No,0,Yes
10717,Reyansh,19,Male,Delhi,B.Sc,8.9,93,19,77,76,3,Yes,0,Yes
10718,Shaurya,22,Male,Chennai,BCA,3.6,74,5,45,45,2,No,2,No
10719,Reyansh,18,Male,Jaipur,B.Tech,3.0,71,5,45,40,1,No,2,No
10720,Ananya,19,Female,Solan,B.Sc,8.9,93,15,78,75,5,No,0,Yes
10721,Meera,18,Female,Kolkata,B.Tech,6.6,81,12,64,61,3,No,0,No
10722,Krishna,25,Male,Kolkata,MCA,6.7,84,12,73,64,3,Yes,0,Yes
10723,Tara,18,Female,Shimla,B.Tech,7.3,90,14,71,64,3,No,1,No
10724,Riya,22,Female,Delhi,B.Sc,6.2,81,11,57,56,3,No,1,No
10725,Aarav,18,Male,Solan,BCA,9.5,95,16,97,87,4,Yes,0,Yes
10726,Ananya,21,Female,Pune,B.Tech,7.2,87,14,75,67,5,Yes,0,No
10727,Anushka,18,Female,Kolkata,BCA,5.8,78,12,60,56,3,No,0,Yes
10728,Arjun,18,Male,Hyderabad,B.Sc,6.0,83,11,63,64,3,No,0,Yes
10729,Ayaan,21,Male,Kolkata,B.Tech,6.3,80,13,55,54,2,No,1,No
10730,Dhruv,19,Male,Kolkata,B.Tech,5.3,80,10,57,53,3,No,2,No
10731,Rohan,22,Male,Bangalore,B.Sc,9.0,90,16,78,75,4,Yes,0,Yes
10732,Kavya,20,Female,Mumbai,B.Tech,6.7,84,13,67,61,3,Yes,0,Yes
10733,Rohan,19,Male,Solan,B.Sc,4.7,77,9,61,46,2,No,3,Yes
10734,Kavya,25,Female,Chandigarh,MCA,7.1,85,14,71,64,4,No,0,No
10735,Aadhya,18,Female,Ahmedabad,B.Tech,8.7,91,18,88,86,4,Yes,0,Yes
10736,Ananya,19,Female,Bangalore,BCA,8.1,87,14,70,69,4,No,0,Yes
10737,Sanya,18,Female,Chennai,BCA,5.4,75,11,51,50,2,No,2,No
10738,Vivaan,19,Male,Solan,B.Sc,4.8,77,10,60,53,1,No,1,No
10739,Vivaan,19,Male,Noida,B.Tech,8.6,93,16,81,81,4,No,0,Yes
10740,Ananya,20,Female,Gurugram,BCA,4.1,76,8,53,51,2,Yes,3,Yes
10741,Shaurya,21,Male,Hyderabad,B.Tech,7.1,86,13,70,69,4,Yes,0,Yes
10742,Reyansh,19,Male,Chennai,B.Tech,5.6,78,10,60,55,1,No,0,No
10743,Anushka,18,Female,Delhi,BCA,8.5,90,16,81,81,4,No,0,Yes
10744,Simran,20,Female,Hyderabad,B.Tech,4.9,75,8,56,52,2,Yes,2,No
10745,Ishaan,19,Male,Hyderabad,B.Tech,5.3,77,7,55,45,3,No,1,No
10746,Diya,21,Female,Ahmedabad,B.Tech,7.4,87,13,81,71,4,No,0,Yes
10747,Simran,18,Female,Mumbai,B.Tech,7.7,82,14,72,69,3,Yes,0,Yes
10748,Vivaan,20,Male,Chennai,B.Tech,8.5,95,18,80,76,5,No,0,Yes
10749,Reyansh,22,Male,Solan,B.Tech,7.2,81,13,67,65,4,No,0,No
10750,Ananya,21,Female,Gurugram,B.Tech,7.0,90,13,72,60,3,Yes,0,No
10751,Vansh,22,Male,Ahmedabad,B.Sc,8.1,86,14,74,75,2,No,0,Yes
10752,Reyansh,22,Male,Bangalore,B.Tech,4.4,73,7,43,41,2,No,4,No
10753,Shaurya,20,Male,Gurugram,B.Sc,5.2,77,8,56,55,2,Yes,1,No
10754,Neha,20,Female,Delhi,BCA,4.6,75,6,49,46,1,No,2,No
10755,Arjun,20,Male,Pune,B.Sc,3.0,69,6,44,40,1,No,1,No
10756,Aarav,22,Male,Chandigarh,B.Tech,7.8,86,14,73,68,5,No,1,No
10757,Ishaan,21,Male,Delhi,M.Tech,8.6,90,18,76,72,4,Yes,0,Yes
10758,Meera,20,Female,Pune,B.Sc,7.3,83,14,73,70,4,No,0,No
10759,Krishna,21,Male,Pune,B.Tech,7.1,87,13,70,67,4,No,0,No
10760,Diya,20,Female,Hyderabad,B.Tech,6.6,87,9,66,58,3,Yes,0,No
10761,Simran,20,Female,Chandigarh,B.Sc,6.6,77,15,62,63,3,No,0,Yes
10762,Ayaan,23,Male,Bangalore,M.Tech,9.0,97,16,82,81,3,No,0,Yes
10763,Kavya,22,Female,Shimla,BCA,8.8,93,13,83,79,4,Yes,0,Yes
10764,Meera,18,Female,Gurugram,BCA,5.6,80,10,57,51,2,No,2,No
10765,Riya,20,Female,Shimla,B.Tech,8.2,87,14,76,77,3,No,0,Yes
10766,Ayaan,22,Male,Kolkata,BCA,8.3,90,14,75,72,3,No,1,Yes
10767,Tara,21,Female,Noida,B.Tech,7.5,89,14,71,70,3,No,1,No
10768,Isha,18,Female,Pune,BCA,7.1,93,12,75,69,3,No,0,No
10769,Kavya,22,Female,Bangalore,B.Tech,7.0,91,14,68,64,3,Yes,1,No
10770,Arjun,19,Male,Ahmedabad,B.Tech,4.3,70,8,52,42,2,No,3,No
10771,Meera,21,Female,Kolkata,B.Sc,4.1,74,8,51,49,2,No,1,No
10772,Rahul,21,Male,Noida,B.Sc,7.7,87,15,79,71,4,No,0,Yes
10773,Rohan,19,Male,Chandigarh,B.Tech,4.8,81,9,49,44,3,No,3,No
10774,Rahul,25,Male,Ahmedabad,MCA,4.4,75,8,56,53,3,Yes,2,Yes
10775,Isha,22,Female,Shimla,B.Tech,3.4,70,6,44,40,1,No,1,No
10776,Shaurya,21,Male,Gurugram,BCA,5.8,80,13,54,54,2,No,2,No
10777,Anushka,22,Female,Gurugram,B.Sc,7.1,84,14,66,69,3,Yes,1,No
10778,Kavya,19,Female,Kolkata,B.Sc,7.2,88,12,73,73,2,Yes,0,Yes
10779,Shaurya,25,Male,Shimla,MCA,7.8,94,12,76,71,4,No,0,Yes
10780,Meera,21,Female,Pune,B.Tech,5.9,83,9,68,65,1,No,1,No
10781,Ishaan,22,Male,Kolkata,B.Tech,6.7,86,13,67,59,3,Yes,0,No
10782,Vansh,18,Male,Shimla,B.Sc,7.8,91,12,75,67,4,No,0,Yes
10783,Sanya,19,Female,Kolkata,B.Tech,7.2,87,12,70,67,4,No,0,No
10784,Aadhya,19,Female,Pune,B.Tech,5.6,78,8,55,52,3,No,1,No
10785,Tara,20,Female,Shimla,BCA,6.9,83,14,68,67,3,Yes,0,Yes
10786,Isha,22,Female,Chandigarh,BCA,3.5,76,7,47,42,1,No,3,No
10787,Reyansh,19,Male,Bangalore,BCA,6.5,84,13,66,64,4,No,1,No
10788,Vansh,22,Male,Chandigarh,B.Tech,5.6,77,9,59,60,2,No,0,No
10789,Rahul,18,Male,Pune,B.Tech,8.8,95,13,82,86,4,Yes,0,Yes
10790,Rohan,21,Male,Delhi,B.Tech,5.0,75,8,55,53,2,No,2,No
10791,Rahul,21,Male,Pune,BCA,6.7,80,10,70,65,4,No,1,No
10792,Rahul,20,Male,Chandigarh,B.Tech,5.9,78,9,57,54,2,Yes,2,No
10793,Dhruv,23,Male,Kolkata,MCA,5.7,81,12,58,55,3,Yes,0,Yes
10794,Ishaan,19,Male,Bangalore,B.Tech,7.1,88,12,76,69,3,No,0,No
10795,Ishaan,22,Male,Pune,MCA,5.9,81,11,67,64,3,No,0,No
10796,Isha,19,Female,Kolkata,BCA,9.3,91,18,84,86,4,Yes,0,No
10797,Tara,18,Female,Bangalore,B.Tech,3.5,70,5,54,43,2,No,2,No
10798,Neha,20,Female,Hyderabad,B.Tech,7.4,88,14,74,70,4,No,0,Yes
10799,Rohan,20,Male,Chennai,B.Tech,6.4,82,9,72,60,3,No,0,No
10800,Kavya,21,Female,Mumbai,BCA,6.4,83,12,71,65,4,No,0,No
10801,Priya,20,Female,Bangalore,BCA,7.0,84,14,75,70,3,No,0,Yes
10802,Aditya,20,Male,Bangalore,B.Sc,8.0,89,13,71,67,5,Yes,0,Yes
10803,Aditya,18,Male,Mumbai,BCA,6.9,85,14,71,65,3,No,0,Yes
10804,Tara,19,Female,Pune,B.Sc,8.0,95,15,78,71,4,Yes,0,Yes
10805,Isha,18,Female,Gurugram,B.Sc,6.6,84,11,61,55,2,No,0,No
10806,Riya,22,Female,Ahmedabad,B.Tech,4.9,76,7,60,58,2,No,0,No
10807,Tara,24,Female,Kolkata,MCA,6.4,83,12,70,60,4,Yes,0,No
10808,Ananya,21,Female,Noida,B.Sc,8.2,86,16,75,74,5,Yes,0,Yes
10809,Aadhya,24,Female,Hyderabad,M.Tech,5.9,78,10,58,58,3,No,1,Yes
10810,Priya,19,Female,Shimla,B.Tech,4.9,81,7,57,56,1,No,0,No
10811,Rohan,22,Male,Chennai,MCA,7.4,87,14,65,62,3,No,2,Yes
10812,Simran,22,Female,Solan,MCA,7.0,88,14,65,67,3,Yes,0,Yes
10813,Reyansh,21,Male,Bangalore,B.Sc,5.3,74,11,55,52,3,No,1,No
10814,Ananya,21,Female,Delhi,BCA,6.2,79,14,65,62,3,No,0,No
10815,Neha,24,Female,Jaipur,M.Tech,6.2,83,10,63,65,3,No,0,No
10816,Meera,25,Female,Ahmedabad,M.Tech,6.5,80,10,62,62,3,No,1,No
10817,Diya,22,Female,Noida,B.Sc,7.5,82,14,67,64,3,No,0,No
10818,Ishaan,21,Male,Kolkata,BCA,5.9,77,10,70,56,3,No,0,Yes
10819,Reyansh,22,Male,Delhi,MCA,7.5,85,15,67,68,3,No,0,No
10820,Rohan,19,Male,Noida,B.Tech,5.7,81,9,54,54,2,Yes,3,No
10821,Priya,22,Female,Shimla,B.Tech,9.0,97,15,81,78,5,Yes,0,Yes
10822,Diya,25,Female,Bangalore,M.Tech,9.0,88,16,82,81,5,Yes,0,Yes
10823,Priya,24,Female,Noida,MCA,5.2,75,10,56,48,2,No,2,No
10824,Vivaan,24,Male,Hyderabad,M.Tech,4.7,72,9,49,47,2,No,1,No
10825,Aditya,19,Male,Delhi,BCA,8.0,90,14,77,70,5,No,1,Yes
10826,Anushka,20,Female,Chandigarh,BCA,6.9,85,10,73,72,3,Yes,0,Yes
10827,Arjun,22,Male,Gurugram,M.Tech,7.3,83,18,71,74,4,No,0,No
10828,Anika,19,Female,Pune,B.Tech,5.5,77,10,59,56,2,Yes,2,Yes
10829,Anushka,21,Female,Jaipur,B.Sc,6.3,82,16,65,62,3,No,1,No
10830,Riya,20,Female,Noida,BCA,6.0,81,11,59,58,2,No,0,Yes
10831,Rahul,20,Male,Jaipur,B.Tech,7.0,81,11,69,67,3,No,0,No
10832,Simran,21,Female,Solan,B.Tech,4.6,77,8,58,48,1,No,2,No
10833,Kabir,18,Male,Delhi,BCA,6.4,78,13,69,68,3,Yes,0,No
10834,Tara,21,Female,Delhi,BCA,4.6,76,9,55,50,2,No,1,No
10835,Shaurya,22,Male,Jaipur,B.Tech,5.7,79,11,60,58,2,Yes,1,No
10836,Aarav,20,Male,Solan,BCA,6.4,84,11,73,69,5,Yes,0,Yes
10837,Anika,21,Female,Chennai,B.Sc,7.3,89,13,73,72,3,No,0,Yes
10838,Vivaan,19,Male,Kolkata,B.Sc,7.4,85,13,69,71,3,No,0,Yes
10839,Aadhya,19,Female,Delhi,B.Tech,7.6,87,15,70,70,3,No,1,Yes
10840,Priya,19,Female,Mumbai,B.Sc,4.3,69,9,46,40,3,No,4,No
10841,Meera,21,Female,Shimla,B.Tech,8.4,95,14,78,77,3,Yes,0,Yes
10842,Neha,18,Female,Hyderabad,B.Tech,5.5,74,8,65,58,3,No,1,No
10843,Vivaan,22,Male,Chennai,B.Tech,5.6,79,8,57,51,2,No,3,No
10844,Sanya,19,Female,Pune,B.Sc,6.9,77,12,71,71,3,No,0,Yes
10845,Arjun,21,Male,Shimla,B.Tech,6.0,79,11,61,57,3,No,1,No
10846,Reyansh,18,Male,Jaipur,B.Tech,7.0,90,13,75,70,4,Yes,0,Yes
10847,Isha,20,Female,Pune,B.Tech,7.3,89,14,68,64,2,No,0,Yes
10848,Kabir,23,Male,Solan,M.Tech,5.4,82,10,60,55,3,No,0,No
10849,Anika,25,Female,Pune,MCA,6.2,81,14,57,59,2,No,0,Yes
10850,Arjun,21,Male,Jaipur,B.Tech,6.3,87,12,66,68,2,No,0,No
10851,Priya,21,Female,Chandigarh,B.Tech,7.9,88,14,78,70,4,Yes,0,Yes
10852,Kavya,22,Female,Chandigarh,M.Tech,5.8,82,8,66,60,3,No,1,No
10853,Aditya,18,Male,Mumbai,B.Tech,5.7,88,11,64,49,3,No,1,No
10854,Anushka,22,Female,Shimla,B.Tech,5.0,81,10,56,50,3,No,2,No
10855,Kavya,18,Female,Chennai,B.Tech,5.1,78,8,57,52,2,No,1,No
10856,Rohan,25,Male,Shimla,M.Tech,4.5,77,6,51,47,2,No,3,No
10857,Kabir,21,Male,Gurugram,B.Sc,5.4,83,11,58,59,2,No,0,Yes
10858,Anushka,21,Female,Noida,B.Tech,8.9,93,15,80,78,5,Yes,0,Yes
10859,Reyansh,22,Male,Shimla,B.Tech,7.5,89,14,74,75,4,No,0,Yes
10860,Vansh,21,Male,Mumbai,M.Tech,8.4,93,15,85,81,4,No,0,No
10861,Anika,20,Female,Pune,BCA,5.1,85,10,65,55,2,No,0,Yes
10862,Priya,20,Female,Hyderabad,BCA,3.6,70,5,45,40,2,No,1,No
10863,Riya,19,Female,Chandigarh,B.Tech,7.0,87,12,67,65,3,Yes,0,No
10864,Riya,19,Female,Ahmedabad,B.Sc,9.3,94,15,81,82,5,Yes,0,Yes
10865,Diya,18,Female,Hyderabad,B.Tech,5.8,79,11,55,51,2,No,2,No
10866,Vivaan,21,Male,Delhi,B.Sc,6.7,82,13,69,63,4,No,1,No
10867,Aditya,18,Male,Mumbai,B.Tech,4.1,79,9,47,46,2,No,4,Yes
10868,Krishna,22,Male,Solan,B.Tech,6.5,80,14,55,59,1,No,1,No
10869,Sanya,20,Female,Kolkata,BCA,6.3,78,11,66,59,3,Yes,1,No
10870,Reyansh,22,Male,Shimla,MCA,3.4,70,6,48,40,2,No,2,No
10871,Dhruv,18,Male,Bangalore,BCA,4.9,72,11,49,48,1,Yes,2,No
10872,Arjun,18,Male,Chandigarh,B.Tech,4.8,74,10,55,52,3,No,4,No
10873,Ayaan,22,Male,Kolkata,BCA,4.1,71,9,44,41,2,No,4,No
10874,Rahul,21,Male,Mumbai,B.Sc,5.4,79,13,58,57,1,No,1,No
10875,Sanya,21,Female,Jaipur,B.Sc,7.3,90,12,74,70,3,Yes,0,Yes
10876,Rohan,20,Male,Chennai,BCA,5.6,78,11,62,61,2,No,1,No
10877,Krishna,19,Male,Gurugram,B.Tech,8.2,91,14,79,84,4,Yes,0,Yes
10878,Krishna,21,Male,Gurugram,BCA,6.0,83,13,56,55,2,No,0,No
10879,Neha,21,Female,Chandigarh,B.Tech,7.0,78,11,67,66,2,Yes,0,No
10880,Neha,24,Female,Jaipur,M.Tech,7.2,84,14,78,69,3,No,0,No
10881,Aditya,18,Male,Chandigarh,BCA,8.8,90,15,82,79,5,Yes,0,Yes
10882,Aadhya,21,Female,Chennai,BCA,5.4,80,11,53,51,3,No,1,No
10883,Krishna,22,Male,Ahmedabad,B.Tech,7.2,87,15,68,68,2,No,0,No
10884,Meera,20,Female,Ahmedabad,B.Tech,5.1,79,8,55,50,1,No,3,No
10885,Vivaan,21,Male,Shimla,BCA,9.1,89,14,72,77,4,No,0,No
10886,Sanya,19,Female,Jaipur,B.Tech,4.9,75,8,55,49,1,No,2,No
10887,Riya,21,Female,Hyderabad,MCA,7.1,80,12,66,67,4,Yes,0,No
10888,Sanya,22,Female,Shimla,BCA,8.8,91,14,79,79,4,No,0,Yes
10889,Rohan,20,Male,Chennai,B.Tech,4.7,75,5,53,49,3,No,3,No
10890,Vansh,18,Male,Kolkata,B.Tech,7.4,87,15,69,66,3,Yes,0,Yes
10891,Riya,22,Female,Kolkata,B.Sc,5.0,80,11,60,53,2,No,2,No
10892,Aarav,18,Male,Bangalore,B.Tech,10.0,94,17,88,87,4,Yes,0,Yes
10893,Meera,20,Female,Delhi,BCA,3.7,74,6,46,43,2,No,1,No
10894,Ananya,20,Female,Kolkata,BCA,4.2,74,9,52,42,3,No,3,No
10895,Tara,21,Female,Kolkata,B.Tech,4.8,73,10,55,48,2,No,4,No
10896,Vivaan,19,Male,Gurugram,B.Sc,4.9,75,11,51,51,3,No,3,No
10897,Neha,21,Female,Noida,B.Sc,7.3,79,14,67,66,3,No,0,Yes
10898,Kavya,21,Female,Pune,M.Tech,9.2,91,15,82,85,4,No,0,Yes
10899,Anushka,21,Female,Kolkata,BCA,8.2,87,16,73,75,4,No,0,Yes
10900,Krishna,20,Male,Jaipur,BCA,6.9,81,11,61,64,5,No,0,No
10901,Vivaan,20,Male,Kolkata,B.Tech,6.5,85,12,64,62,4,No,0,Yes
10902,Arjun,20,Male,Kolkata,BCA,5.6,81,12,65,57,2,No,2,No
10903,Krishna,21,Male,Pune,B.Tech,7.1,87,11,68,66,3,No,1,No
10904,Neha,22,Female,Bangalore,B.Sc,6.2,84,11,68,59,3,Yes,0,Yes
10905,Simran,21,Female,Mumbai,B.Tech,6.8,84,10,67,64,3,Yes,0,Yes
10906,Vivaan,21,Male,Noida,BCA,5.4,79,8,59,53,1,No,3,No
10907,Riya,21,Female,Pune,B.Tech,4.7,79,8,50,41,2,No,1,No
10908,Rahul,21,Male,Delhi,B.Sc,6.5,85,14,71,67,3,Yes,0,Yes
10909,Krishna,20,Male,Bangalore,BCA,6.5,86,12,75,69,4,No,0,No
10910,Rohan,19,Male,Bangalore,BCA,5.6,79,14,57,58,2,Yes,0,Yes
10911,Arjun,24,Male,Ahmedabad,M.Tech,5.4,76,11,63,53,2,No,1,No
10912,Sanya,21,Female,Pune,B.Sc,7.3,86,15,66,68,4,No,0,No
10913,Aarav,19,Male,Mumbai,B.Tech,7.2,83,11,69,60,3,Yes,0,Yes
10914,Kavya,21,Female,Gurugram,BCA,9.3,95,17,80,80,4,No,0,No
10915,Vansh,19,Male,Gurugram,BCA,8.6,91,14,81,85,4,No,0,No
10916,Ananya,20,Female,Noida,B.Sc,4.7,77,8,53,48,2,No,2,No
10917,Rohan,25,Male,Ahmedabad,MCA,6.2,81,10,63,57,3,Yes,1,Yes
10918,Vivaan,21,Male,Shimla,B.Tech,4.5,79,8,59,51,2,No,4,No
10919,Aarav,25,Male,Mumbai,MCA,3.7,76,8,54,48,1,No,1,No
10920,Vansh,21,Male,Gurugram,B.Tech,9.8,93,17,86,85,4,Yes,0,Yes
10921,Rohan,18,Male,Shimla,B.Sc,8.7,87,17,83,81,5,Yes,0,Yes
10922,Neha,18,Female,Chandigarh,B.Tech,5.6,80,8,65,60,3,No,1,No
10923,Meera,20,Female,Mumbai,B.Tech,8.4,93,16,84,81,5,Yes,0,Yes
10924,Anushka,25,Female,Mumbai,MCA,8.6,86,15,78,80,3,Yes,0,Yes
10925,Anushka,22,Female,Chandigarh,BCA,3.6,74,7,49,48,2,No,3,No
10926,Vivaan,22,Male,Hyderabad,M.Tech,7.8,85,15,72,71,4,No,0,Yes
10927,Rahul,19,Male,Ahmedabad,B.Tech,5.8,77,8,69,63,3,Yes,1,No
10928,Isha,21,Female,Shimla,BCA,7.1,88,15,72,64,4,Yes,0,No
10929,Riya,19,Female,Pune,B.Sc,10.0,97,18,88,91,4,No,0,Yes
10930,Diya,19,Female,Shimla,B.Tech,8.9,91,19,83,85,4,Yes,0,Yes
10931,Tara,22,Female,Chennai,B.Tech,6.3,84,11,66,64,2,No,1,No
10932,Dhruv,18,Male,Pune,B.Tech,8.6,92,17,88,79,5,No,0,Yes
10933,Kabir,25,Male,Shimla,M.Tech,3.6,68,7,45,40,2,No,1,No
10934,Vivaan,19,Male,Chandigarh,B.Sc,7.3,86,14,74,70,3,No,0,Yes
10935,Vivaan,21,Male,Jaipur,BCA,7.3,90,13,72,66,2,No,0,No
10936,Vivaan,18,Male,Chandigarh,B.Tech,7.6,88,13,66,73,4,Yes,0,Yes
10937,Kabir,19,Male,Chennai,B.Tech,5.7,72,10,57,55,3,No,0,Yes
10938,Aadhya,19,Female,Jaipur,BCA,7.1,82,13,72,71,3,Yes,0,Yes
10939,Priya,24,Female,Mumbai,M.Tech,7.8,90,15,76,76,4,No,0,Yes
10940,Ananya,21,Female,Noida,B.Sc,3.0,69,6,40,40,2,No,2,No
10941,Isha,19,Female,Gurugram,BCA,6.0,84,12,70,59,3,Yes,2,No
10942,Ayaan,19,Male,Chandigarh,BCA,5.1,84,7,54,53,3,Yes,2,No
10943,Arjun,25,Male,Shimla,M.Tech,7.5,86,15,69,74,4,Yes,0,Yes
10944,Anushka,20,Female,Chandigarh,BCA,8.6,88,14,74,73,2,Yes,0,Yes
10945,Ayaan,24,Male,Bangalore,M.Tech,5.6,77,8,55,51,3,No,2,No
10946,Dhruv,21,Male,Kolkata,B.Tech,4.9,79,12,56,53,1,No,4,No
10947,Dhruv,22,Male,Hyderabad,B.Sc,6.7,82,14,69,68,3,Yes,0,No
10948,Rohan,18,Male,Jaipur,B.Sc,4.8,76,9,52,51,3,Yes,4,Yes
10949,Reyansh,18,Male,Shimla,B.Sc,6.2,78,13,64,60,1,Yes,1,No
10950,Reyansh,18,Male,Mumbai,BCA,6.0,80,10,65,60,3,No,1,No
10951,Dhruv,21,Male,Hyderabad,B.Tech,7.4,84,13,69,59,3,Yes,1,No
10952,Anushka,20,Female,Delhi,B.Tech,7.0,79,12,61,61,3,No,1,No
10953,Reyansh,23,Male,Chennai,M.Tech,6.7,81,11,72,65,4,Yes,0,No
10954,Aditya,22,Male,Shimla,B.Tech,9.0,94,16,80,73,5,Yes,0,Yes
10955,Kabir,21,Male,Solan,M.Tech,6.9,88,11,61,66,4,No,0,No
10956,Aarav,18,Male,Mumbai,B.Sc,5.9,80,6,60,57,3,No,1,No
10957,Meera,19,Female,Gurugram,BCA,6.1,81,11,65,55,2,No,2,No
10958,Anika,25,Female,Noida,M.Tech,5.4,80,8,62,57,4,Yes,0,No
10959,Sanya,22,Female,Noida,B.Sc,5.0,83,9,54,55,2,No,0,No
10960,Kabir,21,Male,Chandigarh,BCA,4.4,72,8,43,45,1,Yes,2,No
10961,Kavya,21,Female,Noida,B.Tech,8.2,85,16,76,77,3,Yes,0,Yes
10962,Kavya,25,Female,Shimla,MCA,5.4,79,10,61,52,1,No,3,No
10963,Arjun,20,Male,Chandigarh,B.Sc,7.0,86,11,74,67,2,No,0,Yes
10964,Anika,22,Female,Jaipur,B.Sc,6.1,81,9,67,59,4,Yes,0,Yes
10965,Vivaan,20,Male,Gurugram,B.Sc,6.5,79,10,65,62,3,No,0,Yes
10966,Simran,21,Female,Noida,B.Tech,8.2,91,13,74,75,4,No,0,Yes
10967,Anushka,25,Female,Chennai,MCA,6.8,83,11,65,64,1,No,0,No
10968,Ayaan,20,Male,Ahmedabad,B.Tech,5.1,80,11,57,49,3,No,3,Yes
10969,Riya,19,Female,Mumbai,B.Tech,5.7,85,11,59,55,3,Yes,1,No
10970,Arjun,19,Male,Kolkata,B.Tech,7.8,83,11,77,77,2,Yes,0,Yes
10971,Rahul,22,Male,Chennai,B.Tech,7.2,80,12,72,70,2,Yes,0,Yes
10972,Neha,18,Female,Bangalore,BCA,7.9,89,14,70,71,4,No,0,Yes
10973,Aadhya,22,Female,Delhi,B.Tech,6.1,75,9,59,54,2,No,4,Yes
10974,Arjun,21,Male,Jaipur,B.Tech,4.4,74,8,60,52,3,No,3,No
10975,Arjun,21,Male,Hyderabad,B.Tech,7.3,84,12,75,67,3,No,0,No
10976,Shaurya,19,Male,Bangalore,B.Sc,6.9,85,12,69,63,3,No,2,No
10977,Dhruv,20,Male,Shimla,BCA,6.9,82,12,72,63,3,No,2,No
10978,Anika,19,Female,Bangalore,BCA,4.4,77,8,59,56,1,No,2,No
10979,Kavya,20,Female,Mumbai,B.Sc,5.5,76,12,58,59,3,No,0,Yes
10980,Anika,22,Female,Delhi,BCA,5.1,74,11,50,45,1,No,2,No
10981,Kabir,18,Male,Ahmedabad,B.Tech,7.1,85,11,73,66,2,No,0,No
10982,Sanya,24,Female,Bangalore,M.Tech,7.2,86,17,74,69,2,Yes,0,Yes
10983,Dhruv,22,Male,Jaipur,B.Tech,6.4,83,13,61,63,2,No,0,No
10984,Aadhya,19,Female,Noida,B.Tech,8.0,92,13,78,77,4,Yes,0,Yes
10985,Anushka,22,Female,Solan,B.Sc,8.7,94,14,78,81,3,Yes,0,Yes
10986,Diya,18,Female,Jaipur,B.Sc,7.0,86,13,63,67,4,No,0,No
10987,Reyansh,23,Male,Chandigarh,MCA,7.5,89,15,74,72,4,Yes,0,Yes
10988,Kabir,18,Male,Noida,B.Tech,5.7,81,13,67,61,3,No,1,No
10989,Rohan,19,Male,Bangalore,B.Sc,5.4,82,10,61,60,4,No,0,No
10990,Kavya,18,Female,Delhi,B.Sc,8.0,89,13,76,77,4,Yes,0,No
10991,Vivaan,21,Male,Noida,B.Tech,5.2,77,9,51,52,3,No,2,No
10992,Aarav,18,Male,Chandigarh,B.Tech,7.5,84,14,74,72,3,No,0,Yes
10993,Reyansh,22,Male,Shimla,B.Sc,9.1,95,14,81,84,2,Yes,0,Yes
10994,Isha,20,Female,Solan,B.Tech,7.5,86,16,69,67,4,Yes,0,Yes
10995,Krishna,21,Male,Chandigarh,B.Tech,6.4,88,11,71,63,2,No,2,No
10996,Riya,21,Female,Jaipur,B.Tech,4.5,72,10,46,42,1,No,1,No
10997,Sanya,21,Female,Solan,B.Tech,6.7,87,14,67,70,2,No,0,No
10998,Meera,19,Female,Pune,B.Tech,8.0,87,19,70,67,4,No,0,Yes
10999,Rohan,19,Male,Solan,B.Tech,6.2,83,11,63,62,4,No,1,No
11000,Dhruv,22,Male,Gurugram,B.Tech,8.0,84,14,65,73,4,No,0,Yes
